رقم القيد الأصلي (قيود),التاريخ,البيان,رقم الحساب القديم,اسم الحساب,مدين,دائن,ملاحظة السطر
1,2023-12-31,قيد يدوي رقم 1 - أنشئ بواسطة محاسب ارمي,110201,حساب البنك الاهلي 12300001016808,231527.6,,
1,2023-12-31,قيد يدوي رقم 1 - أنشئ بواسطة محاسب ارمي,1204,مشروعات تحت التنفيذ,1488766.64,,
1,2023-12-31,قيد يدوي رقم 1 - أنشئ بواسطة محاسب ارمي,3101,رأس المال المسجل,,25000.0,
1,2023-12-31,قيد يدوي رقم 1 - أنشئ بواسطة محاسب ارمي,3201,جاري الشريك بدر القرني,,1500000.0,
1,2023-12-31,قيد يدوي رقم 1 - أنشئ بواسطة محاسب ارمي,3202,جاري الشريك سالم بالحارث,,195294.24,
2,2024-01-02,قيد يدوي رقم 2 - أنشئ بواسطة محاسب ارمي,1204,مشروعات تحت التنفيذ,575.0,,
2,2024-01-02,قيد يدوي رقم 2 - أنشئ بواسطة محاسب ارمي,1107,شركة يسم للتجارة,,575.0,
78,2024-01-03,قيد يدوي رقم 78 - أنشئ بواسطة محاسب ارمي,1204,مشروعات تحت التنفيذ,17400.0,,
78,2024-01-03,قيد يدوي رقم 78 - أنشئ بواسطة محاسب ارمي,110102,عهدة سالم,,17400.0,
79,2024-01-03,قيد يدوي رقم 79 - أنشئ بواسطة محاسب ارمي,1204,مشروعات تحت التنفيذ,107383.63,,
79,2024-01-03,قيد يدوي رقم 79 - أنشئ بواسطة محاسب ارمي,110102,عهدة سالم,,107383.63,
76,2024-01-05,قيد يدوي رقم 76 - أنشئ بواسطة محاسب ارمي,1204,مشروعات تحت التنفيذ,438.73,,
76,2024-01-05,قيد يدوي رقم 76 - أنشئ بواسطة محاسب ارمي,110102,عهدة سالم,,438.73,
77,2024-01-05,قيد يدوي رقم 77 - أنشئ بواسطة محاسب ارمي,1204,مشروعات تحت التنفيذ,172.5,,
77,2024-01-05,قيد يدوي رقم 77 - أنشئ بواسطة محاسب ارمي,110102,عهدة سالم,,172.5,
94,2024-01-17,قيد يدوي رقم 94 - أنشئ بواسطة محاسب ارمي,1205,مصاريف التاسيس,28000.0,,
94,2024-01-17,قيد يدوي رقم 94 - أنشئ بواسطة محاسب ارمي,110102,عهدة سالم,,28000.0,
54,2024-01-20,قيد يدوي رقم 54 - أنشئ بواسطة محاسب ارمي,1204,مشروعات تحت التنفيذ,13460.0,,
54,2024-01-20,قيد يدوي رقم 54 - أنشئ بواسطة محاسب ارمي,110102,عهدة سالم,,13460.0,
55,2024-01-20,قيد يدوي رقم 55 - أنشئ بواسطة محاسب ارمي,1204,مشروعات تحت التنفيذ,1553.5,,
55,2024-01-20,قيد يدوي رقم 55 - أنشئ بواسطة محاسب ارمي,110102,عهدة سالم,,1553.5,
57,2024-01-20,قيد يدوي رقم 57 - أنشئ بواسطة محاسب ارمي,1204,مشروعات تحت التنفيذ,700.0,,
57,2024-01-20,قيد يدوي رقم 57 - أنشئ بواسطة محاسب ارمي,110102,عهدة سالم,,700.0,
58,2024-01-20,قيد يدوي رقم 58 - أنشئ بواسطة محاسب ارمي,1204,مشروعات تحت التنفيذ,2710.84,,
58,2024-01-20,قيد يدوي رقم 58 - أنشئ بواسطة محاسب ارمي,110102,عهدة سالم,,2710.84,
75,2024-01-20,قيد يدوي رقم 75 - أنشئ بواسطة محاسب ارمي,1204,مشروعات تحت التنفيذ,6028.31,,
75,2024-01-20,قيد يدوي رقم 75 - أنشئ بواسطة محاسب ارمي,110102,عهدة سالم,,495.65,
75,2024-01-20,قيد يدوي رقم 75 - أنشئ بواسطة محاسب ارمي,110102,عهدة سالم,,5532.66,
6,2024-01-30,قيد يدوي رقم 6 - أنشئ بواسطة محاسب ارمي,110102,عهدة سالم,100000.0,,
6,2024-01-30,قيد يدوي رقم 6 - أنشئ بواسطة محاسب ارمي,110102,عهدة سالم,100000.0,,
6,2024-01-30,قيد يدوي رقم 6 - أنشئ بواسطة محاسب ارمي,110102,عهدة سالم,31500.0,,
6,2024-01-30,قيد يدوي رقم 6 - أنشئ بواسطة محاسب ارمي,110201,حساب البنك الاهلي 12300001016808,,100000.0,
6,2024-01-30,قيد يدوي رقم 6 - أنشئ بواسطة محاسب ارمي,110201,حساب البنك الاهلي 12300001016808,,100000.0,
6,2024-01-30,قيد يدوي رقم 6 - أنشئ بواسطة محاسب ارمي,110201,حساب البنك الاهلي 12300001016808,,31500.0,
7,2024-02-19,قيد يدوي رقم 7 - أنشئ بواسطة محاسب ارمي,110102,عهدة سالم,200000.0,,
7,2024-02-19,قيد يدوي رقم 7 - أنشئ بواسطة محاسب ارمي,110201,حساب البنك الاهلي 12300001016808,,200000.0,
13,2024-02-19,قيد يدوي رقم 13 - أنشئ بواسطة محاسب ارمي,110201,حساب البنك الاهلي 12300001016808,200000.0,,
13,2024-02-19,قيد يدوي رقم 13 - أنشئ بواسطة محاسب ارمي,3201,جاري الشريك بدر القرني,,200000.0,
3,2024-02-24,قيد يدوي رقم 3 - أنشئ بواسطة محاسب ارمي,1107,شركة يسم للتجارة,14000.0,,
3,2024-02-24,قيد يدوي رقم 3 - أنشئ بواسطة محاسب ارمي,110102,عهدة سالم,,14000.0,
74,2024-03-14,قيد يدوي رقم 74 - أنشئ بواسطة محاسب ارمي,1204,مشروعات تحت التنفيذ,172.5,,
74,2024-03-14,قيد يدوي رقم 74 - أنشئ بواسطة محاسب ارمي,110102,عهدة سالم,,172.5,
4,2024-03-30,قيد يدوي رقم 4 - أنشئ بواسطة محاسب ارمي,1204,مشروعات تحت التنفيذ,30000.0,,
4,2024-03-30,قيد يدوي رقم 4 - أنشئ بواسطة محاسب ارمي,1107,شركة يسم للتجارة,,30000.0,
14,2024-04-04,قيد يدوي رقم 14 - أنشئ بواسطة محاسب ارمي,110201,حساب البنك الاهلي 12300001016808,500000.0,,
14,2024-04-04,قيد يدوي رقم 14 - أنشئ بواسطة محاسب ارمي,3201,جاري الشريك بدر القرني,,500000.0,
5,2024-04-21,قيد يدوي رقم 5 - أنشئ بواسطة محاسب ارمي,1205,مصاريف التاسيس,86.25,,
5,2024-04-21,قيد يدوي رقم 5 - أنشئ بواسطة محاسب ارمي,110201,حساب البنك الاهلي 12300001016808,,11.25,
5,2024-04-21,قيد يدوي رقم 5 - أنشئ بواسطة محاسب ارمي,110201,حساب البنك الاهلي 12300001016808,,75.0,
8,2024-04-21,قيد يدوي رقم 8 - أنشئ بواسطة محاسب ارمي,110102,عهدة سالم,140000.0,,
8,2024-04-21,قيد يدوي رقم 8 - أنشئ بواسطة محاسب ارمي,110201,حساب البنك الاهلي 12300001016808,,140000.0,
69,2024-05-01,قيد يدوي رقم 69 - أنشئ بواسطة محاسب ارمي,1204,مشروعات تحت التنفيذ,35096.37,,
69,2024-05-01,قيد يدوي رقم 69 - أنشئ بواسطة محاسب ارمي,110102,عهدة سالم,,35096.37,
20,2024-05-02,قيد يدوي رقم 20 - أنشئ بواسطة محاسب ارمي,110102,عهدة سالم,165000.0,,
20,2024-05-02,قيد يدوي رقم 20 - أنشئ بواسطة محاسب ارمي,1107,شركة يسم للتجارة,,165000.0,
15,2024-05-20,قيد يدوي رقم 15 - أنشئ بواسطة محاسب ارمي,110201,حساب البنك الاهلي 12300001016808,150000.0,,
15,2024-05-20,قيد يدوي رقم 15 - أنشئ بواسطة محاسب ارمي,3201,جاري الشريك بدر القرني,,150000.0,
9,2024-05-21,قيد يدوي رقم 9 - أنشئ بواسطة محاسب ارمي,110102,عهدة سالم,150000.0,,
9,2024-05-21,قيد يدوي رقم 9 - أنشئ بواسطة محاسب ارمي,110201,حساب البنك الاهلي 12300001016808,,150000.0,
71,2024-05-21,قيد يدوي رقم 71 - أنشئ بواسطة محاسب ارمي,1204,مشروعات تحت التنفيذ,1600.0,,
71,2024-05-21,قيد يدوي رقم 71 - أنشئ بواسطة محاسب ارمي,110102,عهدة سالم,,1600.0,
67,2024-06-01,قيد يدوي رقم 67 - أنشئ بواسطة محاسب ارمي,1204,مشروعات تحت التنفيذ,1234.0,,
67,2024-06-01,قيد يدوي رقم 67 - أنشئ بواسطة محاسب ارمي,110102,عهدة سالم,,1234.0,
66,2024-06-05,قيد يدوي رقم 66 - أنشئ بواسطة محاسب ارمي,1204,مشروعات تحت التنفيذ,3900.0,,
66,2024-06-05,قيد يدوي رقم 66 - أنشئ بواسطة محاسب ارمي,110102,عهدة سالم,,3900.0,
68,2024-06-05,قيد يدوي رقم 68 - أنشئ بواسطة محاسب ارمي,1204,مشروعات تحت التنفيذ,12050.0,,
68,2024-06-05,قيد يدوي رقم 68 - أنشئ بواسطة محاسب ارمي,110102,عهدة سالم,,3900.0,
68,2024-06-05,قيد يدوي رقم 68 - أنشئ بواسطة محاسب ارمي,110102,عهدة سالم,,2000.0,
68,2024-06-05,قيد يدوي رقم 68 - أنشئ بواسطة محاسب ارمي,110102,عهدة سالم,,2000.0,
68,2024-06-05,قيد يدوي رقم 68 - أنشئ بواسطة محاسب ارمي,110102,عهدة سالم,,150.0,
68,2024-06-05,قيد يدوي رقم 68 - أنشئ بواسطة محاسب ارمي,110102,عهدة سالم,,3000.0,
68,2024-06-05,قيد يدوي رقم 68 - أنشئ بواسطة محاسب ارمي,110102,عهدة سالم,,1000.0,كاش
10,2024-06-12,قيد يدوي رقم 10 - أنشئ بواسطة محاسب ارمي,110102,عهدة سالم,100000.0,,
10,2024-06-12,قيد يدوي رقم 10 - أنشئ بواسطة محاسب ارمي,110201,حساب البنك الاهلي 12300001016808,,100000.0,
16,2024-06-12,قيد يدوي رقم 16 - أنشئ بواسطة محاسب ارمي,110201,حساب البنك الاهلي 12300001016808,100000.0,,
16,2024-06-12,قيد يدوي رقم 16 - أنشئ بواسطة محاسب ارمي,3201,جاري الشريك بدر القرني,,100000.0,
19,2024-06-20,قيد يدوي رقم 19 - أنشئ بواسطة محاسب ارمي,120103,المعدات,782970.87,,
19,2024-06-20,قيد يدوي رقم 19 - أنشئ بواسطة محاسب ارمي,1107,شركة يسم للتجارة,,61000.0,حوالة من يسم 
19,2024-06-20,قيد يدوي رقم 19 - أنشئ بواسطة محاسب ارمي,110201,حساب البنك الاهلي 12300001016808,,358037.68,حوالة من الاهلي 
19,2024-06-20,قيد يدوي رقم 19 - أنشئ بواسطة محاسب ارمي,1204,مشروعات تحت التنفيذ,,345495.0,تم تحويلها 2023
19,2024-06-20,قيد يدوي رقم 19 - أنشئ بواسطة محاسب ارمي,110102,عهدة سالم,,2823.0,فحص جمركي 
19,2024-06-20,قيد يدوي رقم 19 - أنشئ بواسطة محاسب ارمي,110102,عهدة سالم,,15615.19,رسو بيان جمركي 
65,2024-06-25,قيد يدوي رقم 65 - أنشئ بواسطة محاسب ارمي,1204,مشروعات تحت التنفيذ,271.0,,
65,2024-06-25,قيد يدوي رقم 65 - أنشئ بواسطة محاسب ارمي,110102,عهدة سالم,,271.0,
73,2024-06-27,قيد يدوي رقم 73 - أنشئ بواسطة محاسب ارمي,1204,مشروعات تحت التنفيذ,114000.0,,اعمال الدفاع المدني  اعمال جمال 
73,2024-06-27,قيد يدوي رقم 73 - أنشئ بواسطة محاسب ارمي,1204,مشروعات تحت التنفيذ,2000.0,,اعمال المعجون للمصنع 
73,2024-06-27,قيد يدوي رقم 73 - أنشئ بواسطة محاسب ارمي,1204,مشروعات تحت التنفيذ,10000.0,,اعمال مقاولات عبده 
73,2024-06-27,قيد يدوي رقم 73 - أنشئ بواسطة محاسب ارمي,110102,عهدة سالم,,2000.0,اعمال المعجون للمصنع 
73,2024-06-27,قيد يدوي رقم 73 - أنشئ بواسطة محاسب ارمي,110102,عهدة سالم,,30000.0,اعمال الدفاع المدني  اعمال جمال 
73,2024-06-27,قيد يدوي رقم 73 - أنشئ بواسطة محاسب ارمي,110102,عهدة سالم,,30000.0,اعمال الدفاع المدني  اعمال جمال 
73,2024-06-27,قيد يدوي رقم 73 - أنشئ بواسطة محاسب ارمي,110102,عهدة سالم,,24000.0,اعمال الدفاع المدني  اعمال جمال 
73,2024-06-27,قيد يدوي رقم 73 - أنشئ بواسطة محاسب ارمي,110102,عهدة سالم,,30000.0,اعمال الدفاع المدني  اعمال جمال 
73,2024-06-27,قيد يدوي رقم 73 - أنشئ بواسطة محاسب ارمي,110102,عهدة سالم,,10000.0,اعمال مقاولات عبده 
143,2024-08-01,قيد يدوي رقم 143 - أنشئ بواسطة محاسب ارمي,1205,مصاريف التاسيس,24000.0,,رواتب احمد المصري 8 شهور 
143,2024-08-01,قيد يدوي رقم 143 - أنشئ بواسطة محاسب ارمي,1204,مشروعات تحت التنفيذ,62950.0,,دغعات للمقاولين ويوميات عمالة 
143,2024-08-01,قيد يدوي رقم 143 - أنشئ بواسطة محاسب ارمي,110102,عهدة سالم,,86950.0,
40,2024-08-07,قيد يدوي رقم 40 - أنشئ بواسطة محاسب ارمي,1204,مشروعات تحت التنفيذ,4150.0,,
40,2024-08-07,قيد يدوي رقم 40 - أنشئ بواسطة محاسب ارمي,110102,عهدة سالم,,4150.0,
39,2024-08-08,قيد يدوي رقم 39 - أنشئ بواسطة محاسب ارمي,1205,مصاريف التاسيس,1571.78,,
39,2024-08-08,قيد يدوي رقم 39 - أنشئ بواسطة محاسب ارمي,110102,عهدة سالم,,1571.78,
70,2024-08-14,قيد يدوي رقم 70 - أنشئ بواسطة محاسب ارمي,1204,مشروعات تحت التنفيذ,2000.0,,
70,2024-08-14,قيد يدوي رقم 70 - أنشئ بواسطة محاسب ارمي,110102,عهدة سالم,,2000.0,
83,2024-08-14,قيد يدوي رقم 83 - أنشئ بواسطة محاسب ارمي,1204,مشروعات تحت التنفيذ,31000.0,,اعمال الدفاع المدني  اعمال جمال  واكمال الباقي 
83,2024-08-14,قيد يدوي رقم 83 - أنشئ بواسطة محاسب ارمي,110102,عهدة سالم,,31000.0,اعمال الدفاع المدني  اعمال جمال  واكمال الباقي 
84,2024-08-14,قيد يدوي رقم 84 - أنشئ بواسطة محاسب ارمي,1204,مشروعات تحت التنفيذ,9500.0,,
84,2024-08-14,قيد يدوي رقم 84 - أنشئ بواسطة محاسب ارمي,110102,عهدة سالم,,9500.0,
85,2024-08-14,قيد يدوي رقم 85 - أنشئ بواسطة محاسب ارمي,1204,مشروعات تحت التنفيذ,40000.0,,
85,2024-08-14,قيد يدوي رقم 85 - أنشئ بواسطة محاسب ارمي,110102,عهدة سالم,,40000.0,
86,2024-08-14,قيد يدوي رقم 86 - أنشئ بواسطة محاسب ارمي,1204,مشروعات تحت التنفيذ,35000.0,,
86,2024-08-14,قيد يدوي رقم 86 - أنشئ بواسطة محاسب ارمي,110102,عهدة سالم,,35000.0,
87,2024-08-14,قيد يدوي رقم 87 - أنشئ بواسطة محاسب ارمي,1204,مشروعات تحت التنفيذ,12000.0,,
87,2024-08-14,قيد يدوي رقم 87 - أنشئ بواسطة محاسب ارمي,110102,عهدة سالم,,12000.0,
88,2024-08-14,قيد يدوي رقم 88 - أنشئ بواسطة محاسب ارمي,1204,مشروعات تحت التنفيذ,30000.0,,عدد 1 خزان بيارة + 2 خزان لاعمال الدفاع المدني 
88,2024-08-14,قيد يدوي رقم 88 - أنشئ بواسطة محاسب ارمي,110102,عهدة سالم,,30000.0,عدد 1 خزان بيارة + 2 خزان لاعمال الدفاع المدني 
89,2024-08-14,قيد يدوي رقم 89 - أنشئ بواسطة محاسب ارمي,1204,مشروعات تحت التنفيذ,7000.0,,
89,2024-08-14,قيد يدوي رقم 89 - أنشئ بواسطة محاسب ارمي,110102,عهدة سالم,,7000.0,
64,2024-08-15,قيد يدوي رقم 64 - أنشئ بواسطة محاسب ارمي,1204,مشروعات تحت التنفيذ,3000.0,,
64,2024-08-15,قيد يدوي رقم 64 - أنشئ بواسطة محاسب ارمي,110102,عهدة سالم,,3000.0,
21,2024-08-16,قيد يدوي رقم 21 - أنشئ بواسطة محاسب ارمي,1205,مصاريف التاسيس,2500.0,,
21,2024-08-16,قيد يدوي رقم 21 - أنشئ بواسطة محاسب ارمي,1107,شركة يسم للتجارة,,2500.0,
22,2024-08-20,قيد يدوي رقم 22 - أنشئ بواسطة محاسب ارمي,110102,عهدة سالم,50000.0,,
22,2024-08-20,قيد يدوي رقم 22 - أنشئ بواسطة محاسب ارمي,1107,شركة يسم للتجارة,,50000.0,
72,2024-08-20,قيد يدوي رقم 72 - أنشئ بواسطة محاسب ارمي,1204,مشروعات تحت التنفيذ,25000.0,,
72,2024-08-20,قيد يدوي رقم 72 - أنشئ بواسطة محاسب ارمي,110102,عهدة سالم,,25000.0,
80,2024-08-20,قيد يدوي رقم 80 - أنشئ بواسطة محاسب ارمي,1204,مشروعات تحت التنفيذ,73000.0,,
80,2024-08-20,قيد يدوي رقم 80 - أنشئ بواسطة محاسب ارمي,110102,عهدة سالم,,73000.0,
81,2024-08-20,قيد يدوي رقم 81 - أنشئ بواسطة محاسب ارمي,1204,مشروعات تحت التنفيذ,41000.0,,
81,2024-08-20,قيد يدوي رقم 81 - أنشئ بواسطة محاسب ارمي,110102,عهدة سالم,,41000.0,
82,2024-08-20,قيد يدوي رقم 82 - أنشئ بواسطة محاسب ارمي,1204,مشروعات تحت التنفيذ,60000.0,,
82,2024-08-20,قيد يدوي رقم 82 - أنشئ بواسطة محاسب ارمي,110102,عهدة سالم,,60000.0,
90,2024-08-20,قيد يدوي رقم 90 - أنشئ بواسطة محاسب ارمي,1204,مشروعات تحت التنفيذ,42000.0,,
90,2024-08-20,قيد يدوي رقم 90 - أنشئ بواسطة محاسب ارمي,110102,عهدة سالم,,42000.0,
91,2024-08-20,قيد يدوي رقم 91 - أنشئ بواسطة محاسب ارمي,1204,مشروعات تحت التنفيذ,81000.0,,
91,2024-08-20,قيد يدوي رقم 91 - أنشئ بواسطة محاسب ارمي,110102,عهدة سالم,,81000.0,
92,2024-08-20,قيد يدوي رقم 92 - أنشئ بواسطة محاسب ارمي,1204,مشروعات تحت التنفيذ,20000.0,,
92,2024-08-20,قيد يدوي رقم 92 - أنشئ بواسطة محاسب ارمي,110102,عهدة سالم,,20000.0,
23,2024-08-25,قيد يدوي رقم 23 - أنشئ بواسطة محاسب ارمي,1204,مشروعات تحت التنفيذ,8000.0,,حوال رحمن اكبر 
23,2024-08-25,قيد يدوي رقم 23 - أنشئ بواسطة محاسب ارمي,110102,عهدة سالم,30000.0,,حوالة لسالم مصاريف ارمي 
23,2024-08-25,قيد يدوي رقم 23 - أنشئ بواسطة محاسب ارمي,1204,مشروعات تحت التنفيذ,8000.0,,حوالة لسالم للمقاولين
23,2024-08-25,قيد يدوي رقم 23 - أنشئ بواسطة محاسب ارمي,1204,مشروعات تحت التنفيذ,8000.0,,حوالة عرفان 
23,2024-08-25,قيد يدوي رقم 23 - أنشئ بواسطة محاسب ارمي,1204,مشروعات تحت التنفيذ,8000.0,,حوالة عرفان 
23,2024-08-25,قيد يدوي رقم 23 - أنشئ بواسطة محاسب ارمي,1204,مشروعات تحت التنفيذ,5000.0,,حوالة عبدالرشيد 
23,2024-08-25,قيد يدوي رقم 23 - أنشئ بواسطة محاسب ارمي,1107,شركة يسم للتجارة,,67000.0,حوالات لسالم ومقاولين شركة ارمي 
27,2024-08-26,قيد يدوي رقم 27 - أنشئ بواسطة محاسب ارمي,1204,مشروعات تحت التنفيذ,3400.0,,
27,2024-08-26,قيد يدوي رقم 27 - أنشئ بواسطة محاسب ارمي,1107,شركة يسم للتجارة,,3400.0,
12,2024-08-28,قيد يدوي رقم 12 - أنشئ بواسطة محاسب ارمي,110102,عهدة سالم,150000.0,,
12,2024-08-28,قيد يدوي رقم 12 - أنشئ بواسطة محاسب ارمي,110201,حساب البنك الاهلي 12300001016808,,150000.0,
62,2024-09-01,قيد يدوي رقم 62 - أنشئ بواسطة محاسب ارمي,1204,مشروعات تحت التنفيذ,1322.24,,
62,2024-09-01,قيد يدوي رقم 62 - أنشئ بواسطة محاسب ارمي,110102,عهدة سالم,,1322.24,
34,2024-09-02,قيد يدوي رقم 34 - أنشئ بواسطة محاسب ارمي,1205,مصاريف التاسيس,6309.0,,
34,2024-09-02,قيد يدوي رقم 34 - أنشئ بواسطة محاسب ارمي,2105,ضريبة القيمة المضافة المستحقة,615.0,,
34,2024-09-02,قيد يدوي رقم 34 - أنشئ بواسطة محاسب ارمي,1107,شركة يسم للتجارة,,6924.0,
41,2024-09-02,قيد يدوي رقم 41 - أنشئ بواسطة محاسب ارمي,1204,مشروعات تحت التنفيذ,4330.0,,
41,2024-09-02,قيد يدوي رقم 41 - أنشئ بواسطة محاسب ارمي,110102,عهدة سالم,,4330.0,
42,2024-09-02,قيد يدوي رقم 42 - أنشئ بواسطة محاسب ارمي,1204,مشروعات تحت التنفيذ,5880.18,,
42,2024-09-02,قيد يدوي رقم 42 - أنشئ بواسطة محاسب ارمي,110102,عهدة سالم,,5880.18,
43,2024-09-03,قيد يدوي رقم 43 - أنشئ بواسطة محاسب ارمي,1204,مشروعات تحت التنفيذ,4280.0,,
43,2024-09-03,قيد يدوي رقم 43 - أنشئ بواسطة محاسب ارمي,110102,عهدة سالم,,4280.0,
63,2024-09-04,قيد يدوي رقم 63 - أنشئ بواسطة محاسب ارمي,1204,مشروعات تحت التنفيذ,15000.0,,
63,2024-09-04,قيد يدوي رقم 63 - أنشئ بواسطة محاسب ارمي,110102,عهدة سالم,,15000.0,
31,2024-09-05,قيد يدوي رقم 31 - أنشئ بواسطة محاسب ارمي,1204,مشروعات تحت التنفيذ,5000.0,,
31,2024-09-05,قيد يدوي رقم 31 - أنشئ بواسطة محاسب ارمي,1107,شركة يسم للتجارة,,5000.0,
38,2024-09-07,قيد يدوي رقم 38 - أنشئ بواسطة محاسب ارمي,1204,مشروعات تحت التنفيذ,1161.5,,
38,2024-09-07,قيد يدوي رقم 38 - أنشئ بواسطة محاسب ارمي,110102,عهدة سالم,,1161.5,
24,2024-09-12,قيد يدوي رقم 24 - أنشئ بواسطة محاسب ارمي,1204,مشروعات تحت التنفيذ,10500.0,,
24,2024-09-12,قيد يدوي رقم 24 - أنشئ بواسطة محاسب ارمي,1107,شركة يسم للتجارة,,10500.0,
29,2024-09-12,قيد يدوي رقم 29 - أنشئ بواسطة محاسب ارمي,1204,مشروعات تحت التنفيذ,2000.0,,
29,2024-09-12,قيد يدوي رقم 29 - أنشئ بواسطة محاسب ارمي,1107,شركة يسم للتجارة,,2000.0,
30,2024-09-12,قيد يدوي رقم 30 - أنشئ بواسطة محاسب ارمي,1204,مشروعات تحت التنفيذ,15000.0,,
30,2024-09-12,قيد يدوي رقم 30 - أنشئ بواسطة محاسب ارمي,1107,شركة يسم للتجارة,,15000.0,
59,2024-09-18,قيد يدوي رقم 59 - أنشئ بواسطة محاسب ارمي,1204,مشروعات تحت التنفيذ,287.5,,
59,2024-09-18,قيد يدوي رقم 59 - أنشئ بواسطة محاسب ارمي,110102,عهدة سالم,,287.5,
93,2024-09-18,قيد يدوي رقم 93 - أنشئ بواسطة محاسب ارمي,1204,مشروعات تحت التنفيذ,1957.0,,
93,2024-09-18,قيد يدوي رقم 93 - أنشئ بواسطة محاسب ارمي,110102,عهدة سالم,,1957.0,
17,2024-09-21,قيد يدوي رقم 17 - أنشئ بواسطة محاسب ارمي,110201,حساب البنك الاهلي 12300001016808,150000.0,,
17,2024-09-21,قيد يدوي رقم 17 - أنشئ بواسطة محاسب ارمي,3201,جاري الشريك بدر القرني,,150000.0,
60,2024-09-21,قيد يدوي رقم 60 - أنشئ بواسطة محاسب ارمي,1205,مصاريف التاسيس,667.0,,
60,2024-09-21,قيد يدوي رقم 60 - أنشئ بواسطة محاسب ارمي,110102,عهدة سالم,,667.0,
61,2024-09-23,قيد يدوي رقم 61 - أنشئ بواسطة محاسب ارمي,1204,مشروعات تحت التنفيذ,691.61,,
61,2024-09-23,قيد يدوي رقم 61 - أنشئ بواسطة محاسب ارمي,110102,عهدة سالم,,691.61,
32,2024-09-24,قيد يدوي رقم 32 - أنشئ بواسطة محاسب ارمي,1204,مشروعات تحت التنفيذ,1900.0,,
32,2024-09-24,قيد يدوي رقم 32 - أنشئ بواسطة محاسب ارمي,1107,شركة يسم للتجارة,,1900.0,
32,2024-09-24,قيد يدوي رقم 32 - أنشئ بواسطة محاسب ارمي,1204,مشروعات تحت التنفيذ,750.0,,
32,2024-09-24,قيد يدوي رقم 32 - أنشئ بواسطة محاسب ارمي,1107,شركة يسم للتجارة,,750.0,
25,2024-09-26,قيد يدوي رقم 25 - أنشئ بواسطة محاسب ارمي,1204,مشروعات تحت التنفيذ,24760.0,,
25,2024-09-26,قيد يدوي رقم 25 - أنشئ بواسطة محاسب ارمي,1107,شركة يسم للتجارة,,24760.0,
28,2024-10-01,قيد يدوي رقم 28 - أنشئ بواسطة محاسب ارمي,1204,مشروعات تحت التنفيذ,1000.0,,
28,2024-10-01,قيد يدوي رقم 28 - أنشئ بواسطة محاسب ارمي,1107,شركة يسم للتجارة,,1000.0,
44,2024-10-01,قيد يدوي رقم 44 - أنشئ بواسطة محاسب ارمي,1204,مشروعات تحت التنفيذ,5750.0,,
44,2024-10-01,قيد يدوي رقم 44 - أنشئ بواسطة محاسب ارمي,110102,عهدة سالم,,5750.0,
35,2024-10-03,قيد يدوي رقم 35 - أنشئ بواسطة محاسب ارمي,1204,مشروعات تحت التنفيذ,5575.85,,
35,2024-10-03,قيد يدوي رقم 35 - أنشئ بواسطة محاسب ارمي,1107,شركة يسم للتجارة,,1723.85,
35,2024-10-03,قيد يدوي رقم 35 - أنشئ بواسطة محاسب ارمي,1107,شركة يسم للتجارة,,3852.0,
33,2024-10-08,قيد يدوي رقم 33 - أنشئ بواسطة محاسب ارمي,1204,مشروعات تحت التنفيذ,5000.0,,
33,2024-10-08,قيد يدوي رقم 33 - أنشئ بواسطة محاسب ارمي,1107,شركة يسم للتجارة,,5000.0,
36,2024-10-14,قيد يدوي رقم 36 - أنشئ بواسطة محاسب ارمي,1204,مشروعات تحت التنفيذ,765.22,,
36,2024-10-14,قيد يدوي رقم 36 - أنشئ بواسطة محاسب ارمي,2105,ضريبة القيمة المضافة المستحقة,114.78,,
36,2024-10-14,قيد يدوي رقم 36 - أنشئ بواسطة محاسب ارمي,110102,عهدة سالم,,880.0,
37,2024-10-14,قيد يدوي رقم 37 - أنشئ بواسطة محاسب ارمي,1204,مشروعات تحت التنفيذ,486.94,,
37,2024-10-14,قيد يدوي رقم 37 - أنشئ بواسطة محاسب ارمي,2105,ضريبة القيمة المضافة المستحقة,73.06,,
37,2024-10-14,قيد يدوي رقم 37 - أنشئ بواسطة محاسب ارمي,110102,عهدة سالم,,560.0,
56,2024-10-14,قيد يدوي رقم 56 - أنشئ بواسطة محاسب ارمي,1204,مشروعات تحت التنفيذ,5000.0,,
56,2024-10-14,قيد يدوي رقم 56 - أنشئ بواسطة محاسب ارمي,110102,عهدة سالم,,5000.0,
53,2024-10-24,قيد يدوي رقم 53 - أنشئ بواسطة محاسب ارمي,1204,مشروعات تحت التنفيذ,7744.0,,
53,2024-10-24,قيد يدوي رقم 53 - أنشئ بواسطة محاسب ارمي,2105,ضريبة القيمة المضافة المستحقة,1161.6,,
53,2024-10-24,قيد يدوي رقم 53 - أنشئ بواسطة محاسب ارمي,110102,عهدة سالم,,8905.6,
50,2024-10-27,قيد يدوي رقم 50 - أنشئ بواسطة محاسب ارمي,1204,مشروعات تحت التنفيذ,2340.0,,
50,2024-10-27,قيد يدوي رقم 50 - أنشئ بواسطة محاسب ارمي,110102,عهدة سالم,,2340.0,
52,2024-10-28,قيد يدوي رقم 52 - أنشئ بواسطة محاسب ارمي,1204,مشروعات تحت التنفيذ,174.0,,
52,2024-10-28,قيد يدوي رقم 52 - أنشئ بواسطة محاسب ارمي,2105,ضريبة القيمة المضافة المستحقة,26.1,,
52,2024-10-28,قيد يدوي رقم 52 - أنشئ بواسطة محاسب ارمي,110102,عهدة سالم,,200.1,
49,2024-10-29,قيد يدوي رقم 49 - أنشئ بواسطة محاسب ارمي,1204,مشروعات تحت التنفيذ,8260.87,,
49,2024-10-29,قيد يدوي رقم 49 - أنشئ بواسطة محاسب ارمي,2105,ضريبة القيمة المضافة المستحقة,1239.13,,
49,2024-10-29,قيد يدوي رقم 49 - أنشئ بواسطة محاسب ارمي,110102,عهدة سالم,,9500.0,
51,2024-10-29,قيد يدوي رقم 51 - أنشئ بواسطة محاسب ارمي,1204,مشروعات تحت التنفيذ,2139.5,,
51,2024-10-29,قيد يدوي رقم 51 - أنشئ بواسطة محاسب ارمي,2105,ضريبة القيمة المضافة المستحقة,320.93,,
51,2024-10-29,قيد يدوي رقم 51 - أنشئ بواسطة محاسب ارمي,110102,عهدة سالم,,2460.43,
48,2024-10-30,قيد يدوي رقم 48 - أنشئ بواسطة محاسب ارمي,1204,مشروعات تحت التنفيذ,121.74,,
48,2024-10-30,قيد يدوي رقم 48 - أنشئ بواسطة محاسب ارمي,2105,ضريبة القيمة المضافة المستحقة,18.26,,
48,2024-10-30,قيد يدوي رقم 48 - أنشئ بواسطة محاسب ارمي,110102,عهدة سالم,,140.0,
121,2024-11-01,قيد يدوي رقم 121 - أنشئ بواسطة محاسب ارمي,1205,مصاريف التاسيس,75000.0,,
121,2024-11-01,قيد يدوي رقم 121 - أنشئ بواسطة محاسب ارمي,110102,عهدة سالم,,75000.0,
18,2024-11-03,قيد يدوي رقم 18 - أنشئ بواسطة محاسب ارمي,110201,حساب البنك الاهلي 12300001016808,150000.0,,
18,2024-11-03,قيد يدوي رقم 18 - أنشئ بواسطة محاسب ارمي,3201,جاري الشريك بدر القرني,,150000.0,
26,2024-11-04,قيد يدوي رقم 26 - أنشئ بواسطة محاسب ارمي,1204,مشروعات تحت التنفيذ,9209.0,,
26,2024-11-04,قيد يدوي رقم 26 - أنشئ بواسطة محاسب ارمي,1107,شركة يسم للتجارة,,9209.0,
47,2024-11-04,قيد يدوي رقم 47 - أنشئ بواسطة محاسب ارمي,1204,مشروعات تحت التنفيذ,7913.04,,
47,2024-11-04,قيد يدوي رقم 47 - أنشئ بواسطة محاسب ارمي,2105,ضريبة القيمة المضافة المستحقة,1186.96,,
47,2024-11-04,قيد يدوي رقم 47 - أنشئ بواسطة محاسب ارمي,110102,عهدة سالم,,9100.0,
45,2024-11-06,قيد يدوي رقم 45 - أنشئ بواسطة محاسب ارمي,1204,مشروعات تحت التنفيذ,8500.0,,
45,2024-11-06,قيد يدوي رقم 45 - أنشئ بواسطة محاسب ارمي,110102,عهدة سالم,,8500.0,
46,2024-11-06,قيد يدوي رقم 46 - أنشئ بواسطة محاسب ارمي,1204,مشروعات تحت التنفيذ,9911.0,,
46,2024-11-06,قيد يدوي رقم 46 - أنشئ بواسطة محاسب ارمي,2105,ضريبة القيمة المضافة المستحقة,1486.65,,
46,2024-11-06,قيد يدوي رقم 46 - أنشئ بواسطة محاسب ارمي,1204,مشروعات تحت التنفيذ,325.0,,
46,2024-11-06,قيد يدوي رقم 46 - أنشئ بواسطة محاسب ارمي,2105,ضريبة القيمة المضافة المستحقة,48.75,,
46,2024-11-06,قيد يدوي رقم 46 - أنشئ بواسطة محاسب ارمي,110102,عهدة سالم,,11771.4,
11,2024-11-11,قيد يدوي رقم 11 - أنشئ بواسطة محاسب ارمي,1205,مصاريف التاسيس,158700.0,,
11,2024-11-11,قيد يدوي رقم 11 - أنشئ بواسطة محاسب ارمي,1107,شركة يسم للتجارة,,158700.0,
95,2024-11-12,قيد يدوي رقم 95 - أنشئ بواسطة محاسب ارمي,1204,مشروعات تحت التنفيذ,390.0,,
95,2024-11-12,قيد يدوي رقم 95 - أنشئ بواسطة محاسب ارمي,110102,عهدة سالم,,390.0,
96,2024-11-12,قيد يدوي رقم 96 - أنشئ بواسطة محاسب ارمي,1204,مشروعات تحت التنفيذ,2693.91,,
96,2024-11-12,قيد يدوي رقم 96 - أنشئ بواسطة محاسب ارمي,110102,عهدة سالم,,3098.0,
96,2024-11-12,قيد يدوي رقم 96 - أنشئ بواسطة محاسب ارمي,2105,ضريبة القيمة المضافة المستحقة,404.09,,
97,2024-11-12,قيد يدوي رقم 97 - أنشئ بواسطة محاسب ارمي,1204,مشروعات تحت التنفيذ,2380.0,,
97,2024-11-12,قيد يدوي رقم 97 - أنشئ بواسطة محاسب ارمي,110102,عهدة سالم,,2380.0,
195,2024-11-14,قيد يدوي رقم 195 - أنشئ بواسطة محاسب ارمي,110102,عهدة سالم,150000.0,,
195,2024-11-14,قيد يدوي رقم 195 - أنشئ بواسطة محاسب ارمي,110201,حساب البنك الاهلي 12300001016808,,150000.0,
99,2024-11-16,قيد يدوي رقم 99 - أنشئ بواسطة محاسب ارمي,1204,مشروعات تحت التنفيذ,1573.9,,
99,2024-11-16,قيد يدوي رقم 99 - أنشئ بواسطة محاسب ارمي,110102,عهدة سالم,,1810.0,
99,2024-11-16,قيد يدوي رقم 99 - أنشئ بواسطة محاسب ارمي,2105,ضريبة القيمة المضافة المستحقة,236.1,,
100,2024-11-16,قيد يدوي رقم 100 - أنشئ بواسطة محاسب ارمي,1204,مشروعات تحت التنفيذ,535.0,,
100,2024-11-16,قيد يدوي رقم 100 - أنشئ بواسطة محاسب ارمي,110102,عهدة سالم,,615.25,
100,2024-11-16,قيد يدوي رقم 100 - أنشئ بواسطة محاسب ارمي,2105,ضريبة القيمة المضافة المستحقة,80.25,,
101,2024-11-17,قيد يدوي رقم 101 - أنشئ بواسطة محاسب ارمي,110103,عهدة جانجير ابوعمر,5000.0,,
101,2024-11-17,قيد يدوي رقم 101 - أنشئ بواسطة محاسب ارمي,110103,عهدة جانجير ابوعمر,5000.0,,
101,2024-11-17,قيد يدوي رقم 101 - أنشئ بواسطة محاسب ارمي,110102,عهدة سالم,,5000.0,
101,2024-11-17,قيد يدوي رقم 101 - أنشئ بواسطة محاسب ارمي,110102,عهدة سالم,,5000.0,
98,2024-11-18,قيد يدوي رقم 98 - أنشئ بواسطة محاسب ارمي,1204,مشروعات تحت التنفيذ,634.78,,
98,2024-11-18,قيد يدوي رقم 98 - أنشئ بواسطة محاسب ارمي,110102,عهدة سالم,,730.0,
98,2024-11-18,قيد يدوي رقم 98 - أنشئ بواسطة محاسب ارمي,2105,ضريبة القيمة المضافة المستحقة,95.22,,
102,2024-11-18,قيد يدوي رقم 102 - أنشئ بواسطة محاسب ارمي,1204,مشروعات تحت التنفيذ,3961.75,,فاتورة 996 ادوات كهربائية من شركة السرو
102,2024-11-18,قيد يدوي رقم 102 - أنشئ بواسطة محاسب ارمي,1204,مشروعات تحت التنفيذ,701.5,,فاتورة 6999 ادوات دهانات من الجزيرة للمصنع
102,2024-11-18,قيد يدوي رقم 102 - أنشئ بواسطة محاسب ارمي,1204,مشروعات تحت التنفيذ,15.0,,فاتورة ريشة ادوات سباكة من نوادر بدر 
102,2024-11-18,قيد يدوي رقم 102 - أنشئ بواسطة محاسب ارمي,1204,مشروعات تحت التنفيذ,258.0,,فاتورة ادوات دهانات من ابناء حامد عبدالرحيم
102,2024-11-18,قيد يدوي رقم 102 - أنشئ بواسطة محاسب ارمي,1205,مصاريف التاسيس,2000.0,,راتب عبدالمجيد الحارس شهر نوفمبر 
102,2024-11-18,قيد يدوي رقم 102 - أنشئ بواسطة محاسب ارمي,1204,مشروعات تحت التنفيذ,1799.75,,قيمة اسمنت بدون فاتورة واجرة عمال واكل للعمال وديزل 
102,2024-11-18,قيد يدوي رقم 102 - أنشئ بواسطة محاسب ارمي,110103,عهدة جانجير ابوعمر,,8736.0,
103,2024-11-18,قيد يدوي رقم 103 - أنشئ بواسطة محاسب ارمي,1204,مشروعات تحت التنفيذ,43.0,,فاتورة 8551 من نسيم بدر
103,2024-11-18,قيد يدوي رقم 103 - أنشئ بواسطة محاسب ارمي,1204,مشروعات تحت التنفيذ,12.0,,فاتورة19075 مسمار من مواد البناء العمران  
103,2024-11-18,قيد يدوي رقم 103 - أنشئ بواسطة محاسب ارمي,110103,عهدة جانجير ابوعمر,,55.0,
104,2024-11-19,قيد يدوي رقم 104 - أنشئ بواسطة محاسب ارمي,120103,المعدات,34040.0,,
104,2024-11-19,قيد يدوي رقم 104 - أنشئ بواسطة محاسب ارمي,1107,شركة يسم للتجارة,,34040.0,
105,2024-11-19,قيد يدوي رقم 105 - أنشئ بواسطة محاسب ارمي,110103,عهدة جانجير ابوعمر,5000.0,,
105,2024-11-19,قيد يدوي رقم 105 - أنشئ بواسطة محاسب ارمي,110102,عهدة سالم,,5000.0,
106,2024-11-21,قيد يدوي رقم 106 - أنشئ بواسطة محاسب ارمي,1204,مشروعات تحت التنفيذ,221.0,,
106,2024-11-21,قيد يدوي رقم 106 - أنشئ بواسطة محاسب ارمي,110103,عهدة جانجير ابوعمر,,150.0,فاتورة 533 فرشة ورولا دهانات اوسكار 
106,2024-11-21,قيد يدوي رقم 106 - أنشئ بواسطة محاسب ارمي,110103,عهدة جانجير ابوعمر,,71.0,ديزل جانجير 
107,2024-11-21,قيد يدوي رقم 107 - أنشئ بواسطة محاسب ارمي,1204,مشروعات تحت التنفيذ,670.0,,
107,2024-11-21,قيد يدوي رقم 107 - أنشئ بواسطة محاسب ارمي,110103,عهدة جانجير ابوعمر,,670.0,
109,2024-11-21,قيد يدوي رقم 109 - أنشئ بواسطة محاسب ارمي,1204,مشروعات تحت التنفيذ,1000.0,,
109,2024-11-21,قيد يدوي رقم 109 - أنشئ بواسطة محاسب ارمي,1107,شركة يسم للتجارة,,1000.0,
108,2024-11-22,قيد يدوي رقم 108 - أنشئ بواسطة محاسب ارمي,1204,مشروعات تحت التنفيذ,2012.0,,
108,2024-11-22,قيد يدوي رقم 108 - أنشئ بواسطة محاسب ارمي,110103,عهدة جانجير ابوعمر,,472.0,
108,2024-11-22,قيد يدوي رقم 108 - أنشئ بواسطة محاسب ارمي,110103,عهدة جانجير ابوعمر,,1540.0,
110,2024-11-22,قيد يدوي رقم 110 - أنشئ بواسطة محاسب ارمي,1204,مشروعات تحت التنفيذ,7200.0,,
110,2024-11-22,قيد يدوي رقم 110 - أنشئ بواسطة محاسب ارمي,110103,عهدة جانجير ابوعمر,,7200.0,
111,2024-11-22,قيد يدوي رقم 111 - أنشئ بواسطة محاسب ارمي,1204,مشروعات تحت التنفيذ,17700.0,,
111,2024-11-22,قيد يدوي رقم 111 - أنشئ بواسطة محاسب ارمي,110102,عهدة سالم,,17700.0,
112,2024-11-22,قيد يدوي رقم 112 - أنشئ بواسطة محاسب ارمي,1204,مشروعات تحت التنفيذ,1920.0,,حوالة مؤسسة عاديات الغربية 
112,2024-11-22,قيد يدوي رقم 112 - أنشئ بواسطة محاسب ارمي,1204,مشروعات تحت التنفيذ,1200.0,,حوالة عثمان حامد الصبحي 
112,2024-11-22,قيد يدوي رقم 112 - أنشئ بواسطة محاسب ارمي,1204,مشروعات تحت التنفيذ,8000.0,,حوالة اسامة علي عبيد الصبحي
112,2024-11-22,قيد يدوي رقم 112 - أنشئ بواسطة محاسب ارمي,1204,مشروعات تحت التنفيذ,5160.0,,حوالات متفرقة مشتريات 
112,2024-11-22,قيد يدوي رقم 112 - أنشئ بواسطة محاسب ارمي,110102,عهدة سالم,,16280.0,
117,2024-11-22,قيد يدوي رقم 117 - أنشئ بواسطة محاسب ارمي,1204,مشروعات تحت التنفيذ,49800.0,,حوالة رائد سليم الحربي 
117,2024-11-22,قيد يدوي رقم 117 - أنشئ بواسطة محاسب ارمي,1204,مشروعات تحت التنفيذ,9998.0,,حوالة عبدالله سالم ابراهيم سعيد
117,2024-11-22,قيد يدوي رقم 117 - أنشئ بواسطة محاسب ارمي,1204,مشروعات تحت التنفيذ,31744.0,,حوالة عبدالله سالم ابراهيم سعيد
117,2024-11-22,قيد يدوي رقم 117 - أنشئ بواسطة محاسب ارمي,110102,عهدة سالم,,91542.0,
129,2024-11-23,قيد يدوي رقم 129 - أنشئ بواسطة محاسب ارمي,1204,مشروعات تحت التنفيذ,5500.0,,
129,2024-11-23,قيد يدوي رقم 129 - أنشئ بواسطة محاسب ارمي,110102,عهدة سالم,,5500.0,حوالة 500 وحوالة 5000 ابداع للتكييف
113,2024-11-24,قيد يدوي رقم 113 - أنشئ بواسطة محاسب ارمي,110103,عهدة جانجير ابوعمر,5000.0,,
113,2024-11-24,قيد يدوي رقم 113 - أنشئ بواسطة محاسب ارمي,110102,عهدة سالم,,5000.0,
114,2024-11-24,قيد يدوي رقم 114 - أنشئ بواسطة محاسب ارمي,1204,مشروعات تحت التنفيذ,2236.75,,
114,2024-11-24,قيد يدوي رقم 114 - أنشئ بواسطة محاسب ارمي,110102,عهدة سالم,,2236.75,
115,2024-11-25,قيد يدوي رقم 115 - أنشئ بواسطة محاسب ارمي,1204,مشروعات تحت التنفيذ,130.0,,
115,2024-11-25,قيد يدوي رقم 115 - أنشئ بواسطة محاسب ارمي,110103,عهدة جانجير ابوعمر,,130.0,
116,2024-11-25,قيد يدوي رقم 116 - أنشئ بواسطة محاسب ارمي,1204,مشروعات تحت التنفيذ,299.0,,
116,2024-11-25,قيد يدوي رقم 116 - أنشئ بواسطة محاسب ارمي,110103,عهدة جانجير ابوعمر,,299.0,
128,2024-11-25,قيد يدوي رقم 128 - أنشئ بواسطة محاسب ارمي,1205,مصاريف التاسيس,1500.0,,
128,2024-11-25,قيد يدوي رقم 128 - أنشئ بواسطة محاسب ارمي,110102,عهدة سالم,,1500.0,
118,2024-11-26,قيد يدوي رقم 118 - أنشئ بواسطة محاسب ارمي,1204,مشروعات تحت التنفيذ,20.0,,
118,2024-11-26,قيد يدوي رقم 118 - أنشئ بواسطة محاسب ارمي,110103,عهدة جانجير ابوعمر,,20.0,
119,2024-11-26,قيد يدوي رقم 119 - أنشئ بواسطة محاسب ارمي,110102,عهدة سالم,100000.0,,
119,2024-11-26,قيد يدوي رقم 119 - أنشئ بواسطة محاسب ارمي,3201,جاري الشريك بدر القرني,,100000.0,
120,2024-11-26,قيد يدوي رقم 120 - أنشئ بواسطة محاسب ارمي,1204,مشروعات تحت التنفيذ,929.0,,
120,2024-11-26,قيد يدوي رقم 120 - أنشئ بواسطة محاسب ارمي,110103,عهدة جانجير ابوعمر,,929.0,
122,2024-11-28,قيد يدوي رقم 122 - أنشئ بواسطة محاسب ارمي,1204,مشروعات تحت التنفيذ,8.0,,
122,2024-11-28,قيد يدوي رقم 122 - أنشئ بواسطة محاسب ارمي,110103,عهدة جانجير ابوعمر,,8.0,
123,2024-11-28,قيد يدوي رقم 123 - أنشئ بواسطة محاسب ارمي,110103,عهدة جانجير ابوعمر,5000.0,,
123,2024-11-28,قيد يدوي رقم 123 - أنشئ بواسطة محاسب ارمي,110102,عهدة سالم,,5000.0,
124,2024-11-28,قيد يدوي رقم 124 - أنشئ بواسطة محاسب ارمي,1204,مشروعات تحت التنفيذ,62.0,,واضافة 54 ريال بدون فاتورة 
124,2024-11-28,قيد يدوي رقم 124 - أنشئ بواسطة محاسب ارمي,110103,عهدة جانجير ابوعمر,,62.0,
125,2024-11-28,قيد يدوي رقم 125 - أنشئ بواسطة محاسب ارمي,1204,مشروعات تحت التنفيذ,390.0,,
125,2024-11-28,قيد يدوي رقم 125 - أنشئ بواسطة محاسب ارمي,110103,عهدة جانجير ابوعمر,,390.0,
125,2024-11-28,قيد يدوي رقم 125 - أنشئ بواسطة محاسب ارمي,1205,مصاريف التاسيس,70.0,,وقود سيارة ابوعمر 
125,2024-11-28,قيد يدوي رقم 125 - أنشئ بواسطة محاسب ارمي,110103,عهدة جانجير ابوعمر,,70.0,
126,2024-11-28,قيد يدوي رقم 126 - أنشئ بواسطة محاسب ارمي,1204,مشروعات تحت التنفيذ,391.0,,
126,2024-11-28,قيد يدوي رقم 126 - أنشئ بواسطة محاسب ارمي,110103,عهدة جانجير ابوعمر,,391.0,
127,2024-11-28,قيد يدوي رقم 127 - أنشئ بواسطة محاسب ارمي,110103,عهدة جانجير ابوعمر,2000.0,,
127,2024-11-28,قيد يدوي رقم 127 - أنشئ بواسطة محاسب ارمي,110102,عهدة سالم,,2000.0,
140,2024-12-02,قيد يدوي رقم 140 - أنشئ بواسطة محاسب ارمي,110103,عهدة جانجير ابوعمر,498.0,,
140,2024-12-02,قيد يدوي رقم 140 - أنشئ بواسطة محاسب ارمي,1204,مشروعات تحت التنفيذ,,498.0,
131,2024-12-09,قيد يدوي رقم 131 - أنشئ بواسطة محاسب ارمي,1204,مشروعات تحت التنفيذ,1200.0,,
131,2024-12-09,قيد يدوي رقم 131 - أنشئ بواسطة محاسب ارمي,110102,عهدة سالم,,1200.0,
132,2024-12-09,قيد يدوي رقم 132 - أنشئ بواسطة محاسب ارمي,1204,مشروعات تحت التنفيذ,458.0,,
132,2024-12-09,قيد يدوي رقم 132 - أنشئ بواسطة محاسب ارمي,110102,عهدة سالم,,500.0,
132,2024-12-09,قيد يدوي رقم 132 - أنشئ بواسطة محاسب ارمي,2105,ضريبة القيمة المضافة المستحقة,42.0,,فاتورة 94090 خرطوم ادوات سلامه من خط الحياه 
130,2024-12-10,قيد يدوي رقم 130 - أنشئ بواسطة محاسب ارمي,1204,مشروعات تحت التنفيذ,1000.0,,
130,2024-12-10,قيد يدوي رقم 130 - أنشئ بواسطة محاسب ارمي,1107,شركة يسم للتجارة,,1000.0,
133,2024-12-10,قيد يدوي رقم 133 - أنشئ بواسطة محاسب ارمي,1205,مصاريف التاسيس,1600.0,,
133,2024-12-10,قيد يدوي رقم 133 - أنشئ بواسطة محاسب ارمي,1107,شركة يسم للتجارة,,1840.0,
133,2024-12-10,قيد يدوي رقم 133 - أنشئ بواسطة محاسب ارمي,2105,ضريبة القيمة المضافة المستحقة,240.0,,
134,2024-12-10,قيد يدوي رقم 134 - أنشئ بواسطة محاسب ارمي,1204,مشروعات تحت التنفيذ,19156.58,,
134,2024-12-10,قيد يدوي رقم 134 - أنشئ بواسطة محاسب ارمي,2105,ضريبة القيمة المضافة المستحقة,543.42,,
134,2024-12-10,قيد يدوي رقم 134 - أنشئ بواسطة محاسب ارمي,1107,شركة يسم للتجارة,,1500.0,
134,2024-12-10,قيد يدوي رقم 134 - أنشئ بواسطة محاسب ارمي,1107,شركة يسم للتجارة,,2500.0,
134,2024-12-10,قيد يدوي رقم 134 - أنشئ بواسطة محاسب ارمي,1107,شركة يسم للتجارة,,3000.0,
134,2024-12-10,قيد يدوي رقم 134 - أنشئ بواسطة محاسب ارمي,1107,شركة يسم للتجارة,,1500.0,
134,2024-12-10,قيد يدوي رقم 134 - أنشئ بواسطة محاسب ارمي,1107,شركة يسم للتجارة,,3000.0,
134,2024-12-10,قيد يدوي رقم 134 - أنشئ بواسطة محاسب ارمي,110102,عهدة سالم,,4200.0,
134,2024-12-10,قيد يدوي رقم 134 - أنشئ بواسطة محاسب ارمي,110102,عهدة سالم,,1500.0,
134,2024-12-10,قيد يدوي رقم 134 - أنشئ بواسطة محاسب ارمي,110102,عهدة سالم,,2500.0,
135,2024-12-15,قيد يدوي رقم 135 - أنشئ بواسطة محاسب ارمي,1205,مصاريف التاسيس,2000.0,,
135,2024-12-15,قيد يدوي رقم 135 - أنشئ بواسطة محاسب ارمي,110102,عهدة سالم,,2000.0,
135,2024-12-15,قيد يدوي رقم 135 - أنشئ بواسطة محاسب ارمي,1205,مصاريف التاسيس,10000.0,,
135,2024-12-15,قيد يدوي رقم 135 - أنشئ بواسطة محاسب ارمي,110102,عهدة سالم,,10000.0,
136,2024-12-15,قيد يدوي رقم 136 - أنشئ بواسطة محاسب ارمي,1204,مشروعات تحت التنفيذ,890.0,,
136,2024-12-15,قيد يدوي رقم 136 - أنشئ بواسطة محاسب ارمي,110103,عهدة جانجير ابوعمر,,890.0,
137,2024-12-15,قيد يدوي رقم 137 - أنشئ بواسطة محاسب ارمي,1204,مشروعات تحت التنفيذ,67.0,,
137,2024-12-15,قيد يدوي رقم 137 - أنشئ بواسطة محاسب ارمي,110103,عهدة جانجير ابوعمر,,67.0,
138,2024-12-17,قيد يدوي رقم 138 - أنشئ بواسطة محاسب ارمي,1204,مشروعات تحت التنفيذ,3524.0,,
138,2024-12-17,قيد يدوي رقم 138 - أنشئ بواسطة محاسب ارمي,110103,عهدة جانجير ابوعمر,,3524.0,
139,2024-12-19,قيد يدوي رقم 139 - أنشئ بواسطة محاسب ارمي,1204,مشروعات تحت التنفيذ,2288.0,,
139,2024-12-19,قيد يدوي رقم 139 - أنشئ بواسطة محاسب ارمي,110103,عهدة جانجير ابوعمر,,2288.0,
151,2024-12-19,قيد يدوي رقم 151 - أنشئ بواسطة محاسب ارمي,1204,مشروعات تحت التنفيذ,4708.0,,
151,2024-12-19,قيد يدوي رقم 151 - أنشئ بواسطة محاسب ارمي,1107,شركة يسم للتجارة,,2000.0,
151,2024-12-19,قيد يدوي رقم 151 - أنشئ بواسطة محاسب ارمي,1107,شركة يسم للتجارة,,2708.0,
141,2024-12-20,قيد يدوي رقم 141 - أنشئ بواسطة محاسب ارمي,1204,مشروعات تحت التنفيذ,335.0,,
141,2024-12-20,قيد يدوي رقم 141 - أنشئ بواسطة محاسب ارمي,110103,عهدة جانجير ابوعمر,,335.0,
188,2024-12-21,قيد يدوي رقم 188 - أنشئ بواسطة محاسب ارمي,110103,عهدة جانجير ابوعمر,799.0,,
188,2024-12-21,قيد يدوي رقم 188 - أنشئ بواسطة محاسب ارمي,3202,جاري الشريك سالم بالحارث,,799.0,
142,2024-12-22,قيد يدوي رقم 142 - أنشئ بواسطة محاسب ارمي,1204,مشروعات تحت التنفيذ,2000.0,,
142,2024-12-22,قيد يدوي رقم 142 - أنشئ بواسطة محاسب ارمي,1107,شركة يسم للتجارة,,2000.0,
149,2024-12-30,قيد يدوي رقم 149 - أنشئ بواسطة محاسب ارمي,1204,مشروعات تحت التنفيذ,10000.0,,
149,2024-12-30,قيد يدوي رقم 149 - أنشئ بواسطة محاسب ارمي,1107,شركة يسم للتجارة,,5000.0,
149,2024-12-30,قيد يدوي رقم 149 - أنشئ بواسطة محاسب ارمي,110102,عهدة سالم,,5000.0,
144,2024-12-31,قيد يدوي رقم 144 - أنشئ بواسطة محاسب ارمي,1205,مصاريف التاسيس,935.0,,
144,2024-12-31,قيد يدوي رقم 144 - أنشئ بواسطة محاسب ارمي,2105,ضريبة القيمة المضافة المستحقة,140.25,,
144,2024-12-31,قيد يدوي رقم 144 - أنشئ بواسطة محاسب ارمي,110102,عهدة سالم,,1075.25,
187,2024-12-31,قيد يدوي رقم 187 - أنشئ بواسطة محاسب ارمي,110102,عهدة سالم,,97276.84,
187,2024-12-31,قيد يدوي رقم 187 - أنشئ بواسطة محاسب ارمي,3202,جاري الشريك سالم بالحارث,97276.84,,
189,2024-12-31,قيد يدوي رقم 189 - أنشئ بواسطة محاسب ارمي,1107,شركة يسم للتجارة,672881.85,,
189,2024-12-31,قيد يدوي رقم 189 - أنشئ بواسطة محاسب ارمي,3202,جاري الشريك سالم بالحارث,,672881.85,
219,2024-12-31,قيد يدوي رقم 219 - أنشئ بواسطة محاسب ارمي,521502,مصروف إهلاك المعدات,41615.0,,اهلاك ماكينه اعادة تدوير السيارات
219,2024-12-31,قيد يدوي رقم 219 - أنشئ بواسطة محاسب ارمي,521502,مصروف إهلاك المعدات,392.0,,اهلاك رافعه سيارات وبنشر بالمصنع 
219,2024-12-31,قيد يدوي رقم 219 - أنشئ بواسطة محاسب ارمي,210902,مجمع استهلاك المعدات,,41615.0,اهلاك ماكينه اعادة تدوير السيارات
219,2024-12-31,قيد يدوي رقم 219 - أنشئ بواسطة محاسب ارمي,210902,مجمع استهلاك المعدات,,392.0,اهلاك رافعه سيارات وبنشر بالمصنع 
145,2025-01-04,قيد يدوي رقم 145 - أنشئ بواسطة محاسب ارمي,1204,مشروعات تحت التنفيذ,500.0,,
145,2025-01-04,قيد يدوي رقم 145 - أنشئ بواسطة محاسب ارمي,3202,جاري الشريك سالم بالحارث,,500.0,
146,2025-01-04,قيد يدوي رقم 146 - أنشئ بواسطة محاسب ارمي,1204,مشروعات تحت التنفيذ,8443.35,,
146,2025-01-04,قيد يدوي رقم 146 - أنشئ بواسطة محاسب ارمي,2105,ضريبة القيمة المضافة المستحقة,1266.5,,
146,2025-01-04,قيد يدوي رقم 146 - أنشئ بواسطة محاسب ارمي,1107,شركة يسم للتجارة,,9709.85,
150,2025-01-05,قيد يدوي رقم 150 - أنشئ بواسطة محاسب ارمي,1204,مشروعات تحت التنفيذ,9898.21,,
150,2025-01-05,قيد يدوي رقم 150 - أنشئ بواسطة محاسب ارمي,1107,شركة يسم للتجارة,,5000.0,
150,2025-01-05,قيد يدوي رقم 150 - أنشئ بواسطة محاسب ارمي,1107,شركة يسم للتجارة,,5000.0,
150,2025-01-05,قيد يدوي رقم 150 - أنشئ بواسطة محاسب ارمي,2105,ضريبة القيمة المضافة المستحقة,54.0,,فاتورة مصنع الزخارف 
150,2025-01-05,قيد يدوي رقم 150 - أنشئ بواسطة محاسب ارمي,2105,ضريبة القيمة المضافة المستحقة,47.79,,ف/188 بدر جدة راس كيبل 
147,2025-01-15,قيد يدوي رقم 147 - أنشئ بواسطة محاسب ارمي,1204,مشروعات تحت التنفيذ,9500.0,,
147,2025-01-15,قيد يدوي رقم 147 - أنشئ بواسطة محاسب ارمي,1107,شركة يسم للتجارة,,9500.0,
148,2025-01-15,قيد يدوي رقم 148 - أنشئ بواسطة محاسب ارمي,110104,عهدة اشرف الصايغ,49900.0,,
148,2025-01-15,قيد يدوي رقم 148 - أنشئ بواسطة محاسب ارمي,3201,جاري الشريك بدر القرني,,49900.0,
152,2025-01-24,قيد يدوي رقم 152 - أنشئ بواسطة محاسب ارمي,110105,عهدة بكر الجيزاني,5150.0,,
152,2025-01-24,قيد يدوي رقم 152 - أنشئ بواسطة محاسب ارمي,110105,عهدة بكر الجيزاني,1000.0,,
152,2025-01-24,قيد يدوي رقم 152 - أنشئ بواسطة محاسب ارمي,110105,عهدة بكر الجيزاني,6500.0,,
152,2025-01-24,قيد يدوي رقم 152 - أنشئ بواسطة محاسب ارمي,1107,شركة يسم للتجارة,,5150.0,
152,2025-01-24,قيد يدوي رقم 152 - أنشئ بواسطة محاسب ارمي,1107,شركة يسم للتجارة,,1000.0,
152,2025-01-24,قيد يدوي رقم 152 - أنشئ بواسطة محاسب ارمي,1107,شركة يسم للتجارة,,6500.0,
154,2025-01-29,قيد يدوي رقم 154 - أنشئ بواسطة محاسب ارمي,110104,عهدة اشرف الصايغ,36000.0,,
154,2025-01-29,قيد يدوي رقم 154 - أنشئ بواسطة محاسب ارمي,3202,جاري الشريك سالم بالحارث,,36000.0,
156,2025-01-29,قيد يدوي رقم 156 - أنشئ بواسطة محاسب ارمي,1205,مصاريف التاسيس,1742.0,,
156,2025-01-29,قيد يدوي رقم 156 - أنشئ بواسطة محاسب ارمي,3202,جاري الشريك سالم بالحارث,,1742.0,
182,2025-01-29,قيد يدوي رقم 182 - أنشئ بواسطة محاسب ارمي,110104,عهدة اشرف الصايغ,3600.0,,
182,2025-01-29,قيد يدوي رقم 182 - أنشئ بواسطة محاسب ارمي,3202,جاري الشريك سالم بالحارث,,3600.0,
159,2025-01-30,قيد يدوي رقم 159 - أنشئ بواسطة محاسب ارمي,110105,عهدة بكر الجيزاني,2000.0,,
159,2025-01-30,قيد يدوي رقم 159 - أنشئ بواسطة محاسب ارمي,110105,عهدة بكر الجيزاني,2000.0,,
159,2025-01-30,قيد يدوي رقم 159 - أنشئ بواسطة محاسب ارمي,110105,عهدة بكر الجيزاني,1500.0,,
159,2025-01-30,قيد يدوي رقم 159 - أنشئ بواسطة محاسب ارمي,1204,مشروعات تحت التنفيذ,1450.0,,اعمال زجاج الواجهه من طيبة للمقاولات
159,2025-01-30,قيد يدوي رقم 159 - أنشئ بواسطة محاسب ارمي,1107,شركة يسم للتجارة,,2000.0,
159,2025-01-30,قيد يدوي رقم 159 - أنشئ بواسطة محاسب ارمي,1107,شركة يسم للتجارة,,2000.0,
159,2025-01-30,قيد يدوي رقم 159 - أنشئ بواسطة محاسب ارمي,1107,شركة يسم للتجارة,,1500.0,
159,2025-01-30,قيد يدوي رقم 159 - أنشئ بواسطة محاسب ارمي,1107,شركة يسم للتجارة,,1450.0,
163,2025-01-30,قيد يدوي رقم 163 - أنشئ بواسطة محاسب ارمي,5216,مصاريف صيانه عامه بالمصنع,1176.0,,اغراض صيانة متفرقة بفواتير من الموردين 
163,2025-01-30,قيد يدوي رقم 163 - أنشئ بواسطة محاسب ارمي,5212,مصاريف ضيافة,1100.0,,مصاريف اكل وشرب عمال وبكر خلال الفترة 11- 20 يناير 
163,2025-01-30,قيد يدوي رقم 163 - أنشئ بواسطة محاسب ارمي,5105,مصاريف وقود سيارات للموظفين,350.0,,قيمة بنزين بكر فترة 11- 20 يناير 
163,2025-01-30,قيد يدوي رقم 163 - أنشئ بواسطة محاسب ارمي,110105,عهدة بكر الجيزاني,,10611.0,
163,2025-01-30,قيد يدوي رقم 163 - أنشئ بواسطة محاسب ارمي,5216,مصاريف صيانه عامه بالمصنع,3500.0,,شهادة مطابقة اعمال 
163,2025-01-30,قيد يدوي رقم 163 - أنشئ بواسطة محاسب ارمي,5216,مصاريف صيانه عامه بالمصنع,400.0,,تاجير معدات لاعمال الصيانه 
163,2025-01-30,قيد يدوي رقم 163 - أنشئ بواسطة محاسب ارمي,5216,مصاريف صيانه عامه بالمصنع,550.0,,اجرة سباك وعمال الديكور والجبس 
163,2025-01-30,قيد يدوي رقم 163 - أنشئ بواسطة محاسب ارمي,5216,مصاريف صيانه عامه بالمصنع,400.0,,عدد 2 باب حدديد غرفة الحارس 
163,2025-01-30,قيد يدوي رقم 163 - أنشئ بواسطة محاسب ارمي,5216,مصاريف صيانه عامه بالمصنع,895.0,,باقي حساب عمال الابواب 
163,2025-01-30,قيد يدوي رقم 163 - أنشئ بواسطة محاسب ارمي,5216,مصاريف صيانه عامه بالمصنع,240.0,,عمال البويا والدهانات
163,2025-01-30,قيد يدوي رقم 163 - أنشئ بواسطة محاسب ارمي,5216,مصاريف صيانه عامه بالمصنع,1700.0,,اجرة عمال تركيب ادوات دفاع المدني 
163,2025-01-30,قيد يدوي رقم 163 - أنشئ بواسطة محاسب ارمي,5216,مصاريف صيانه عامه بالمصنع,300.0,,عدد امبير لماكينه المصنع 
167,2025-01-30,قيد يدوي رقم 167 - أنشئ بواسطة محاسب ارمي,5216,مصاريف صيانه عامه بالمصنع,3545.0,,ف/25797 م/الاهرام ادوات سلامه للمصنع وتركيب 
167,2025-01-30,قيد يدوي رقم 167 - أنشئ بواسطة محاسب ارمي,5105,مصاريف وقود سيارات للموظفين,1000.0,,نزول جدة يومين 24و27 اصلاح المكينه واغراض 
167,2025-01-30,قيد يدوي رقم 167 - أنشئ بواسطة محاسب ارمي,5216,مصاريف صيانه عامه بالمصنع,1400.0,,اصلاح المرشات واصلاحات اخري بالبيان
167,2025-01-30,قيد يدوي رقم 167 - أنشئ بواسطة محاسب ارمي,5217,مصاريف مياه وكهرباء,500.0,,قيمة وايت مياه للمصنع 
167,2025-01-30,قيد يدوي رقم 167 - أنشئ بواسطة محاسب ارمي,5218,مصاريف انتقالات وسكن موظفين,2500.0,,سكن بكر ومصاريف فترة الصيانة للموظفين 
167,2025-01-30,قيد يدوي رقم 167 - أنشئ بواسطة محاسب ارمي,5216,مصاريف صيانه عامه بالمصنع,200.0,,اصلاح مضخه ودينمو اجرة يد 
167,2025-01-30,قيد يدوي رقم 167 - أنشئ بواسطة محاسب ارمي,5216,مصاريف صيانه عامه بالمصنع,1850.0,,اجرة يد تركيب كشافات واجراس 
167,2025-01-30,قيد يدوي رقم 167 - أنشئ بواسطة محاسب ارمي,5218,مصاريف انتقالات وسكن موظفين,600.0,,نزول لجدة اصلاح بيرنق للمصنع بكر 
167,2025-01-30,قيد يدوي رقم 167 - أنشئ بواسطة محاسب ارمي,5216,مصاريف صيانه عامه بالمصنع,3630.75,,اعمال وغراض صيانة بفواتير متفرقة بالبيان 
167,2025-01-30,قيد يدوي رقم 167 - أنشئ بواسطة محاسب ارمي,110105,عهدة بكر الجيزاني,,20565.0,
167,2025-01-30,قيد يدوي رقم 167 - أنشئ بواسطة محاسب ارمي,5218,مصاريف انتقالات وسكن موظفين,500.0,,غيار زيت وكفرات سيارة بكر 
167,2025-01-30,قيد يدوي رقم 167 - أنشئ بواسطة محاسب ارمي,2105,ضريبة القيمة المضافة المستحقة,531.75,,ف/25797 م/الاهرام ادوات سلامه للمصنع وتركيب 
167,2025-01-30,قيد يدوي رقم 167 - أنشئ بواسطة محاسب ارمي,5216,مصاريف صيانه عامه بالمصنع,2347.83,,ف/254400939 عالم ارمانات اغراض صيانة 
167,2025-01-30,قيد يدوي رقم 167 - أنشئ بواسطة محاسب ارمي,2105,ضريبة القيمة المضافة المستحقة,352.17,,ف/254400939 عالم ارمانات اغراض صيانة 
167,2025-01-30,قيد يدوي رقم 167 - أنشئ بواسطة محاسب ارمي,5216,مصاريف صيانه عامه بالمصنع,702.17,,ف/15252 من درع الامان ادوات سلامه 
167,2025-01-30,قيد يدوي رقم 167 - أنشئ بواسطة محاسب ارمي,2105,ضريبة القيمة المضافة المستحقة,105.33,,ف/15252 من درع الامان ادوات سلامه 
167,2025-01-30,قيد يدوي رقم 167 - أنشئ بواسطة محاسب ارمي,5216,مصاريف صيانه عامه بالمصنع,300.0,,عقد صيانة للدفاع المدتي 
167,2025-01-30,قيد يدوي رقم 167 - أنشئ بواسطة محاسب ارمي,5216,مصاريف صيانه عامه بالمصنع,200.0,,اجرة الدركتور لانه دفن جنب المصنع 
167,2025-01-30,قيد يدوي رقم 167 - أنشئ بواسطة محاسب ارمي,5105,مصاريف وقود سيارات للموظفين,300.0,,لبكر من سالم تنقلات 
183,2025-01-31,قيد يدوي رقم 183 - أنشئ بواسطة محاسب ارمي,5101,تكلفة البضائع المباعة الأجزاء,44600.0,,عدد 5 سيارات متفرقة 
183,2025-01-31,قيد يدوي رقم 183 - أنشئ بواسطة محاسب ارمي,5105,مصاريف وقود سيارات للموظفين,540.0,,بنزين سيارة اشرف 
183,2025-01-31,قيد يدوي رقم 183 - أنشئ بواسطة محاسب ارمي,5105,مصاريف وقود سيارات للموظفين,1600.0,,ورشة اصلاح سيارة بورش
183,2025-01-31,قيد يدوي رقم 183 - أنشئ بواسطة محاسب ارمي,5105,مصاريف وقود سيارات للموظفين,1040.0,,قطع غيار صيانة يارس ومفتاح ام جي 
183,2025-01-31,قيد يدوي رقم 183 - أنشئ بواسطة محاسب ارمي,2105,ضريبة القيمة المضافة المستحقة,234.8,,فاتورة فيصل الغامدي تاريخ 4 فبراير 
183,2025-01-31,قيد يدوي رقم 183 - أنشئ بواسطة محاسب ارمي,2105,ضريبة القيمة المضافة المستحقة,291.64,,فاتورة فيصل الغامدي تاريخ 9 فبراير 
183,2025-01-31,قيد يدوي رقم 183 - أنشئ بواسطة محاسب ارمي,110104,عهدة اشرف الصايغ,,103908.0,
183,2025-01-31,قيد يدوي رقم 183 - أنشئ بواسطة محاسب ارمي,2105,ضريبة القيمة المضافة المستحقة,260.87,,ف/4858 سبل الخدمه قطع غيار 
183,2025-01-31,قيد يدوي رقم 183 - أنشئ بواسطة محاسب ارمي,2105,ضريبة القيمة المضافة المستحقة,195.65,,ف/1435 الاخوان قطع ع غيار سيارة
183,2025-01-31,قيد يدوي رقم 183 - أنشئ بواسطة محاسب ارمي,2105,ضريبة القيمة المضافة المستحقة,30.0,,ف/893 قطع غيار يارس منار النهضة 
183,2025-01-31,قيد يدوي رقم 183 - أنشئ بواسطة محاسب ارمي,5101,تكلفة البضائع المباعة الأجزاء,40800.0,,عدد 8 سيارات النترا 
183,2025-01-31,قيد يدوي رقم 183 - أنشئ بواسطة محاسب ارمي,5105,مصاريف وقود سيارات للموظفين,3638.48,,مصاريف ورشة سيارة جيمس ويارس 
183,2025-01-31,قيد يدوي رقم 183 - أنشئ بواسطة محاسب ارمي,5105,مصاريف وقود سيارات للموظفين,700.0,,وقود سيارة اشرف 
183,2025-01-31,قيد يدوي رقم 183 - أنشئ بواسطة محاسب ارمي,5105,مصاريف وقود سيارات للموظفين,1550.0,,مصاريف سيارة ام جي ويارس الشركة 
183,2025-01-31,قيد يدوي رقم 183 - أنشئ بواسطة محاسب ارمي,1107,شركة يسم للتجارة,3918.56,,صيانة سيارة يارس عبدالسلام شركة يسم 
183,2025-01-31,قيد يدوي رقم 183 - أنشئ بواسطة محاسب ارمي,5105,مصاريف وقود سيارات للموظفين,1500.0,,اجرة ورشة صيانة سيارة 
183,2025-01-31,قيد يدوي رقم 183 - أنشئ بواسطة محاسب ارمي,5218,مصاريف انتقالات وسكن موظفين,100.0,,اجرة العمال من جدة للمصنع 
183,2025-01-31,قيد يدوي رقم 183 - أنشئ بواسطة محاسب ارمي,5218,مصاريف انتقالات وسكن موظفين,2908.0,,اغراض مطبخ لسكن العمال
166,2025-02-02,قيد يدوي رقم 166 - أنشئ بواسطة محاسب ارمي,110105,عهدة بكر الجيزاني,2000.0,,
166,2025-02-02,قيد يدوي رقم 166 - أنشئ بواسطة محاسب ارمي,1107,شركة يسم للتجارة,,2000.0,
157,2025-02-04,قيد يدوي رقم 157 - أنشئ بواسطة محاسب ارمي,110104,عهدة اشرف الصايغ,10000.0,,
157,2025-02-04,قيد يدوي رقم 157 - أنشئ بواسطة محاسب ارمي,1107,شركة يسم للتجارة,,10000.0,
158,2025-02-05,قيد يدوي رقم 158 - أنشئ بواسطة محاسب ارمي,110105,عهدة بكر الجيزاني,500.0,,
158,2025-02-05,قيد يدوي رقم 158 - أنشئ بواسطة محاسب ارمي,1107,شركة يسم للتجارة,,500.0,
153,2025-02-07,قيد يدوي رقم 153 - أنشئ بواسطة محاسب ارمي,110105,عهدة بكر الجيزاني,1850.0,,
153,2025-02-07,قيد يدوي رقم 153 - أنشئ بواسطة محاسب ارمي,1107,شركة يسم للتجارة,,1850.0,
160,2025-02-08,قيد يدوي رقم 160 - أنشئ بواسطة محاسب ارمي,110105,عهدة بكر الجيزاني,400.0,,
160,2025-02-08,قيد يدوي رقم 160 - أنشئ بواسطة محاسب ارمي,3202,جاري الشريك سالم بالحارث,,400.0,
155,2025-02-11,قيد يدوي رقم 155 - أنشئ بواسطة محاسب ارمي,110104,عهدة اشرف الصايغ,5000.0,,
155,2025-02-11,قيد يدوي رقم 155 - أنشئ بواسطة محاسب ارمي,3202,جاري الشريك سالم بالحارث,,5000.0,
161,2025-02-11,قيد يدوي رقم 161 - أنشئ بواسطة محاسب ارمي,110105,عهدة بكر الجيزاني,3550.0,,
161,2025-02-11,قيد يدوي رقم 161 - أنشئ بواسطة محاسب ارمي,110105,عهدة بكر الجيزاني,5000.0,,
161,2025-02-11,قيد يدوي رقم 161 - أنشئ بواسطة محاسب ارمي,1107,شركة يسم للتجارة,,3550.0,
161,2025-02-11,قيد يدوي رقم 161 - أنشئ بواسطة محاسب ارمي,1107,شركة يسم للتجارة,,5000.0,
180,2025-02-11,قيد يدوي رقم 180 - أنشئ بواسطة محاسب ارمي,110105,عهدة بكر الجيزاني,,274.0,
180,2025-02-11,قيد يدوي رقم 180 - أنشئ بواسطة محاسب ارمي,5218,مصاريف انتقالات وسكن موظفين,274.0,,مساعدات وورشة كفرات سيارة بكر 
162,2025-02-13,قيد يدوي رقم 162 - أنشئ بواسطة محاسب ارمي,5208,الرسوم الحكومية,2000.0,,
162,2025-02-13,قيد يدوي رقم 162 - أنشئ بواسطة محاسب ارمي,110501,اشرف مروان الصايغ,2000.0,,تخصم من راتبه
162,2025-02-13,قيد يدوي رقم 162 - أنشئ بواسطة محاسب ارمي,1107,شركة يسم للتجارة,,4000.0,
164,2025-02-15,قيد يدوي رقم 164 - أنشئ بواسطة محاسب ارمي,110105,عهدة بكر الجيزاني,1500.0,,
164,2025-02-15,قيد يدوي رقم 164 - أنشئ بواسطة محاسب ارمي,1107,شركة يسم للتجارة,,1500.0,
165,2025-02-16,قيد يدوي رقم 165 - أنشئ بواسطة محاسب ارمي,5208,الرسوم الحكومية,1100.0,,
165,2025-02-16,قيد يدوي رقم 165 - أنشئ بواسطة محاسب ارمي,2105,ضريبة القيمة المضافة المستحقة,165.0,,
165,2025-02-16,قيد يدوي رقم 165 - أنشئ بواسطة محاسب ارمي,1107,شركة يسم للتجارة,,1265.0,
168,2025-02-17,قيد يدوي رقم 168 - أنشئ بواسطة محاسب ارمي,110105,عهدة بكر الجيزاني,1000.0,,
168,2025-02-17,قيد يدوي رقم 168 - أنشئ بواسطة محاسب ارمي,1107,شركة يسم للتجارة,,1000.0,
169,2025-02-20,قيد يدوي رقم 169 - أنشئ بواسطة محاسب ارمي,110501,اشرف مروان الصايغ,6900.0,,
169,2025-02-20,قيد يدوي رقم 169 - أنشئ بواسطة محاسب ارمي,5208,الرسوم الحكومية,2125.0,,اقامة اشرف 
169,2025-02-20,قيد يدوي رقم 169 - أنشئ بواسطة محاسب ارمي,1107,شركة يسم للتجارة,,2125.0,
169,2025-02-20,قيد يدوي رقم 169 - أنشئ بواسطة محاسب ارمي,1107,شركة يسم للتجارة,,6900.0,
170,2025-02-20,قيد يدوي رقم 170 - أنشئ بواسطة محاسب ارمي,5208,الرسوم الحكومية,150.0,,
170,2025-02-20,قيد يدوي رقم 170 - أنشئ بواسطة محاسب ارمي,1107,شركة يسم للتجارة,,172.5,
170,2025-02-20,قيد يدوي رقم 170 - أنشئ بواسطة محاسب ارمي,2105,ضريبة القيمة المضافة المستحقة,22.5,,
171,2025-02-20,قيد يدوي رقم 171 - أنشئ بواسطة محاسب ارمي,5208,الرسوم الحكومية,2580.0,,
171,2025-02-20,قيد يدوي رقم 171 - أنشئ بواسطة محاسب ارمي,1107,شركة يسم للتجارة,,2580.0,
172,2025-02-20,قيد يدوي رقم 172 - أنشئ بواسطة محاسب ارمي,5208,الرسوم الحكومية,300.0,,اقامة اشرف 
172,2025-02-20,قيد يدوي رقم 172 - أنشئ بواسطة محاسب ارمي,1107,شركة يسم للتجارة,,300.0,
176,2025-02-21,قيد يدوي رقم 176 - أنشئ بواسطة محاسب ارمي,110105,عهدة بكر الجيزاني,1000.0,,يوم 18
176,2025-02-21,قيد يدوي رقم 176 - أنشئ بواسطة محاسب ارمي,1107,شركة يسم للتجارة,,1000.0,
176,2025-02-21,قيد يدوي رقم 176 - أنشئ بواسطة محاسب ارمي,110105,عهدة بكر الجيزاني,300.0,,
176,2025-02-21,قيد يدوي رقم 176 - أنشئ بواسطة محاسب ارمي,110105,عهدة بكر الجيزاني,2200.0,,
176,2025-02-21,قيد يدوي رقم 176 - أنشئ بواسطة محاسب ارمي,1107,شركة يسم للتجارة,,300.0,
176,2025-02-21,قيد يدوي رقم 176 - أنشئ بواسطة محاسب ارمي,1107,شركة يسم للتجارة,,2200.0,
181,2025-02-21,قيد يدوي رقم 181 - أنشئ بواسطة محاسب ارمي,110105,عهدة بكر الجيزاني,,6174.0,
181,2025-02-21,قيد يدوي رقم 181 - أنشئ بواسطة محاسب ارمي,5216,مصاريف صيانه عامه بالمصنع,1000.0,,اجرة الحداد 
181,2025-02-21,قيد يدوي رقم 181 - أنشئ بواسطة محاسب ارمي,5212,مصاريف ضيافة,674.0,,فواتير اكل وشرب عمال واغراض للعمال اكل
181,2025-02-21,قيد يدوي رقم 181 - أنشئ بواسطة محاسب ارمي,5105,مصاريف وقود سيارات للموظفين,150.0,,وقود تنقلات بكر 
181,2025-02-21,قيد يدوي رقم 181 - أنشئ بواسطة محاسب ارمي,5216,مصاريف صيانه عامه بالمصنع,1200.0,,صيانة برنجات ودينمو للماكينه 
181,2025-02-21,قيد يدوي رقم 181 - أنشئ بواسطة محاسب ارمي,5105,مصاريف وقود سيارات للموظفين,350.0,,وقود تنقلات بكر 
181,2025-02-21,قيد يدوي رقم 181 - أنشئ بواسطة محاسب ارمي,5216,مصاريف صيانه عامه بالمصنع,800.0,,اجرة عمال حفر ودفن بركسات
181,2025-02-21,قيد يدوي رقم 181 - أنشئ بواسطة محاسب ارمي,5216,مصاريف صيانه عامه بالمصنع,200.0,,فرهولات للمصنع 
181,2025-02-21,قيد يدوي رقم 181 - أنشئ بواسطة محاسب ارمي,5205,عمولات وحوافز,600.0,,تحفيز من ابوفيصل لبكر 
181,2025-02-21,قيد يدوي رقم 181 - أنشئ بواسطة محاسب ارمي,5216,مصاريف صيانه عامه بالمصنع,1043.48,,ف/25928 اصلاح مواسير من الاهرام للسلامه 
181,2025-02-21,قيد يدوي رقم 181 - أنشئ بواسطة محاسب ارمي,2105,ضريبة القيمة المضافة المستحقة,156.52,,ف/25928 اصلاح مواسير من الاهرام للسلامه 
173,2025-02-24,قيد يدوي رقم 173 - أنشئ بواسطة محاسب ارمي,110501,اشرف مروان الصايغ,3600.0,,
173,2025-02-24,قيد يدوي رقم 173 - أنشئ بواسطة محاسب ارمي,1107,شركة يسم للتجارة,,3600.0,
174,2025-02-25,قيد يدوي رقم 174 - أنشئ بواسطة محاسب ارمي,5102,رواتب وأجور,4926.0,,
174,2025-02-25,قيد يدوي رقم 174 - أنشئ بواسطة محاسب ارمي,2103,الرواتب المستحقة,,4926.0,
175,2025-02-25,قيد يدوي رقم 175 - أنشئ بواسطة محاسب ارمي,2103,الرواتب المستحقة,4926.0,,
175,2025-02-25,قيد يدوي رقم 175 - أنشئ بواسطة محاسب ارمي,1107,شركة يسم للتجارة,,4926.0,
178,2025-02-25,قيد يدوي رقم 178 - أنشئ بواسطة محاسب ارمي,110105,عهدة بكر الجيزاني,850.0,,يوم 18
178,2025-02-25,قيد يدوي رقم 178 - أنشئ بواسطة محاسب ارمي,1107,شركة يسم للتجارة,,850.0,
177,2025-03-02,قيد يدوي رقم 177 - أنشئ بواسطة محاسب ارمي,110105,عهدة بكر الجيزاني,1000.0,,يوم 18
177,2025-03-02,قيد يدوي رقم 177 - أنشئ بواسطة محاسب ارمي,1107,شركة يسم للتجارة,,1000.0,
186,2025-03-04,قيد يدوي رقم 186 - أنشئ بواسطة محاسب ارمي,5202,تأمين طبي,1619.0,,تامين طبي اشرف علي حسا بالشركة 
186,2025-03-04,قيد يدوي رقم 186 - أنشئ بواسطة محاسب ارمي,110501,اشرف مروان الصايغ,1364.0,,تامين طبي للزوجه 
186,2025-03-04,قيد يدوي رقم 186 - أنشئ بواسطة محاسب ارمي,110501,اشرف مروان الصايغ,1748.0,,تامين طبي اولاد 2 لاشرف
186,2025-03-04,قيد يدوي رقم 186 - أنشئ بواسطة محاسب ارمي,2105,ضريبة القيمة المضافة المستحقة,709.65,,
186,2025-03-04,قيد يدوي رقم 186 - أنشئ بواسطة محاسب ارمي,1107,شركة يسم للتجارة,,5440.65,
184,2025-03-05,قيد يدوي رقم 184 - أنشئ بواسطة محاسب ارمي,5216,مصاريف صيانه عامه بالمصنع,780.0,,لاصق اسم الشركة بالمصنع 
184,2025-03-05,قيد يدوي رقم 184 - أنشئ بواسطة محاسب ارمي,5218,مصاريف انتقالات وسكن موظفين,600.0,,اجرة دباب توصيل اغراض للمصنع 
184,2025-03-05,قيد يدوي رقم 184 - أنشئ بواسطة محاسب ارمي,110104,عهدة اشرف الصايغ,,6260.0,
184,2025-03-05,قيد يدوي رقم 184 - أنشئ بواسطة محاسب ارمي,5220,مصاريف سكن عمال المصنع,1000.0,,عدد 2 مكيف للسكن العمال 
184,2025-03-05,قيد يدوي رقم 184 - أنشئ بواسطة محاسب ارمي,5216,مصاريف صيانه عامه بالمصنع,200.0,,جالون كيميكال تنظيف المكاين سيارات
184,2025-03-05,قيد يدوي رقم 184 - أنشئ بواسطة محاسب ارمي,5220,مصاريف سكن عمال المصنع,300.0,,شاشه ورسيفر لسكن العمال 
184,2025-03-05,قيد يدوي رقم 184 - أنشئ بواسطة محاسب ارمي,5220,مصاريف سكن عمال المصنع,500.0,,عدد 2 شبا سكن العمال 
184,2025-03-05,قيد يدوي رقم 184 - أنشئ بواسطة محاسب ارمي,5220,مصاريف سكن عمال المصنع,130.0,,حوض غسيل غرفه العمال 
184,2025-03-05,قيد يدوي رقم 184 - أنشئ بواسطة محاسب ارمي,5220,مصاريف سكن عمال المصنع,800.0,,مشمع بروكسات سكن العمال 
184,2025-03-05,قيد يدوي رقم 184 - أنشئ بواسطة محاسب ارمي,5216,مصاريف صيانه عامه بالمصنع,1425.0,,ادوات الورشة للعمال للمصنع 
184,2025-03-05,قيد يدوي رقم 184 - أنشئ بواسطة محاسب ارمي,5220,مصاريف سكن عمال المصنع,525.0,,2 سراسر لعمال المصنع 
179,2025-03-06,قيد يدوي رقم 179 - أنشئ بواسطة محاسب ارمي,110104,عهدة اشرف الصايغ,5000.0,,
179,2025-03-06,قيد يدوي رقم 179 - أنشئ بواسطة محاسب ارمي,1107,شركة يسم للتجارة,,5000.0,
185,2025-03-08,قيد يدوي رقم 185 - أنشئ بواسطة محاسب ارمي,110104,عهدة اشرف الصايغ,668.0,,
185,2025-03-08,قيد يدوي رقم 185 - أنشئ بواسطة محاسب ارمي,1107,شركة يسم للتجارة,,668.0,
190,2025-03-09,قيد يدوي رقم 190 - أنشئ بواسطة محاسب ارمي,1107,شركة يسم للتجارة,112618.44,,
190,2025-03-09,قيد يدوي رقم 190 - أنشئ بواسطة محاسب ارمي,3202,جاري الشريك سالم بالحارث,,112618.44,
191,2025-03-09,قيد يدوي رقم 191 - أنشئ بواسطة محاسب ارمي,110104,عهدة اشرف الصايغ,4000.0,,
191,2025-03-09,قيد يدوي رقم 191 - أنشئ بواسطة محاسب ارمي,3202,جاري الشريك سالم بالحارث,,4000.0,
192,2025-03-09,قيد يدوي رقم 192 - أنشئ بواسطة محاسب ارمي,110105,عهدة بكر الجيزاني,2000.0,,
192,2025-03-09,قيد يدوي رقم 192 - أنشئ بواسطة محاسب ارمي,3202,جاري الشريك سالم بالحارث,,2000.0,
193,2025-03-10,قيد يدوي رقم 193 - أنشئ بواسطة محاسب ارمي,110103,عهدة جانجير ابوعمر,5000.0,,
193,2025-03-10,قيد يدوي رقم 193 - أنشئ بواسطة محاسب ارمي,3202,جاري الشريك سالم بالحارث,,5000.0,
212,2025-03-10,قيد يدوي رقم 212 - أنشئ بواسطة محاسب ارمي,110501,اشرف مروان الصايغ,1200.0,,
212,2025-03-10,قيد يدوي رقم 212 - أنشئ بواسطة محاسب ارمي,3202,جاري الشريك سالم بالحارث,,1200.0,
194,2025-03-11,قيد يدوي رقم 194 - أنشئ بواسطة محاسب ارمي,110501,اشرف مروان الصايغ,1000.0,,
194,2025-03-11,قيد يدوي رقم 194 - أنشئ بواسطة محاسب ارمي,3202,جاري الشريك سالم بالحارث,,1000.0,
196,2025-03-16,قيد يدوي رقم 196 - أنشئ بواسطة محاسب ارمي,110201,حساب البنك الاهلي 12300001016808,350000.0,,
196,2025-03-16,قيد يدوي رقم 196 - أنشئ بواسطة محاسب ارمي,3201,جاري الشريك بدر القرني,,350000.0,
197,2025-03-16,قيد يدوي رقم 197 - أنشئ بواسطة محاسب ارمي,110103,عهدة جانجير ابوعمر,2000.0,,
197,2025-03-16,قيد يدوي رقم 197 - أنشئ بواسطة محاسب ارمي,3202,جاري الشريك سالم بالحارث,,2000.0,
310,2025-03-20,قيد يدوي رقم 310 - أنشئ بواسطة محاسب ارمي,5216,مصاريف صيانه عامه بالمصنع,4000.0,,
310,2025-03-20,قيد يدوي رقم 310 - أنشئ بواسطة محاسب ارمي,110104,عهدة اشرف الصايغ,,4000.0,
198,2025-03-21,قيد يدوي رقم 198 - أنشئ بواسطة محاسب ارمي,110103,عهدة جانجير ابوعمر,5000.0,,
198,2025-03-21,قيد يدوي رقم 198 - أنشئ بواسطة محاسب ارمي,3202,جاري الشريك سالم بالحارث,,5000.0,
199,2025-03-21,قيد يدوي رقم 199 - أنشئ بواسطة محاسب ارمي,110104,عهدة اشرف الصايغ,5000.0,,
199,2025-03-21,قيد يدوي رقم 199 - أنشئ بواسطة محاسب ارمي,3202,جاري الشريك سالم بالحارث,,5000.0,
304,2025-03-24,قيد يدوي رقم 304 - أنشئ بواسطة Kashif Ali,3202,جاري الشريك سالم بالحارث,200000.0,,
304,2025-03-24,قيد يدوي رقم 304 - أنشئ بواسطة Kashif Ali,110201,حساب البنك الاهلي 12300001016808,,200000.0,
200,2025-03-25,قيد يدوي رقم 200 - أنشئ بواسطة محاسب ارمي,5102,رواتب وأجور,6400.0,,
200,2025-03-25,قيد يدوي رقم 200 - أنشئ بواسطة محاسب ارمي,2103,الرواتب المستحقة,,6400.0,
201,2025-03-25,قيد يدوي رقم 201 - أنشئ بواسطة محاسب ارمي,2103,الرواتب المستحقة,6400.0,,
201,2025-03-25,قيد يدوي رقم 201 - أنشئ بواسطة محاسب ارمي,110104,عهدة اشرف الصايغ,,6400.0,
202,2025-03-25,قيد يدوي رقم 202 - أنشئ بواسطة محاسب ارمي,110104,عهدة اشرف الصايغ,6400.0,,
202,2025-03-25,قيد يدوي رقم 202 - أنشئ بواسطة محاسب ارمي,110104,عهدة اشرف الصايغ,46400.0,,
202,2025-03-25,قيد يدوي رقم 202 - أنشئ بواسطة محاسب ارمي,3202,جاري الشريك سالم بالحارث,,52800.0,كاش من سالم من يسم 
312,2025-03-27,قيد يدوي رقم 312 - أنشئ بواسطة محاسب ارمي,5216,مصاريف صيانه عامه بالمصنع,3676.0,,
312,2025-03-27,قيد يدوي رقم 312 - أنشئ بواسطة محاسب ارمي,110105,عهدة بكر الجيزاني,,3676.0,
205,2025-03-29,قيد يدوي رقم 205 - أنشئ بواسطة محاسب ارمي,5216,مصاريف صيانه عامه بالمصنع,1840.85,,ف/1123 قطع غيار من موردي المتخصص 
205,2025-03-29,قيد يدوي رقم 205 - أنشئ بواسطة محاسب ارمي,2105,ضريبة القيمة المضافة المستحقة,60.52,,ف/788 من العمران لمواد البناء 
205,2025-03-29,قيد يدوي رقم 205 - أنشئ بواسطة محاسب ارمي,5216,مصاريف صيانه عامه بالمصنع,417.39,,ف/404555 من بن سليمان لمواد البناء
205,2025-03-29,قيد يدوي رقم 205 - أنشئ بواسطة محاسب ارمي,2105,ضريبة القيمة المضافة المستحقة,62.61,,ف/404555 من بن سليمان لمواد البناء
205,2025-03-29,قيد يدوي رقم 205 - أنشئ بواسطة محاسب ارمي,5216,مصاريف صيانه عامه بالمصنع,69.56,,ف/874    من العمران لمواد البناء 
205,2025-03-29,قيد يدوي رقم 205 - أنشئ بواسطة محاسب ارمي,2105,ضريبة القيمة المضافة المستحقة,10.44,,ف/874    من العمران لمواد البناء 
205,2025-03-29,قيد يدوي رقم 205 - أنشئ بواسطة محاسب ارمي,5216,مصاريف صيانه عامه بالمصنع,478.26,,فاتورة   من التخصصية الجددية 
205,2025-03-29,قيد يدوي رقم 205 - أنشئ بواسطة محاسب ارمي,2105,ضريبة القيمة المضافة المستحقة,71.74,,فاتورة   من التخصصية الجددية 
205,2025-03-29,قيد يدوي رقم 205 - أنشئ بواسطة محاسب ارمي,5216,مصاريف صيانه عامه بالمصنع,252.17,,ف/8067 من دهانات الجزيرة 
205,2025-03-29,قيد يدوي رقم 205 - أنشئ بواسطة محاسب ارمي,2105,ضريبة القيمة المضافة المستحقة,37.83,,ف/8067 من دهانات الجزيرة 
205,2025-03-29,قيد يدوي رقم 205 - أنشئ بواسطة محاسب ارمي,5216,مصاريف صيانه عامه بالمصنع,863.35,,ف/2664 من نسيم بدر 
205,2025-03-29,قيد يدوي رقم 205 - أنشئ بواسطة محاسب ارمي,2105,ضريبة القيمة المضافة المستحقة,276.15,,ف/1123 قطع غيار من موردي المتخصص 
205,2025-03-29,قيد يدوي رقم 205 - أنشئ بواسطة محاسب ارمي,2105,ضريبة القيمة المضافة المستحقة,13.65,,ف/2664 من نسيم بدر 
205,2025-03-29,قيد يدوي رقم 205 - أنشئ بواسطة محاسب ارمي,5216,مصاريف صيانه عامه بالمصنع,360.0,,ف/2147 من مؤسسة البحر الاحمر 
205,2025-03-29,قيد يدوي رقم 205 - أنشئ بواسطة محاسب ارمي,2105,ضريبة القيمة المضافة المستحقة,54.0,,ف/2147 من مؤسسة البحر الاحمر 
205,2025-03-29,قيد يدوي رقم 205 - أنشئ بواسطة محاسب ارمي,5216,مصاريف صيانه عامه بالمصنع,210.33,,ف/1310 من موردي المتخصص 
205,2025-03-29,قيد يدوي رقم 205 - أنشئ بواسطة محاسب ارمي,2105,ضريبة القيمة المضافة المستحقة,31.67,,ف/1310 من موردي المتخصص 
205,2025-03-29,قيد يدوي رقم 205 - أنشئ بواسطة محاسب ارمي,5216,مصاريف صيانه عامه بالمصنع,26.08,,ف/404143 من بن سليمان 
205,2025-03-29,قيد يدوي رقم 205 - أنشئ بواسطة محاسب ارمي,2105,ضريبة القيمة المضافة المستحقة,3.92,,ف/404143 من بن سليمان 
205,2025-03-29,قيد يدوي رقم 205 - أنشئ بواسطة محاسب ارمي,5216,مصاريف صيانه عامه بالمصنع,13.04,,ف/912  من العمران لمواد البناء 
205,2025-03-29,قيد يدوي رقم 205 - أنشئ بواسطة محاسب ارمي,2105,ضريبة القيمة المضافة المستحقة,1.96,,ف/912  من العمران لمواد البناء 
205,2025-03-29,قيد يدوي رقم 205 - أنشئ بواسطة محاسب ارمي,5216,مصاريف صيانه عامه بالمصنع,559.03,,ف/7538  من الرشيدي  لمواد البناء 
205,2025-03-29,قيد يدوي رقم 205 - أنشئ بواسطة محاسب ارمي,5216,مصاريف صيانه عامه بالمصنع,14.78,,ف/921 من العمران لمواد البناء 
205,2025-03-29,قيد يدوي رقم 205 - أنشئ بواسطة محاسب ارمي,2105,ضريبة القيمة المضافة المستحقة,83.97,,ف/7538  من الرشيدي  لمواد البناء 
205,2025-03-29,قيد يدوي رقم 205 - أنشئ بواسطة محاسب ارمي,5216,مصاريف صيانه عامه بالمصنع,120.0,,مورد لونك واحد 
205,2025-03-29,قيد يدوي رقم 205 - أنشئ بواسطة محاسب ارمي,5216,مصاريف صيانه عامه بالمصنع,107.0,,مورد لونك واحد 
205,2025-03-29,قيد يدوي رقم 205 - أنشئ بواسطة محاسب ارمي,5216,مصاريف صيانه عامه بالمصنع,177.0,,مورد ابناء حامد 
205,2025-03-29,قيد يدوي رقم 205 - أنشئ بواسطة محاسب ارمي,5216,مصاريف صيانه عامه بالمصنع,71.0,,فاتورة الصاعدي
205,2025-03-29,قيد يدوي رقم 205 - أنشئ بواسطة محاسب ارمي,5105,مصاريف وقود سيارات للموظفين,1188.0,,محروقات ابوعمر فترة عمل بالمصنع 
205,2025-03-29,قيد يدوي رقم 205 - أنشئ بواسطة محاسب ارمي,5216,مصاريف صيانه عامه بالمصنع,1530.0,,اسمنت وخرسانه من ابوعمر 
205,2025-03-29,قيد يدوي رقم 205 - أنشئ بواسطة محاسب ارمي,5216,مصاريف صيانه عامه بالمصنع,6438.0,,يوميات عمال من ابوعمر للصنع 
205,2025-03-29,قيد يدوي رقم 205 - أنشئ بواسطة محاسب ارمي,110103,عهدة جانجير ابوعمر,,16926.0,
205,2025-03-29,قيد يدوي رقم 205 - أنشئ بواسطة محاسب ارمي,2105,ضريبة القيمة المضافة المستحقة,2.22,,ف/921 من العمران لمواد البناء 
205,2025-03-29,قيد يدوي رقم 205 - أنشئ بواسطة محاسب ارمي,5216,مصاريف صيانه عامه بالمصنع,726.92,,ف/858 من العمران لمواد البناء 
205,2025-03-29,قيد يدوي رقم 205 - أنشئ بواسطة محاسب ارمي,2105,ضريبة القيمة المضافة المستحقة,109.08,,ف/858 من العمران لمواد البناء 
205,2025-03-29,قيد يدوي رقم 205 - أنشئ بواسطة محاسب ارمي,5216,مصاريف صيانه عامه بالمصنع,208.61,,ف/789 من العمران لمواد البناء 
205,2025-03-29,قيد يدوي رقم 205 - أنشئ بواسطة محاسب ارمي,2105,ضريبة القيمة المضافة المستحقة,31.39,,ف/789 من العمران لمواد البناء 
205,2025-03-29,قيد يدوي رقم 205 - أنشئ بواسطة محاسب ارمي,5216,مصاريف صيانه عامه بالمصنع,403.48,,ف/788 من العمران لمواد البناء 
211,2025-03-29,قيد يدوي رقم 211 - أنشئ بواسطة محاسب ارمي,110103,عهدة جانجير ابوعمر,643.0,,
211,2025-03-29,قيد يدوي رقم 211 - أنشئ بواسطة محاسب ارمي,5216,مصاريف صيانه عامه بالمصنع,,643.0,
217,2025-04-01,قيد يدوي رقم 217 - أنشئ بواسطة محاسب ارمي,5216,مصاريف صيانه عامه بالمصنع,,300.0,
217,2025-04-01,قيد يدوي رقم 217 - أنشئ بواسطة محاسب ارمي,110502,فرج منصور فرج,150.0,,
217,2025-04-01,قيد يدوي رقم 217 - أنشئ بواسطة محاسب ارمي,110503,سيد بكري عبدالعظيم,150.0,,
203,2025-04-03,قيد يدوي رقم 203 - أنشئ بواسطة محاسب ارمي,110103,عهدة جانجير ابوعمر,5000.0,,
203,2025-04-03,قيد يدوي رقم 203 - أنشئ بواسطة محاسب ارمي,3202,جاري الشريك سالم بالحارث,,5000.0,
204,2025-04-09,قيد يدوي رقم 204 - أنشئ بواسطة محاسب ارمي,110103,عهدة جانجير ابوعمر,5000.0,,
204,2025-04-09,قيد يدوي رقم 204 - أنشئ بواسطة محاسب ارمي,3202,جاري الشريك سالم بالحارث,,5000.0,
209,2025-04-10,قيد يدوي رقم 209 - أنشئ بواسطة محاسب ارمي,5105,مصاريف وقود سيارات للموظفين,300.0,,محورقات اشرف
209,2025-04-10,قيد يدوي رقم 209 - أنشئ بواسطة محاسب ارمي,110503,سيد بكري عبدالعظيم,300.0,,سلفة تخصم من راتب ابريل 
209,2025-04-10,قيد يدوي رقم 209 - أنشئ بواسطة محاسب ارمي,110502,فرج منصور فرج,300.0,,سلفة تخصم من راتب ابريل 
209,2025-04-10,قيد يدوي رقم 209 - أنشئ بواسطة محاسب ارمي,3202,جاري الشريك سالم بالحارث,,900.0,
207,2025-04-13,قيد يدوي رقم 207 - أنشئ بواسطة محاسب ارمي,5216,مصاريف صيانه عامه بالمصنع,150.0,,فاتورة ايجار كسارة لعمل صيانة بالمصنع 
207,2025-04-13,قيد يدوي رقم 207 - أنشئ بواسطة محاسب ارمي,110103,عهدة جانجير ابوعمر,,150.0,
208,2025-04-14,قيد يدوي رقم 208 - أنشئ بواسطة محاسب ارمي,110103,عهدة جانجير ابوعمر,4000.0,,
208,2025-04-14,قيد يدوي رقم 208 - أنشئ بواسطة محاسب ارمي,3202,جاري الشريك سالم بالحارث,,4000.0,
210,2025-04-16,قيد يدوي رقم 210 - أنشئ بواسطة محاسب ارمي,110104,عهدة اشرف الصايغ,2000.0,,
210,2025-04-16,قيد يدوي رقم 210 - أنشئ بواسطة محاسب ارمي,3202,جاري الشريك سالم بالحارث,,2000.0,
206,2025-04-22,قيد يدوي رقم 206 - أنشئ بواسطة محاسب ارمي,5216,مصاريف صيانه عامه بالمصنع,200.85,,ف/37073 من جوهرة البشائر 
206,2025-04-22,قيد يدوي رقم 206 - أنشئ بواسطة محاسب ارمي,2105,ضريبة القيمة المضافة المستحقة,86.63,,ف/1337196 من ش/شركة السرو 
206,2025-04-22,قيد يدوي رقم 206 - أنشئ بواسطة محاسب ارمي,5216,مصاريف صيانه عامه بالمصنع,75.0,,فاتورة م/سند الصبحي اغراض بناء 
206,2025-04-22,قيد يدوي رقم 206 - أنشئ بواسطة محاسب ارمي,5216,مصاريف صيانه عامه بالمصنع,255.6,,ف/2836   من ش/نسيم بدر 
206,2025-04-22,قيد يدوي رقم 206 - أنشئ بواسطة محاسب ارمي,2105,ضريبة القيمة المضافة المستحقة,38.4,,ف/2836   من ش/نسيم بدر 
206,2025-04-22,قيد يدوي رقم 206 - أنشئ بواسطة محاسب ارمي,5216,مصاريف صيانه عامه بالمصنع,34.5,,ف/2886 من ش/نسيم بدر 
206,2025-04-22,قيد يدوي رقم 206 - أنشئ بواسطة محاسب ارمي,5216,مصاريف صيانه عامه بالمصنع,12.65,,ف/2986  من ش/نسيم بدر 
206,2025-04-22,قيد يدوي رقم 206 - أنشئ بواسطة محاسب ارمي,5216,مصاريف صيانه عامه بالمصنع,42.5,,ف/3026  من ش/نسيم بدر 
206,2025-04-22,قيد يدوي رقم 206 - أنشئ بواسطة محاسب ارمي,5216,مصاريف صيانه عامه بالمصنع,61.7,,فاتورة 32902 صاعدي مواد بناء 
206,2025-04-22,قيد يدوي رقم 206 - أنشئ بواسطة محاسب ارمي,2105,ضريبة القيمة المضافة المستحقة,9.3,,فاتورة 32902 صاعدي مواد بناء 
206,2025-04-22,قيد يدوي رقم 206 - أنشئ بواسطة محاسب ارمي,5216,مصاريف صيانه عامه بالمصنع,58.22,,ف/520201743 موردي المتخصص سباكة 
206,2025-04-22,قيد يدوي رقم 206 - أنشئ بواسطة محاسب ارمي,2105,ضريبة القيمة المضافة المستحقة,30.15,,ف/37073 من جوهرة البشائر 
206,2025-04-22,قيد يدوي رقم 206 - أنشئ بواسطة محاسب ارمي,2105,ضريبة القيمة المضافة المستحقة,8.78,,فاتورة 32902 صاعدي مواد بناء 
206,2025-04-22,قيد يدوي رقم 206 - أنشئ بواسطة محاسب ارمي,5216,مصاريف صيانه عامه بالمصنع,10.8,,ف/ 1337200 السرو سباكة 
206,2025-04-22,قيد يدوي رقم 206 - أنشئ بواسطة محاسب ارمي,2105,ضريبة القيمة المضافة المستحقة,1.62,,ف/ 1337200 السرو سباكة 
206,2025-04-22,قيد يدوي رقم 206 - أنشئ بواسطة محاسب ارمي,5216,مصاريف صيانه عامه بالمصنع,71.5,,ف/3239 نسيم بدر سباكة 
206,2025-04-22,قيد يدوي رقم 206 - أنشئ بواسطة محاسب ارمي,2105,ضريبة القيمة المضافة المستحقة,10.73,,ف/3239 نسيم بدر سباكة 
206,2025-04-22,قيد يدوي رقم 206 - أنشئ بواسطة محاسب ارمي,5216,مصاريف صيانه عامه بالمصنع,37.38,,ف/3116 نسيم بدر سباكة 
206,2025-04-22,قيد يدوي رقم 206 - أنشئ بواسطة محاسب ارمي,5216,مصاريف صيانه عامه بالمصنع,84.0,,ف/3104  نسيم بدر سباكة 
206,2025-04-22,قيد يدوي رقم 206 - أنشئ بواسطة محاسب ارمي,2105,ضريبة القيمة المضافة المستحقة,12.6,,ف/3104  نسيم بدر سباكة 
206,2025-04-22,قيد يدوي رقم 206 - أنشئ بواسطة محاسب ارمي,5216,مصاريف صيانه عامه بالمصنع,246.0,,ف/3084 نسيم بدر سباكة 
206,2025-04-22,قيد يدوي رقم 206 - أنشئ بواسطة محاسب ارمي,2105,ضريبة القيمة المضافة المستحقة,36.9,,ف/3084 نسيم بدر سباكة 
206,2025-04-22,قيد يدوي رقم 206 - أنشئ بواسطة محاسب ارمي,5216,مصاريف صيانه عامه بالمصنع,622.49,,ف/84020   من ش/المشارف العالمية 
206,2025-04-22,قيد يدوي رقم 206 - أنشئ بواسطة محاسب ارمي,5216,مصاريف صيانه عامه بالمصنع,306.0,,ف/3180  نسيم بدر سباكة 
206,2025-04-22,قيد يدوي رقم 206 - أنشئ بواسطة محاسب ارمي,2105,ضريبة القيمة المضافة المستحقة,45.9,,ف/3180  نسيم بدر سباكة 
206,2025-04-22,قيد يدوي رقم 206 - أنشئ بواسطة محاسب ارمي,5216,مصاريف صيانه عامه بالمصنع,13.08,,ف/3192 نسيم بدر سباكة 
206,2025-04-22,قيد يدوي رقم 206 - أنشئ بواسطة محاسب ارمي,2105,ضريبة القيمة المضافة المستحقة,1.97,,ف/3192 نسيم بدر سباكة 
206,2025-04-22,قيد يدوي رقم 206 - أنشئ بواسطة محاسب ارمي,5216,مصاريف صيانه عامه بالمصنع,1600.0,,عدد 2 باب الومنيوم من ورشة الوفاء 
206,2025-04-22,قيد يدوي رقم 206 - أنشئ بواسطة محاسب ارمي,5216,مصاريف صيانه عامه بالمصنع,3600.0,,يوميات عمال شهر ابريل 
206,2025-04-22,قيد يدوي رقم 206 - أنشئ بواسطة محاسب ارمي,5216,مصاريف صيانه عامه بالمصنع,996.0,,اكل للعمال وشبك مجره
206,2025-04-22,قيد يدوي رقم 206 - أنشئ بواسطة محاسب ارمي,5216,مصاريف صيانه عامه بالمصنع,1450.0,,خرسانه واسمنت ابريل 
206,2025-04-22,قيد يدوي رقم 206 - أنشئ بواسطة محاسب ارمي,110103,عهدة جانجير ابوعمر,,12898.0,
206,2025-04-22,قيد يدوي رقم 206 - أنشئ بواسطة محاسب ارمي,2105,ضريبة القيمة المضافة المستحقة,93.38,,ف/84020   من ش/المشارف العالمية 
206,2025-04-22,قيد يدوي رقم 206 - أنشئ بواسطة محاسب ارمي,5216,مصاريف صيانه عامه بالمصنع,1860.81,,ف/520201733 من ش/موردي المتخصص 
206,2025-04-22,قيد يدوي رقم 206 - أنشئ بواسطة محاسب ارمي,2105,ضريبة القيمة المضافة المستحقة,279.19,,ف/520201733 من ش/موردي المتخصص 
206,2025-04-22,قيد يدوي رقم 206 - أنشئ بواسطة محاسب ارمي,5216,مصاريف صيانه عامه بالمصنع,22.52,,ف/529291736  من ش/موردي المتخصص 
206,2025-04-22,قيد يدوي رقم 206 - أنشئ بواسطة محاسب ارمي,2105,ضريبة القيمة المضافة المستحقة,3.48,,ف/529291736  من ش/موردي المتخصص 
206,2025-04-22,قيد يدوي رقم 206 - أنشئ بواسطة محاسب ارمي,5216,مصاريف صيانه عامه بالمصنع,577.37,,ف/1337196 من ش/شركة السرو 
213,2025-04-23,قيد يدوي رقم 213 - أنشئ بواسطة محاسب ارمي,110103,عهدة جانجير ابوعمر,4000.0,,
213,2025-04-23,قيد يدوي رقم 213 - أنشئ بواسطة محاسب ارمي,3202,جاري الشريك سالم بالحارث,,4000.0,
311,2025-04-25,قيد يدوي رقم 311 - أنشئ بواسطة محاسب ارمي,5216,مصاريف صيانه عامه بالمصنع,2000.0,,
311,2025-04-25,قيد يدوي رقم 311 - أنشئ بواسطة محاسب ارمي,110104,عهدة اشرف الصايغ,,2000.0,
214,2025-04-28,قيد يدوي رقم 214 - أنشئ بواسطة محاسب ارمي,5102,رواتب وأجور,10000.0,,
214,2025-04-28,قيد يدوي رقم 214 - أنشئ بواسطة محاسب ارمي,2103,الرواتب المستحقة,,5100.0,راتب اشرف مع العمال 
214,2025-04-28,قيد يدوي رقم 214 - أنشئ بواسطة محاسب ارمي,2103,الرواتب المستحقة,,3000.0,حوالة عاجر ونوف ورغد
214,2025-04-28,قيد يدوي رقم 214 - أنشئ بواسطة محاسب ارمي,110501,اشرف مروان الصايغ,,1000.0,خصم قسط سلفة ابريل
214,2025-04-28,قيد يدوي رقم 214 - أنشئ بواسطة محاسب ارمي,110502,فرج منصور فرج,,450.0,خصم قسط سلفة ابريل
214,2025-04-28,قيد يدوي رقم 214 - أنشئ بواسطة محاسب ارمي,110503,سيد بكري عبدالعظيم,,450.0,خصم قسط سلفة ابريل
215,2025-04-28,قيد يدوي رقم 215 - أنشئ بواسطة محاسب ارمي,2103,الرواتب المستحقة,3000.0,,
215,2025-04-28,قيد يدوي رقم 215 - أنشئ بواسطة محاسب ارمي,1107,شركة يسم للتجارة,,3000.0,
216,2025-04-28,قيد يدوي رقم 216 - أنشئ بواسطة محاسب ارمي,2103,الرواتب المستحقة,5100.0,,
216,2025-04-28,قيد يدوي رقم 216 - أنشئ بواسطة محاسب ارمي,3202,جاري الشريك سالم بالحارث,,5100.0,
218,2025-04-29,قيد يدوي رقم 218 - أنشئ بواسطة محاسب ارمي,5212,مصاريف ضيافة,1061.0,,
218,2025-04-29,قيد يدوي رقم 218 - أنشئ بواسطة محاسب ارمي,3202,جاري الشريك سالم بالحارث,,1061.0,
221,2025-05-04,قيد يدوي رقم 221 - أنشئ بواسطة محاسب ارمي,5208,الرسوم الحكومية,8000.0,,
221,2025-05-04,قيد يدوي رقم 221 - أنشئ بواسطة محاسب ارمي,1107,شركة يسم للتجارة,,8000.0,
222,2025-05-04,قيد يدوي رقم 222 - أنشئ بواسطة محاسب ارمي,5216,مصاريف صيانه عامه بالمصنع,3860.0,,
222,2025-05-04,قيد يدوي رقم 222 - أنشئ بواسطة محاسب ارمي,1107,شركة يسم للتجارة,,3860.0,
223,2025-05-04,قيد يدوي رقم 223 - أنشئ بواسطة محاسب ارمي,5219,مصروف نقل ومواصلات,550.0,,
223,2025-05-04,قيد يدوي رقم 223 - أنشئ بواسطة محاسب ارمي,1107,شركة يسم للتجارة,,550.0,
220,2025-05-06,قيد يدوي رقم 220 - أنشئ بواسطة محاسب ارمي,5207,التأمينات الاجتماعية,2037.98,,
220,2025-05-06,قيد يدوي رقم 220 - أنشئ بواسطة محاسب ارمي,3202,جاري الشريك سالم بالحارث,,2037.98,
287,2025-05-07,قيد يدوي رقم 287 - أنشئ بواسطة محاسب ارمي,110501,اشرف مروان الصايغ,3081.0,,
287,2025-05-07,قيد يدوي رقم 287 - أنشئ بواسطة محاسب ارمي,3202,جاري الشريك سالم بالحارث,,5368.0,
287,2025-05-07,قيد يدوي رقم 287 - أنشئ بواسطة محاسب ارمي,5222,رسوم تجديد اقامات ونقل موظفين,2287.0,,تجديد اقامة اشرف الصايغ من بنك وفيزا سالم 
224,2025-05-14,قيد يدوي رقم 224 - أنشئ بواسطة محاسب ارمي,5216,مصاريف صيانه عامه بالمصنع,1800.0,,
224,2025-05-14,قيد يدوي رقم 224 - أنشئ بواسطة محاسب ارمي,2105,ضريبة القيمة المضافة المستحقة,270.0,,
224,2025-05-14,قيد يدوي رقم 224 - أنشئ بواسطة محاسب ارمي,1107,شركة يسم للتجارة,,2070.0,
225,2025-05-16,قيد يدوي رقم 225 - أنشئ بواسطة محاسب ارمي,1107,شركة يسم للتجارة,17480.0,,
225,2025-05-16,قيد يدوي رقم 225 - أنشئ بواسطة محاسب ارمي,3202,جاري الشريك سالم بالحارث,,17480.0,
226,2025-05-19,قيد يدوي رقم 226 - أنشئ بواسطة محاسب ارمي,5219,مصروف نقل ومواصلات,134.0,,
226,2025-05-19,قيد يدوي رقم 226 - أنشئ بواسطة محاسب ارمي,3202,جاري الشريك سالم بالحارث,,134.0,
227,2025-05-21,قيد يدوي رقم 227 - أنشئ بواسطة محاسب ارمي,120104,أجهزة مكتبية وطابعات,35130.43,,
227,2025-05-21,قيد يدوي رقم 227 - أنشئ بواسطة محاسب ارمي,2105,ضريبة القيمة المضافة المستحقة,5269.57,,
227,2025-05-21,قيد يدوي رقم 227 - أنشئ بواسطة محاسب ارمي,3202,جاري الشريك سالم بالحارث,,20000.0,
227,2025-05-21,قيد يدوي رقم 227 - أنشئ بواسطة محاسب ارمي,3202,جاري الشريك سالم بالحارث,,20400.0,
228,2025-05-26,قيد يدوي رقم 228 - أنشئ بواسطة محاسب ارمي,5208,الرسوم الحكومية,460.0,,
228,2025-05-26,قيد يدوي رقم 228 - أنشئ بواسطة محاسب ارمي,3202,جاري الشريك سالم بالحارث,,460.0,
230,2025-05-26,قيد يدوي رقم 230 - أنشئ بواسطة محاسب ارمي,5105,مصاريف وقود سيارات للموظفين,166.0,,بنزين سيارة ام جي سفر للمصنع من جدة شهر مايو
230,2025-05-26,قيد يدوي رقم 230 - أنشئ بواسطة محاسب ارمي,5105,مصاريف وقود سيارات للموظفين,454.0,,بنزين اشرف للمصنع من جدة شهر مايو 
230,2025-05-26,قيد يدوي رقم 230 - أنشئ بواسطة محاسب ارمي,5105,مصاريف وقود سيارات للموظفين,220.0,,مصاريف خط سفر للمصنع 
230,2025-05-26,قيد يدوي رقم 230 - أنشئ بواسطة محاسب ارمي,5216,مصاريف صيانه عامه بالمصنع,180.0,,بطارية سيارة مشاوير للمصنع 
230,2025-05-26,قيد يدوي رقم 230 - أنشئ بواسطة محاسب ارمي,5105,مصاريف وقود سيارات للموظفين,200.0,,بنزسن سوناتا للمصنع مشتراه ومبلغ لبكر معلق
230,2025-05-26,قيد يدوي رقم 230 - أنشئ بواسطة محاسب ارمي,110104,عهدة اشرف الصايغ,,1220.0,
231,2025-05-26,قيد يدوي رقم 231 - أنشئ بواسطة محاسب ارمي,110104,عهدة اشرف الصايغ,820.0,,
231,2025-05-26,قيد يدوي رقم 231 - أنشئ بواسطة محاسب ارمي,3202,جاري الشريك سالم بالحارث,,820.0,
232,2025-05-27,قيد يدوي رقم 232 - أنشئ بواسطة محاسب ارمي,2103,الرواتب المستحقة,9000.0,,
232,2025-05-27,قيد يدوي رقم 232 - أنشئ بواسطة محاسب ارمي,3202,جاري الشريك سالم بالحارث,,9000.0,
229,2025-05-28,قيد يدوي رقم 229 - أنشئ بواسطة محاسب ارمي,5102,رواتب وأجور,11170.0,,
229,2025-05-28,قيد يدوي رقم 229 - أنشئ بواسطة محاسب ارمي,2103,الرواتب المستحقة,,2000.0,راتب اشرف مدد 
229,2025-05-28,قيد يدوي رقم 229 - أنشئ بواسطة محاسب ارمي,2103,الرواتب المستحقة,,3000.0,حوالة عاجر ونوف ورغد
229,2025-05-28,قيد يدوي رقم 229 - أنشئ بواسطة محاسب ارمي,110501,اشرف مروان الصايغ,,1000.0,خصم قسط سلفة امايو
229,2025-05-28,قيد يدوي رقم 229 - أنشئ بواسطة محاسب ارمي,2103,الرواتب المستحقة,,4000.0,حوالة 2 عمال 
229,2025-05-28,قيد يدوي رقم 229 - أنشئ بواسطة محاسب ارمي,5207,التأمينات الاجتماعية,,1170.0,تامينات اجتماعية مايو
267,2025-05-29,قيد يدوي رقم 267 - أنشئ بواسطة محاسب ارمي,3202,جاري الشريك سالم بالحارث,38000.0,,
267,2025-05-29,قيد يدوي رقم 267 - أنشئ بواسطة محاسب ارمي,110104,عهدة اشرف الصايغ,,38000.0,
313,2025-05-30,قيد يدوي رقم 313 - أنشئ بواسطة محاسب ارمي,5216,مصاريف صيانه عامه بالمصنع,669.0,,
313,2025-05-30,قيد يدوي رقم 313 - أنشئ بواسطة محاسب ارمي,110103,عهدة جانجير ابوعمر,,669.0,
233,2025-06-03,قيد يدوي رقم 233 - أنشئ بواسطة محاسب ارمي,5101,تكلفة البضائع المباعة الأجزاء,8500.0,,
233,2025-06-03,قيد يدوي رقم 233 - أنشئ بواسطة محاسب ارمي,3202,جاري الشريك سالم بالحارث,,8500.0,
234,2025-06-04,قيد يدوي رقم 234 - أنشئ بواسطة محاسب ارمي,5105,مصاريف وقود سيارات للموظفين,100.0,,
234,2025-06-04,قيد يدوي رقم 234 - أنشئ بواسطة محاسب ارمي,5103,عمولات البيع,400.0,,
234,2025-06-04,قيد يدوي رقم 234 - أنشئ بواسطة محاسب ارمي,3202,جاري الشريك سالم بالحارث,,500.0,
243,2025-06-05,قيد يدوي رقم 243 - أنشئ بواسطة محاسب ارمي,5207,التأمينات الاجتماعية,2640.0,,
243,2025-06-05,قيد يدوي رقم 243 - أنشئ بواسطة محاسب ارمي,3202,جاري الشريك سالم بالحارث,,2640.0,
235,2025-06-16,قيد يدوي رقم 235 - أنشئ بواسطة محاسب ارمي,5216,مصاريف صيانه عامه بالمصنع,3200.0,,
235,2025-06-16,قيد يدوي رقم 235 - أنشئ بواسطة محاسب ارمي,1107,شركة يسم للتجارة,,3680.0,
235,2025-06-16,قيد يدوي رقم 235 - أنشئ بواسطة محاسب ارمي,2105,ضريبة القيمة المضافة المستحقة,480.0,,
236,2025-06-16,قيد يدوي رقم 236 - أنشئ بواسطة محاسب ارمي,120103,المعدات,8970.0,,
236,2025-06-16,قيد يدوي رقم 236 - أنشئ بواسطة محاسب ارمي,1107,شركة يسم للتجارة,,8970.0,
264,2025-06-16,قيد يدوي رقم 264 - أنشئ بواسطة محاسب ارمي,5101,تكلفة البضائع المباعة الأجزاء,8000.0,,
264,2025-06-16,قيد يدوي رقم 264 - أنشئ بواسطة محاسب ارمي,110104,عهدة اشرف الصايغ,,8000.0,
332,2025-06-17,قيد يدوي رقم 332 - أنشئ بواسطة Kashif Ali,1107,شركة يسم للتجارة,12650.0,,
332,2025-06-17,قيد يدوي رقم 332 - أنشئ بواسطة Kashif Ali,3202,جاري الشريك سالم بالحارث,,12650.0,
237,2025-06-19,قيد يدوي رقم 237 - أنشئ بواسطة محاسب ارمي,5105,مصاريف وقود سيارات للموظفين,138.0,,
237,2025-06-19,قيد يدوي رقم 237 - أنشئ بواسطة محاسب ارمي,3202,جاري الشريك سالم بالحارث,,138.0,
244,2025-06-22,قيد يدوي رقم 244 - أنشئ بواسطة محاسب ارمي,120104,أجهزة مكتبية وطابعات,2081.76,,
244,2025-06-22,قيد يدوي رقم 244 - أنشئ بواسطة محاسب ارمي,2105,ضريبة القيمة المضافة المستحقة,312.24,,
244,2025-06-22,قيد يدوي رقم 244 - أنشئ بواسطة محاسب ارمي,5216,مصاريف صيانه عامه بالمصنع,810.0,,قطع غيار وصيانه ام جي المصنع 
244,2025-06-22,قيد يدوي رقم 244 - أنشئ بواسطة محاسب ارمي,3202,جاري الشريك سالم بالحارث,,3204.0,
238,2025-06-23,قيد يدوي رقم 238 - أنشئ بواسطة محاسب ارمي,5101,تكلفة البضائع المباعة الأجزاء,1400.0,,
238,2025-06-23,قيد يدوي رقم 238 - أنشئ بواسطة محاسب ارمي,3202,جاري الشريك سالم بالحارث,,1400.0,
239,2025-06-24,قيد يدوي رقم 239 - أنشئ بواسطة محاسب ارمي,5101,تكلفة البضائع المباعة الأجزاء,690.0,,
239,2025-06-24,قيد يدوي رقم 239 - أنشئ بواسطة محاسب ارمي,3202,جاري الشريك سالم بالحارث,,690.0,
240,2025-06-24,قيد يدوي رقم 240 - أنشئ بواسطة محاسب ارمي,5211,مصاريف مكتبية ومطبوعات,150.0,,
240,2025-06-24,قيد يدوي رقم 240 - أنشئ بواسطة محاسب ارمي,3202,جاري الشريك سالم بالحارث,,150.0,
241,2025-06-29,قيد يدوي رقم 241 - أنشئ بواسطة محاسب ارمي,5102,رواتب وأجور,11170.0,,
241,2025-06-29,قيد يدوي رقم 241 - أنشئ بواسطة محاسب ارمي,2103,الرواتب المستحقة,,2000.0,راتب اشرف مدد 
241,2025-06-29,قيد يدوي رقم 241 - أنشئ بواسطة محاسب ارمي,2103,الرواتب المستحقة,,3000.0,حوالة هاجر ونوف ورغد
241,2025-06-29,قيد يدوي رقم 241 - أنشئ بواسطة محاسب ارمي,110501,اشرف مروان الصايغ,,1000.0,خصم قسط سلفة يونيو 
241,2025-06-29,قيد يدوي رقم 241 - أنشئ بواسطة محاسب ارمي,2103,الرواتب المستحقة,,4000.0,حوالة 2 عمال 
241,2025-06-29,قيد يدوي رقم 241 - أنشئ بواسطة محاسب ارمي,5207,التأمينات الاجتماعية,,1170.0,تامينات اجتماعية مايو
242,2025-06-29,قيد يدوي رقم 242 - أنشئ بواسطة محاسب ارمي,2103,الرواتب المستحقة,9000.0,,مدد والعمال والسعوديين 
242,2025-06-29,قيد يدوي رقم 242 - أنشئ بواسطة محاسب ارمي,3202,جاري الشريك سالم بالحارث,,9000.0,
270,2025-07-01,قيد يدوي رقم 270 - أنشئ بواسطة محاسب ارمي,5216,مصاريف صيانه عامه بالمصنع,600.0,,توصيل زيت حق ماكينة المصنع 
270,2025-07-01,قيد يدوي رقم 270 - أنشئ بواسطة محاسب ارمي,5101,تكلفة البضائع المباعة الأجزاء,500.0,,باقي قيمة سيارة النترا 
270,2025-07-01,قيد يدوي رقم 270 - أنشئ بواسطة محاسب ارمي,5101,تكلفة البضائع المباعة الأجزاء,5000.0,,عربون من قيمة سيارات 42 سيارة سكراب للمصنع مع اشرف
270,2025-07-01,قيد يدوي رقم 270 - أنشئ بواسطة محاسب ارمي,5218,مصاريف انتقالات وسكن موظفين,300.0,,وقود اشرف مع علاء مشاوير للمصنع 
270,2025-07-01,قيد يدوي رقم 270 - أنشئ بواسطة محاسب ارمي,5216,مصاريف صيانه عامه بالمصنع,200.0,,تصميم لوجود للمصنع حق السكراب 
270,2025-07-01,قيد يدوي رقم 270 - أنشئ بواسطة محاسب ارمي,5216,مصاريف صيانه عامه بالمصنع,300.0,,بويا سيارات وعمال للمصنع 
270,2025-07-01,قيد يدوي رقم 270 - أنشئ بواسطة محاسب ارمي,3202,جاري الشريك سالم بالحارث,,6900.0,حوالة من راجحي يسم نخص سالم 
245,2025-07-08,قيد يدوي رقم 245 - أنشئ بواسطة محاسب ارمي,5106,مصاريف إيجار أرض المصنع,74098.75,,
245,2025-07-08,قيد يدوي رقم 245 - أنشئ بواسطة محاسب ارمي,110402,إيجار مقدم,18275.0,,
245,2025-07-08,قيد يدوي رقم 245 - أنشئ بواسطة محاسب ارمي,3202,جاري الشريك سالم بالحارث,,92373.75,
305,2025-07-08,قيد يدوي رقم 305 - أنشئ بواسطة Kashif Ali,110102,عهدة سالم,100000.0,,
305,2025-07-08,قيد يدوي رقم 305 - أنشئ بواسطة Kashif Ali,110201,حساب البنك الاهلي 12300001016808,,100000.0,
275,2025-07-12,قيد يدوي رقم 275 - أنشئ بواسطة محاسب ارمي,5102,رواتب وأجور,4000.0,,
275,2025-07-12,قيد يدوي رقم 275 - أنشئ بواسطة محاسب ارمي,3202,جاري الشريك سالم بالحارث,,4000.0,
276,2025-07-12,قيد يدوي رقم 276 - أنشئ بواسطة محاسب ارمي,5221,مصاريف صيانة وفحص وتامين سيارات,1000.0,,
276,2025-07-12,قيد يدوي رقم 276 - أنشئ بواسطة محاسب ارمي,3202,جاري الشريك سالم بالحارث,,1000.0,
246,2025-07-19,قيد يدوي رقم 246 - أنشئ بواسطة محاسب ارمي,5216,مصاريف صيانه عامه بالمصنع,825.0,,
246,2025-07-19,قيد يدوي رقم 246 - أنشئ بواسطة محاسب ارمي,3202,جاري الشريك سالم بالحارث,,825.0,
247,2025-07-19,قيد يدوي رقم 247 - أنشئ بواسطة محاسب ارمي,5204,مصاريف الإيجار,500.0,,100 مكتب و400 من ايجار شقة لموظفين 
247,2025-07-19,قيد يدوي رقم 247 - أنشئ بواسطة محاسب ارمي,3202,جاري الشريك سالم بالحارث,,500.0,
248,2025-07-19,قيد يدوي رقم 248 - أنشئ بواسطة محاسب ارمي,5105,مصاريف وقود سيارات للموظفين,160.0,,
248,2025-07-19,قيد يدوي رقم 248 - أنشئ بواسطة محاسب ارمي,3202,جاري الشريك سالم بالحارث,,160.0,
249,2025-07-19,قيد يدوي رقم 249 - أنشئ بواسطة محاسب ارمي,5216,مصاريف صيانه عامه بالمصنع,1072.17,,
249,2025-07-19,قيد يدوي رقم 249 - أنشئ بواسطة محاسب ارمي,3202,جاري الشريك سالم بالحارث,,1072.17,
250,2025-07-20,قيد يدوي رقم 250 - أنشئ بواسطة محاسب ارمي,5204,مصاريف الإيجار,6600.0,,
250,2025-07-20,قيد يدوي رقم 250 - أنشئ بواسطة محاسب ارمي,3202,جاري الشريك سالم بالحارث,,6600.0,
251,2025-07-20,قيد يدوي رقم 251 - أنشئ بواسطة محاسب ارمي,5218,مصاريف انتقالات وسكن موظفين,200.0,,
251,2025-07-20,قيد يدوي رقم 251 - أنشئ بواسطة محاسب ارمي,3202,جاري الشريك سالم بالحارث,,200.0,
252,2025-07-21,قيد يدوي رقم 252 - أنشئ بواسطة محاسب ارمي,5218,مصاريف انتقالات وسكن موظفين,160.0,,
252,2025-07-21,قيد يدوي رقم 252 - أنشئ بواسطة محاسب ارمي,5216,مصاريف صيانه عامه بالمصنع,86.96,,
252,2025-07-21,قيد يدوي رقم 252 - أنشئ بواسطة محاسب ارمي,2105,ضريبة القيمة المضافة المستحقة,13.04,,
252,2025-07-21,قيد يدوي رقم 252 - أنشئ بواسطة محاسب ارمي,110102,عهدة سالم,,260.0,
253,2025-07-21,قيد يدوي رقم 253 - أنشئ بواسطة محاسب ارمي,5218,مصاريف انتقالات وسكن موظفين,200.0,,
253,2025-07-21,قيد يدوي رقم 253 - أنشئ بواسطة محاسب ارمي,110102,عهدة سالم,,200.0,
254,2025-07-21,قيد يدوي رقم 254 - أنشئ بواسطة محاسب ارمي,120103,المعدات,5000.0,,
254,2025-07-21,قيد يدوي رقم 254 - أنشئ بواسطة محاسب ارمي,110102,عهدة سالم,,5000.0,
255,2025-07-23,قيد يدوي رقم 255 - أنشئ بواسطة محاسب ارمي,5216,مصاريف صيانه عامه بالمصنع,300.0,,200 عربون مهندس و100 اصلاح مكيف 
255,2025-07-23,قيد يدوي رقم 255 - أنشئ بواسطة محاسب ارمي,110102,عهدة سالم,,545.0,
255,2025-07-23,قيد يدوي رقم 255 - أنشئ بواسطة محاسب ارمي,5216,مصاريف صيانه عامه بالمصنع,165.0,,
255,2025-07-23,قيد يدوي رقم 255 - أنشئ بواسطة محاسب ارمي,5218,مصاريف انتقالات وسكن موظفين,80.0,,بنزين سيارة مشوار للمصنع 
257,2025-07-23,قيد يدوي رقم 257 - أنشئ بواسطة محاسب ارمي,110106,عهدة اسلام احمد,11875.0,,من كاش محكة يسم 
257,2025-07-23,قيد يدوي رقم 257 - أنشئ بواسطة محاسب ارمي,110106,عهدة اسلام احمد,800.0,,من كاش عهدة سالم 
257,2025-07-23,قيد يدوي رقم 257 - أنشئ بواسطة محاسب ارمي,110106,عهدة اسلام احمد,1000.0,,من راجحي يسم
257,2025-07-23,قيد يدوي رقم 257 - أنشئ بواسطة محاسب ارمي,110106,عهدة اسلام احمد,5400.0,,من راجحي يسم
257,2025-07-23,قيد يدوي رقم 257 - أنشئ بواسطة محاسب ارمي,3202,جاري الشريك سالم بالحارث,,5400.0,من راجحي يسم
257,2025-07-23,قيد يدوي رقم 257 - أنشئ بواسطة محاسب ارمي,3202,جاري الشريك سالم بالحارث,,1000.0,من راجحي يسم 
257,2025-07-23,قيد يدوي رقم 257 - أنشئ بواسطة محاسب ارمي,3202,جاري الشريك سالم بالحارث,,11875.0,من كاش محطة يسم 
257,2025-07-23,قيد يدوي رقم 257 - أنشئ بواسطة محاسب ارمي,110102,عهدة سالم,,800.0,من عهدة كاش سالم 
256,2025-07-25,قيد يدوي رقم 256 - أنشئ بواسطة محاسب ارمي,5216,مصاريف صيانه عامه بالمصنع,6100.0,,
256,2025-07-25,قيد يدوي رقم 256 - أنشئ بواسطة محاسب ارمي,110102,عهدة سالم,,12890.0,
256,2025-07-25,قيد يدوي رقم 256 - أنشئ بواسطة محاسب ارمي,5216,مصاريف صيانه عامه بالمصنع,6740.0,,
256,2025-07-25,قيد يدوي رقم 256 - أنشئ بواسطة محاسب ارمي,5105,مصاريف وقود سيارات للموظفين,50.0,,وقود مشوار شراء اغراض كهرباء 
258,2025-07-27,قيد يدوي رقم 258 - أنشئ بواسطة محاسب ارمي,5216,مصاريف صيانه عامه بالمصنع,1000.0,,
258,2025-07-27,قيد يدوي رقم 258 - أنشئ بواسطة محاسب ارمي,110106,عهدة اسلام احمد,,1000.0,
259,2025-07-27,قيد يدوي رقم 259 - أنشئ بواسطة محاسب ارمي,5218,مصاريف انتقالات وسكن موظفين,4200.0,,فاتورة دواليب ومراتب وسراير سكن موظفي المصنع 
259,2025-07-27,قيد يدوي رقم 259 - أنشئ بواسطة محاسب ارمي,110106,عهدة اسلام احمد,,5860.0,
259,2025-07-27,قيد يدوي رقم 259 - أنشئ بواسطة محاسب ارمي,5218,مصاريف انتقالات وسكن موظفين,800.0,,توصيل اغراض سكن المصنع 
259,2025-07-27,قيد يدوي رقم 259 - أنشئ بواسطة محاسب ارمي,5105,مصاريف وقود سيارات للموظفين,190.0,,وقود سيارة اسلام مشاوير من جدة للمصنع 
259,2025-07-27,قيد يدوي رقم 259 - أنشئ بواسطة محاسب ارمي,5218,مصاريف انتقالات وسكن موظفين,100.0,,اكل لعمال كهرباء اصلاح اعطال كهرباء المصنع 
259,2025-07-27,قيد يدوي رقم 259 - أنشئ بواسطة محاسب ارمي,5216,مصاريف صيانه عامه بالمصنع,570.0,,فاتورة اغراض وقطع غيار اصلاح اعطال كهرباء المصنع 
260,2025-07-28,قيد يدوي رقم 260 - أنشئ بواسطة محاسب ارمي,110106,عهدة اسلام احمد,1650.0,,
260,2025-07-28,قيد يدوي رقم 260 - أنشئ بواسطة محاسب ارمي,3202,جاري الشريك سالم بالحارث,,1650.0,
261,2025-07-28,قيد يدوي رقم 261 - أنشئ بواسطة محاسب ارمي,5218,مصاريف انتقالات وسكن موظفين,6739.13,,
261,2025-07-28,قيد يدوي رقم 261 - أنشئ بواسطة محاسب ارمي,2105,ضريبة القيمة المضافة المستحقة,1010.87,,ف/3032 اجهزة كهربائية لسكن عمال المصنع من الهيبة الكاملة 
261,2025-07-28,قيد يدوي رقم 261 - أنشئ بواسطة محاسب ارمي,5218,مصاريف انتقالات وسكن موظفين,150.0,,توصيل اغراض سكن الموظفين 
261,2025-07-28,قيد يدوي رقم 261 - أنشئ بواسطة محاسب ارمي,5105,مصاريف وقود سيارات للموظفين,94.0,,وقود سيارة اسلام مشوار تركيب اجهزة سكن العمال 
261,2025-07-28,قيد يدوي رقم 261 - أنشئ بواسطة محاسب ارمي,110106,عهدة اسلام احمد,,7994.0,
262,2025-07-28,قيد يدوي رقم 262 - أنشئ بواسطة محاسب ارمي,5102,رواتب وأجور,11000.0,,
262,2025-07-28,قيد يدوي رقم 262 - أنشئ بواسطة محاسب ارمي,2103,الرواتب المستحقة,,3000.0,راتب اشرف ونوف  مدد 
262,2025-07-28,قيد يدوي رقم 262 - أنشئ بواسطة محاسب ارمي,2103,الرواتب المستحقة,,3000.0,حوالة هاجر ريفال ورغد
262,2025-07-28,قيد يدوي رقم 262 - أنشئ بواسطة محاسب ارمي,110501,اشرف مروان الصايغ,,1000.0,خصم قسط سلفة يوليو 
262,2025-07-28,قيد يدوي رقم 262 - أنشئ بواسطة محاسب ارمي,2103,الرواتب المستحقة,,4000.0,حوالة 2 عمال  لاسلام 
263,2025-07-28,قيد يدوي رقم 263 - أنشئ بواسطة محاسب ارمي,2103,الرواتب المستحقة,3000.0,,رواتب مدد يوليو 
263,2025-07-28,قيد يدوي رقم 263 - أنشئ بواسطة محاسب ارمي,3202,جاري الشريك سالم بالحارث,,10000.0,
263,2025-07-28,قيد يدوي رقم 263 - أنشئ بواسطة محاسب ارمي,2103,الرواتب المستحقة,3000.0,,االسعوديين
263,2025-07-28,قيد يدوي رقم 263 - أنشئ بواسطة محاسب ارمي,2103,الرواتب المستحقة,4000.0,,2 عمال مصريين 
278,2025-07-28,قيد يدوي رقم 278 - أنشئ بواسطة محاسب ارمي,5216,مصاريف صيانه عامه بالمصنع,5500.0,,
278,2025-07-28,قيد يدوي رقم 278 - أنشئ بواسطة محاسب ارمي,3202,جاري الشريك سالم بالحارث,,5500.0,
265,2025-07-29,قيد يدوي رقم 265 - أنشئ بواسطة محاسب ارمي,5221,مصاريف صيانة وفحص وتامين سيارات,215.0,,
265,2025-07-29,قيد يدوي رقم 265 - أنشئ بواسطة محاسب ارمي,110106,عهدة اسلام احمد,,215.0,
266,2025-07-29,قيد يدوي رقم 266 - أنشئ بواسطة محاسب ارمي,5216,مصاريف صيانه عامه بالمصنع,24.0,,فاتورة قطع غيار كهرباء من الخلاقي 
266,2025-07-29,قيد يدوي رقم 266 - أنشئ بواسطة محاسب ارمي,2105,ضريبة القيمة المضافة المستحقة,41.74,,ف/6976 قطع كهرباء صيانة بالمصنع من الكتروتل
266,2025-07-29,قيد يدوي رقم 266 - أنشئ بواسطة محاسب ارمي,5216,مصاريف صيانه عامه بالمصنع,278.26,,ف/6976 قطع كهرباء صيانة بالمصنع من الكتروتل
266,2025-07-29,قيد يدوي رقم 266 - أنشئ بواسطة محاسب ارمي,2105,ضريبة القيمة المضافة المستحقة,654.04,,ف/52510507+52500746 مرتجع قطع كهرباؤ من الموسي للكابلات
266,2025-07-29,قيد يدوي رقم 266 - أنشئ بواسطة محاسب ارمي,5216,مصاريف صيانه عامه بالمصنع,4361.96,,ف/52510507+52500746 مرتجع قطع كهرباؤ من الموسي للكابلات
266,2025-07-29,قيد يدوي رقم 266 - أنشئ بواسطة محاسب ارمي,110106,عهدة اسلام احمد,,5360.0,
268,2025-07-30,قيد يدوي رقم 268 - أنشئ بواسطة محاسب ارمي,5217,مصاريف مياه وكهرباء,839.73,,
268,2025-07-30,قيد يدوي رقم 268 - أنشئ بواسطة محاسب ارمي,3202,جاري الشريك سالم بالحارث,,839.73,
269,2025-07-30,قيد يدوي رقم 269 - أنشئ بواسطة محاسب ارمي,5105,مصاريف وقود سيارات للموظفين,340.0,,
269,2025-07-30,قيد يدوي رقم 269 - أنشئ بواسطة محاسب ارمي,110102,عهدة سالم,,340.0,
277,2025-07-31,قيد يدوي رقم 277 - أنشئ بواسطة محاسب ارمي,5218,مصاريف انتقالات وسكن موظفين,500.0,,
277,2025-07-31,قيد يدوي رقم 277 - أنشئ بواسطة محاسب ارمي,3202,جاري الشريك سالم بالحارث,,500.0,
273,2025-08-01,قيد يدوي رقم 273 - أنشئ بواسطة محاسب ارمي,110106,عهدة اسلام احمد,500.0,,
273,2025-08-01,قيد يدوي رقم 273 - أنشئ بواسطة محاسب ارمي,3202,جاري الشريك سالم بالحارث,,500.0,
297,2025-08-01,قيد يدوي رقم 297 - أنشئ بواسطة محاسب ارمي,5101,تكلفة البضائع المباعة الأجزاء,51000.0,,42 car  secrab
297,2025-08-01,قيد يدوي رقم 297 - أنشئ بواسطة محاسب ارمي,110102,عهدة سالم,,51000.0,
271,2025-08-02,قيد يدوي رقم 271 - أنشئ بواسطة محاسب ارمي,110102,عهدة سالم,,290.0,
271,2025-08-02,قيد يدوي رقم 271 - أنشئ بواسطة محاسب ارمي,110106,عهدة اسلام احمد,290.0,,
272,2025-08-02,قيد يدوي رقم 272 - أنشئ بواسطة محاسب ارمي,110106,عهدة اسلام احمد,1400.0,,
272,2025-08-02,قيد يدوي رقم 272 - أنشئ بواسطة محاسب ارمي,3202,جاري الشريك سالم بالحارث,,1400.0,
274,2025-08-02,قيد يدوي رقم 274 - أنشئ بواسطة محاسب ارمي,2105,ضريبة القيمة المضافة المستحقة,3.0,,ف/15770 من المتحدة ريشة للمصنع
274,2025-08-02,قيد يدوي رقم 274 - أنشئ بواسطة محاسب ارمي,5216,مصاريف صيانه عامه بالمصنع,20.0,,ف/15770 من المتحدة ريشة للمصنع
274,2025-08-02,قيد يدوي رقم 274 - أنشئ بواسطة محاسب ارمي,2105,ضريبة القيمة المضافة المستحقة,151.17,,ف/19843 من المشارف اغراض كهرباء
274,2025-08-02,قيد يدوي رقم 274 - أنشئ بواسطة محاسب ارمي,5216,مصاريف صيانه عامه بالمصنع,1007.83,,ف/19843 من المشارف اغراض كهرباء
274,2025-08-02,قيد يدوي رقم 274 - أنشئ بواسطة محاسب ارمي,2105,ضريبة القيمة المضافة المستحقة,35.22,,ض/ ف- 6501 قطع غيار من البدر للمصنع 
274,2025-08-02,قيد يدوي رقم 274 - أنشئ بواسطة محاسب ارمي,5216,مصاريف صيانه عامه بالمصنع,234.78,,ض/ ف- 6501 قطع غيار من البدر للمصنع 
274,2025-08-02,قيد يدوي رقم 274 - أنشئ بواسطة محاسب ارمي,5216,مصاريف صيانه عامه بالمصنع,436.0,,ف/سند الصبحي قكع غيار كهرباء 
274,2025-08-02,قيد يدوي رقم 274 - أنشئ بواسطة محاسب ارمي,5218,مصاريف انتقالات وسكن موظفين,598.0,,وقود مشاوير اسلام للمصنع من 7/28 الي 8/2
274,2025-08-02,قيد يدوي رقم 274 - أنشئ بواسطة محاسب ارمي,110106,عهدة اسلام احمد,,2486.0,
279,2025-08-03,قيد يدوي رقم 279 - أنشئ بواسطة محاسب ارمي,5216,مصاريف صيانه عامه بالمصنع,1200.0,,
279,2025-08-03,قيد يدوي رقم 279 - أنشئ بواسطة محاسب ارمي,3202,جاري الشريك سالم بالحارث,,1200.0,
280,2025-08-03,قيد يدوي رقم 280 - أنشئ بواسطة محاسب ارمي,5105,مصاريف وقود سيارات للموظفين,286.0,,وقود 3 ايام من جدة للمصنع والعكس اسلام 
280,2025-08-03,قيد يدوي رقم 280 - أنشئ بواسطة محاسب ارمي,5212,مصاريف ضيافة,50.0,,فطور وغدا عمال اصلاح كهرباء المصنع 
280,2025-08-03,قيد يدوي رقم 280 - أنشئ بواسطة محاسب ارمي,5216,مصاريف صيانه عامه بالمصنع,381.0,,فواتير اغراض كهرباء اصلاح لاعطال
280,2025-08-03,قيد يدوي رقم 280 - أنشئ بواسطة محاسب ارمي,110102,عهدة سالم,,717.0,
282,2025-08-07,قيد يدوي رقم 282 - أنشئ بواسطة محاسب ارمي,5105,مصاريف وقود سيارات للموظفين,158.0,,
282,2025-08-07,قيد يدوي رقم 282 - أنشئ بواسطة محاسب ارمي,110102,عهدة سالم,,158.0,
281,2025-08-09,قيد يدوي رقم 281 - أنشئ بواسطة محاسب ارمي,5208,الرسوم الحكومية,4267.22,,
281,2025-08-09,قيد يدوي رقم 281 - أنشئ بواسطة محاسب ارمي,3202,جاري الشريك سالم بالحارث,,4267.22,
283,2025-08-09,قيد يدوي رقم 283 - أنشئ بواسطة محاسب ارمي,5105,مصاريف وقود سيارات للموظفين,162.0,,
283,2025-08-09,قيد يدوي رقم 283 - أنشئ بواسطة محاسب ارمي,110102,عهدة سالم,,1062.0,
283,2025-08-09,قيد يدوي رقم 283 - أنشئ بواسطة محاسب ارمي,5216,مصاريف صيانه عامه بالمصنع,400.0,,لجرة فني لحام اصلاح الماكينة 
283,2025-08-09,قيد يدوي رقم 283 - أنشئ بواسطة محاسب ارمي,5216,مصاريف صيانه عامه بالمصنع,500.0,,دفعة كهربائي اعمال الكهرباء 
284,2025-08-10,قيد يدوي رقم 284 - أنشئ بواسطة محاسب ارمي,110106,عهدة اسلام احمد,1000.0,,
284,2025-08-10,قيد يدوي رقم 284 - أنشئ بواسطة محاسب ارمي,110102,عهدة سالم,,1000.0,
285,2025-08-10,قيد يدوي رقم 285 - أنشئ بواسطة محاسب ارمي,120103,المعدات,60000.0,,
285,2025-08-10,قيد يدوي رقم 285 - أنشئ بواسطة محاسب ارمي,3202,جاري الشريك سالم بالحارث,,60000.0,
286,2025-08-10,قيد يدوي رقم 286 - أنشئ بواسطة محاسب ارمي,110104,عهدة اشرف الصايغ,2000.0,,
286,2025-08-10,قيد يدوي رقم 286 - أنشئ بواسطة محاسب ارمي,110102,عهدة سالم,,2000.0,
303,2025-08-12,قيد يدوي رقم 303 - أنشئ بواسطة Kashif Ali,110201,حساب البنك الاهلي 12300001016808,250000.0,,
303,2025-08-12,قيد يدوي رقم 303 - أنشئ بواسطة Kashif Ali,3201,جاري الشريك بدر القرني,,250000.0,
326,2025-08-13,قيد يدوي رقم 326 - أنشئ بواسطة Kashif Ali,110501,اشرف مروان الصايغ,3700.0,,
326,2025-08-13,قيد يدوي رقم 326 - أنشئ بواسطة Kashif Ali,3202,جاري الشريك سالم بالحارث,,3700.0,
288,2025-08-14,قيد يدوي رقم 288 - أنشئ بواسطة محاسب ارمي,5204,مصاريف الإيجار,2000.0,,
288,2025-08-14,قيد يدوي رقم 288 - أنشئ بواسطة محاسب ارمي,110102,عهدة سالم,,2000.0,
289,2025-08-16,قيد يدوي رقم 289 - أنشئ بواسطة محاسب ارمي,5219,مصروف نقل ومواصلات,2500.0,,
289,2025-08-16,قيد يدوي رقم 289 - أنشئ بواسطة محاسب ارمي,110102,عهدة سالم,,2500.0,
290,2025-08-16,قيد يدوي رقم 290 - أنشئ بواسطة محاسب ارمي,5211,مصاريف مكتبية ومطبوعات,1000.0,,
290,2025-08-16,قيد يدوي رقم 290 - أنشئ بواسطة محاسب ارمي,110102,عهدة سالم,,1000.0,
291,2025-08-16,قيد يدوي رقم 291 - أنشئ بواسطة محاسب ارمي,110106,عهدة اسلام احمد,500.0,,
291,2025-08-16,قيد يدوي رقم 291 - أنشئ بواسطة محاسب ارمي,110102,عهدة سالم,,500.0,
292,2025-08-17,قيد يدوي رقم 292 - أنشئ بواسطة محاسب ارمي,5105,مصاريف وقود سيارات للموظفين,590.0,,
292,2025-08-17,قيد يدوي رقم 292 - أنشئ بواسطة محاسب ارمي,110106,عهدة اسلام احمد,,676.0,
292,2025-08-17,قيد يدوي رقم 292 - أنشئ بواسطة محاسب ارمي,5212,مصاريف ضيافة,86.0,,
293,2025-08-17,قيد يدوي رقم 293 - أنشئ بواسطة Kashif Ali,5205,عمولات وحوافز,500.0,,
293,2025-08-17,قيد يدوي رقم 293 - أنشئ بواسطة Kashif Ali,110102,عهدة سالم,,500.0,
294,2025-08-18,قيد يدوي رقم 294 - أنشئ بواسطة Kashif Ali,5216,مصاريف صيانه عامه بالمصنع,1000.0,,Cash givin  to Islam for electricity work in Factory 
294,2025-08-18,قيد يدوي رقم 294 - أنشئ بواسطة Kashif Ali,110102,عهدة سالم,,1000.0,Cash givin  to Islam for electricity work in Factory 
295,2025-08-18,قيد يدوي رقم 295 - أنشئ بواسطة Kashif Ali,5216,مصاريف صيانه عامه بالمصنع,2000.0,,Cash given to Ashraf Repair Machinery
295,2025-08-18,قيد يدوي رقم 295 - أنشئ بواسطة Kashif Ali,110102,عهدة سالم,,2000.0,Cash given to Ashraf Repair Machinery
296,2025-08-19,قيد يدوي رقم 296 - أنشئ بواسطة محاسب ارمي,5105,مصاريف وقود سيارات للموظفين,980.0,,
296,2025-08-19,قيد يدوي رقم 296 - أنشئ بواسطة محاسب ارمي,110102,عهدة سالم,,430.0,
296,2025-08-19,قيد يدوي رقم 296 - أنشئ بواسطة محاسب ارمي,110104,عهدة اشرف الصايغ,,2000.0,
296,2025-08-19,قيد يدوي رقم 296 - أنشئ بواسطة محاسب ارمي,5218,مصاريف انتقالات وسكن موظفين,1450.0,,ايجار فندق وصاريف الخط
298,2025-08-19,قيد يدوي رقم 298 - أنشئ بواسطة Kashif Ali,110104,عهدة اشرف الصايغ,2000.0,,
298,2025-08-19,قيد يدوي رقم 298 - أنشئ بواسطة Kashif Ali,110102,عهدة سالم,,2000.0,
299,2025-08-23,قيد يدوي رقم 299 - أنشئ بواسطة Kashif Ali,5221,مصاريف صيانة وفحص وتامين سيارات,140.0,,Car maintenance and oil change expense islam car
299,2025-08-23,قيد يدوي رقم 299 - أنشئ بواسطة Kashif Ali,110106,عهدة اسلام احمد,,140.0,Car maintenance and oil change expense islam car
299,2025-08-23,قيد يدوي رقم 299 - أنشئ بواسطة Kashif Ali,5105,مصاريف وقود سيارات للموظفين,361.0,,Fuel Expense 18-08-25 to 22-08-25 islam 
299,2025-08-23,قيد يدوي رقم 299 - أنشئ بواسطة Kashif Ali,110106,عهدة اسلام احمد,,361.0,Fuel Expense 18-08-25 to 22-08-25 islam 
299,2025-08-23,قيد يدوي رقم 299 - أنشئ بواسطة Kashif Ali,5212,مصاريف ضيافة,65.0,,Food Expense Armi Factory Supporting not found
299,2025-08-23,قيد يدوي رقم 299 - أنشئ بواسطة Kashif Ali,110106,عهدة اسلام احمد,,65.0,Food Expense Armi Factory Supporting not found
300,2025-08-23,قيد يدوي رقم 300 - أنشئ بواسطة Kashif Ali,110106,عهدة اسلام احمد,200.0,,cash given to islam 
300,2025-08-23,قيد يدوي رقم 300 - أنشئ بواسطة Kashif Ali,110102,عهدة سالم,,200.0,cash given to islam 
301,2025-08-24,قيد يدوي رقم 301 - أنشئ بواسطة Kashif Ali,5212,مصاريف ضيافة,330.0,,Mobile phone purchased for Alaa
301,2025-08-24,قيد يدوي رقم 301 - أنشئ بواسطة Kashif Ali,110102,عهدة سالم,,330.0,Mobile phone purchased for Alaa
302,2025-08-24,قيد يدوي رقم 302 - أنشئ بواسطة Kashif Ali,5216,مصاريف صيانه عامه بالمصنع,1500.0,,
302,2025-08-24,قيد يدوي رقم 302 - أنشئ بواسطة Kashif Ali,110102,عهدة سالم,,1500.0,
306,2025-08-24,قيد يدوي رقم 306 - أنشئ بواسطة Kashif Ali,3202,جاري الشريك سالم بالحارث,200000.0,,
306,2025-08-24,قيد يدوي رقم 306 - أنشئ بواسطة Kashif Ali,110201,حساب البنك الاهلي 12300001016808,,200000.0,
307,2025-08-25,قيد يدوي رقم 307 - أنشئ بواسطة Kashif Ali,5216,مصاريف صيانه عامه بالمصنع,1000.0,,
307,2025-08-25,قيد يدوي رقم 307 - أنشئ بواسطة Kashif Ali,3202,جاري الشريك سالم بالحارث,,1000.0,
308,2025-08-25,قيد يدوي رقم 308 - أنشئ بواسطة Kashif Ali,120103,المعدات,56000.0,,
308,2025-08-25,قيد يدوي رقم 308 - أنشئ بواسطة Kashif Ali,3202,جاري الشريك سالم بالحارث,,50000.0,
308,2025-08-25,قيد يدوي رقم 308 - أنشئ بواسطة Kashif Ali,3202,جاري الشريك سالم بالحارث,,5000.0,
308,2025-08-25,قيد يدوي رقم 308 - أنشئ بواسطة Kashif Ali,110102,عهدة سالم,,1000.0,
309,2025-08-26,قيد يدوي رقم 309 - أنشئ بواسطة Kashif Ali,1204,مشروعات تحت التنفيذ,3000.0,,
309,2025-08-26,قيد يدوي رقم 309 - أنشئ بواسطة Kashif Ali,3202,جاري الشريك سالم بالحارث,,3000.0,
314,2025-08-27,قيد يدوي رقم 314 - أنشئ بواسطة Kashif Ali,5102,رواتب وأجور,13250.0,,
314,2025-08-27,قيد يدوي رقم 314 - أنشئ بواسطة Kashif Ali,110501,اشرف مروان الصايغ,,1000.0,
314,2025-08-27,قيد يدوي رقم 314 - أنشئ بواسطة Kashif Ali,2103,الرواتب المستحقة,,12250.0,
315,2025-08-27,قيد يدوي رقم 315 - أنشئ بواسطة Kashif Ali,5101,تكلفة البضائع المباعة الأجزاء,4000.0,,
315,2025-08-27,قيد يدوي رقم 315 - أنشئ بواسطة Kashif Ali,110102,عهدة سالم,,4000.0,
316,2025-08-28,قيد يدوي رقم 316 - أنشئ بواسطة Kashif Ali,5105,مصاريف وقود سيارات للموظفين,172.55,,
316,2025-08-28,قيد يدوي رقم 316 - أنشئ بواسطة Kashif Ali,110106,عهدة اسلام احمد,,172.55,
317,2025-08-28,قيد يدوي رقم 317 - أنشئ بواسطة Kashif Ali,5105,مصاريف وقود سيارات للموظفين,100.0,,
317,2025-08-28,قيد يدوي رقم 317 - أنشئ بواسطة Kashif Ali,110106,عهدة اسلام احمد,,100.0,
318,2025-08-28,قيد يدوي رقم 318 - أنشئ بواسطة Kashif Ali,2103,الرواتب المستحقة,2250.0,,
318,2025-08-28,قيد يدوي رقم 318 - أنشئ بواسطة Kashif Ali,110102,عهدة سالم,,2250.0,
319,2025-08-28,قيد يدوي رقم 319 - أنشئ بواسطة Kashif Ali,5206,تذاكر سفر,521.74,,Hotel Invoice 001660
319,2025-08-28,قيد يدوي رقم 319 - أنشئ بواسطة Kashif Ali,110102,عهدة سالم,,655.0,
319,2025-08-28,قيد يدوي رقم 319 - أنشئ بواسطة Kashif Ali,2105,ضريبة القيمة المضافة المستحقة,78.26,,Hotel Invoice 001660
319,2025-08-28,قيد يدوي رقم 319 - أنشئ بواسطة Kashif Ali,5206,تذاكر سفر,55.0,,
320,2025-08-28,قيد يدوي رقم 320 - أنشئ بواسطة Kashif Ali,120105,مركبات,15000.0,,
320,2025-08-28,قيد يدوي رقم 320 - أنشئ بواسطة Kashif Ali,3202,جاري الشريك سالم بالحارث,,15000.0,
321,2025-08-30,قيد يدوي رقم 321 - أنشئ بواسطة Kashif Ali,2103,الرواتب المستحقة,10000.0,,
321,2025-08-30,قيد يدوي رقم 321 - أنشئ بواسطة Kashif Ali,3202,جاري الشريك سالم بالحارث,,10000.0,
322,2025-08-31,قيد يدوي رقم 322 - أنشئ بواسطة Kashif Ali,5101,تكلفة البضائع المباعة الأجزاء,450.0,,
322,2025-08-31,قيد يدوي رقم 322 - أنشئ بواسطة Kashif Ali,3202,جاري الشريك سالم بالحارث,,450.0,
323,2025-09-01,قيد يدوي رقم 323 - أنشئ بواسطة Kashif Ali,5211,مصاريف مكتبية ومطبوعات,140.0,,
323,2025-09-01,قيد يدوي رقم 323 - أنشئ بواسطة Kashif Ali,110102,عهدة سالم,,140.0,
324,2025-09-01,قيد يدوي رقم 324 - أنشئ بواسطة Kashif Ali,5105,مصاريف وقود سيارات للموظفين,232.0,,
324,2025-09-01,قيد يدوي رقم 324 - أنشئ بواسطة Kashif Ali,5206,تذاكر سفر,31.0,,
324,2025-09-01,قيد يدوي رقم 324 - أنشئ بواسطة Kashif Ali,110106,عهدة اسلام احمد,,263.0,
325,2025-09-02,قيد يدوي رقم 325 - أنشئ بواسطة Kashif Ali,110106,عهدة اسلام احمد,77.0,,
325,2025-09-02,قيد يدوي رقم 325 - أنشئ بواسطة Kashif Ali,110102,عهدة سالم,,77.0,
327,2025-09-02,قيد يدوي رقم 327 - أنشئ بواسطة Kashif Ali,5105,مصاريف وقود سيارات للموظفين,82.0,,
327,2025-09-02,قيد يدوي رقم 327 - أنشئ بواسطة Kashif Ali,110106,عهدة اسلام احمد,,82.0,
328,2025-09-02,قيد يدوي رقم 328 - أنشئ بواسطة Kashif Ali,5217,مصاريف مياه وكهرباء,120.0,,
328,2025-09-02,قيد يدوي رقم 328 - أنشئ بواسطة Kashif Ali,110106,عهدة اسلام احمد,,120.0,
329,2025-09-02,قيد يدوي رقم 329 - أنشئ بواسطة Kashif Ali,110106,عهدة اسلام احمد,200.0,,
329,2025-09-02,قيد يدوي رقم 329 - أنشئ بواسطة Kashif Ali,110102,عهدة سالم,,200.0,
330,2025-09-02,قيد يدوي رقم 330 - أنشئ بواسطة Kashif Ali,5206,تذاكر سفر,130.43,,Invoice no 1663
330,2025-09-02,قيد يدوي رقم 330 - أنشئ بواسطة Kashif Ali,110102,عهدة سالم,,300.0,
330,2025-09-02,قيد يدوي رقم 330 - أنشئ بواسطة Kashif Ali,2105,ضريبة القيمة المضافة المستحقة,19.57,,Invoice no 1663
330,2025-09-02,قيد يدوي رقم 330 - أنشئ بواسطة Kashif Ali,5206,تذاكر سفر,150.0,,
331,2025-09-02,قيد يدوي رقم 331 - أنشئ بواسطة Kashif Ali,5207,التأمينات الاجتماعية,3660.0,,
331,2025-09-02,قيد يدوي رقم 331 - أنشئ بواسطة Kashif Ali,3202,جاري الشريك سالم بالحارث,,3660.0,
454,2025-09-02,قيد يدوي رقم 454 - أنشئ بواسطة Kashif Ali,5207,التأمينات الاجتماعية,3660.0,,
454,2025-09-02,قيد يدوي رقم 454 - أنشئ بواسطة Kashif Ali,1107,شركة يسم للتجارة,,3660.0,
333,2025-09-03,قيد يدوي رقم 333 - أنشئ بواسطة Kashif Ali,5216,مصاريف صيانه عامه بالمصنع,3043.48,,
333,2025-09-03,قيد يدوي رقم 333 - أنشئ بواسطة Kashif Ali,2105,ضريبة القيمة المضافة المستحقة,456.52,,
333,2025-09-03,قيد يدوي رقم 333 - أنشئ بواسطة Kashif Ali,3202,جاري الشريك سالم بالحارث,,3500.0,
334,2025-09-03,قيد يدوي رقم 334 - أنشئ بواسطة Kashif Ali,5206,تذاكر سفر,339.13,,Hotel Invoice No. 001670
334,2025-09-03,قيد يدوي رقم 334 - أنشئ بواسطة Kashif Ali,110102,عهدة سالم,,390.0,
334,2025-09-03,قيد يدوي رقم 334 - أنشئ بواسطة Kashif Ali,2105,ضريبة القيمة المضافة المستحقة,50.87,,Hotel Invoice No. 001670
335,2025-09-03,قيد يدوي رقم 335 - أنشئ بواسطة Kashif Ali,120103,المعدات,4000.0,,
335,2025-09-03,قيد يدوي رقم 335 - أنشئ بواسطة Kashif Ali,3202,جاري الشريك سالم بالحارث,,4000.0,
494,2025-09-03,قيد يدوي رقم 494 - أنشئ بواسطة Kashif Ali,5224,نفقات غاز الأكسجين,300.0,,
494,2025-09-03,قيد يدوي رقم 494 - أنشئ بواسطة Kashif Ali,1107,شركة يسم للتجارة,,300.0,
336,2025-09-04,قيد يدوي رقم 336 - أنشئ بواسطة Kashif Ali,5105,مصاريف وقود سيارات للموظفين,103.0,,
336,2025-09-04,قيد يدوي رقم 336 - أنشئ بواسطة Kashif Ali,5206,تذاكر سفر,30.0,,
336,2025-09-04,قيد يدوي رقم 336 - أنشئ بواسطة Kashif Ali,110106,عهدة اسلام احمد,,133.0,
337,2025-09-04,قيد يدوي رقم 337 - أنشئ بواسطة Kashif Ali,110504,علا (مدير الإنتاج),500.0,,
337,2025-09-04,قيد يدوي رقم 337 - أنشئ بواسطة Kashif Ali,110102,عهدة سالم,,500.0,
338,2025-09-04,قيد يدوي رقم 338 - أنشئ بواسطة Kashif Ali,110505,إبراهيم عبد الله (سائق بروكلين),300.0,,
338,2025-09-04,قيد يدوي رقم 338 - أنشئ بواسطة Kashif Ali,110106,عهدة اسلام احمد,,300.0,
339,2025-09-04,قيد يدوي رقم 339 - أنشئ بواسطة Kashif Ali,110106,عهدة اسلام احمد,500.0,,
339,2025-09-04,قيد يدوي رقم 339 - أنشئ بواسطة Kashif Ali,110102,عهدة سالم,,266.0,
339,2025-09-04,قيد يدوي رقم 339 - أنشئ بواسطة Kashif Ali,3202,جاري الشريك سالم بالحارث,,234.0,
340,2025-09-06,قيد يدوي رقم 340 - أنشئ بواسطة Kashif Ali,5216,مصاريف صيانه عامه بالمصنع,985.0,,
340,2025-09-06,قيد يدوي رقم 340 - أنشئ بواسطة Kashif Ali,3202,جاري الشريك سالم بالحارث,,985.0,
343,2025-09-06,قيد يدوي رقم 343 - أنشئ بواسطة Kashif Ali,5219,مصروف نقل ومواصلات,6800.0,,
343,2025-09-06,قيد يدوي رقم 343 - أنشئ بواسطة Kashif Ali,3202,جاري الشريك سالم بالحارث,,6800.0,
346,2025-09-06,قيد يدوي رقم 346 - أنشئ بواسطة Kashif Ali,5102,رواتب وأجور,3000.0,,
346,2025-09-06,قيد يدوي رقم 346 - أنشئ بواسطة Kashif Ali,3202,جاري الشريك سالم بالحارث,,3000.0,
344,2025-09-07,قيد يدوي رقم 344 - أنشئ بواسطة Kashif Ali,110106,عهدة اسلام احمد,500.0,,
344,2025-09-07,قيد يدوي رقم 344 - أنشئ بواسطة Kashif Ali,3202,جاري الشريك سالم بالحارث,,500.0,
345,2025-09-07,قيد يدوي رقم 345 - أنشئ بواسطة Kashif Ali,1204,مشروعات تحت التنفيذ,15000.0,,
345,2025-09-07,قيد يدوي رقم 345 - أنشئ بواسطة Kashif Ali,1204,مشروعات تحت التنفيذ,5000.0,,
345,2025-09-07,قيد يدوي رقم 345 - أنشئ بواسطة Kashif Ali,3202,جاري الشريك سالم بالحارث,,15000.0,
345,2025-09-07,قيد يدوي رقم 345 - أنشئ بواسطة Kashif Ali,3202,جاري الشريك سالم بالحارث,,5000.0,
347,2025-09-07,قيد يدوي رقم 347 - أنشئ بواسطة Kashif Ali,5206,تذاكر سفر,113.04,,
347,2025-09-07,قيد يدوي رقم 347 - أنشئ بواسطة Kashif Ali,2105,ضريبة القيمة المضافة المستحقة,16.96,,Invoice No. 1673
347,2025-09-07,قيد يدوي رقم 347 - أنشئ بواسطة Kashif Ali,3202,جاري الشريك سالم بالحارث,,130.0,Invoice No. 1673
348,2025-09-07,قيد يدوي رقم 348 - أنشئ بواسطة Kashif Ali,5105,مصاريف وقود سيارات للموظفين,100.0,,
348,2025-09-07,قيد يدوي رقم 348 - أنشئ بواسطة Kashif Ali,110106,عهدة اسلام احمد,,100.0,
349,2025-09-08,قيد يدوي رقم 349 - أنشئ بواسطة Kashif Ali,5101,تكلفة البضائع المباعة الأجزاء,25000.0,,
349,2025-09-08,قيد يدوي رقم 349 - أنشئ بواسطة Kashif Ali,1107,شركة يسم للتجارة,,25000.0,
350,2025-09-08,قيد يدوي رقم 350 - أنشئ بواسطة Kashif Ali,5101,تكلفة البضائع المباعة الأجزاء,500.0,,
350,2025-09-08,قيد يدوي رقم 350 - أنشئ بواسطة Kashif Ali,3202,جاري الشريك سالم بالحارث,,500.0,
351,2025-09-09,قيد يدوي رقم 351 - أنشئ بواسطة Kashif Ali,5216,مصاريف صيانه عامه بالمصنع,300.0,,
351,2025-09-09,قيد يدوي رقم 351 - أنشئ بواسطة Kashif Ali,3202,جاري الشريك سالم بالحارث,,300.0,
495,2025-09-09,قيد يدوي رقم 495 - أنشئ بواسطة Kashif Ali,5219,مصروف نقل ومواصلات,740.0,,
495,2025-09-09,قيد يدوي رقم 495 - أنشئ بواسطة Kashif Ali,5219,مصروف نقل ومواصلات,1500.0,,
495,2025-09-09,قيد يدوي رقم 495 - أنشئ بواسطة Kashif Ali,1107,شركة يسم للتجارة,,740.0,
495,2025-09-09,قيد يدوي رقم 495 - أنشئ بواسطة Kashif Ali,1107,شركة يسم للتجارة,,1500.0,
352,2025-09-10,قيد يدوي رقم 352 - أنشئ بواسطة Kashif Ali,5216,مصاريف صيانه عامه بالمصنع,1500.0,,
352,2025-09-10,قيد يدوي رقم 352 - أنشئ بواسطة Kashif Ali,3202,جاري الشريك سالم بالحارث,,1500.0,
353,2025-09-10,قيد يدوي رقم 353 - أنشئ بواسطة Kashif Ali,5105,مصاريف وقود سيارات للموظفين,185.0,,
353,2025-09-10,قيد يدوي رقم 353 - أنشئ بواسطة Kashif Ali,5206,تذاكر سفر,254.0,,
353,2025-09-10,قيد يدوي رقم 353 - أنشئ بواسطة Kashif Ali,110106,عهدة اسلام احمد,,439.0,
354,2025-09-10,قيد يدوي رقم 354 - أنشئ بواسطة Kashif Ali,110106,عهدة اسلام احمد,2500.0,,
354,2025-09-10,قيد يدوي رقم 354 - أنشئ بواسطة Kashif Ali,3202,جاري الشريك سالم بالحارث,,2500.0,
355,2025-09-11,قيد يدوي رقم 355 - أنشئ بواسطة Kashif Ali,5216,مصاريف صيانه عامه بالمصنع,240.0,,
355,2025-09-11,قيد يدوي رقم 355 - أنشئ بواسطة Kashif Ali,110106,عهدة اسلام احمد,,240.0,
356,2025-09-11,قيد يدوي رقم 356 - أنشئ بواسطة Kashif Ali,5206,تذاكر سفر,50.0,,
356,2025-09-11,قيد يدوي رقم 356 - أنشئ بواسطة Kashif Ali,5219,مصروف نقل ومواصلات,500.0,,
356,2025-09-11,قيد يدوي رقم 356 - أنشئ بواسطة Kashif Ali,110106,عهدة اسلام احمد,,550.0,
356,2025-09-11,قيد يدوي رقم 356 - أنشئ بواسطة Kashif Ali,5220,مصاريف سكن عمال المصنع,1100.0,,purchase beds and mattress for staff
356,2025-09-11,قيد يدوي رقم 356 - أنشئ بواسطة Kashif Ali,110106,عهدة اسلام احمد,,1100.0,purchase beds and mattress for staff
357,2025-09-11,قيد يدوي رقم 357 - أنشئ بواسطة Kashif Ali,5216,مصاريف صيانه عامه بالمصنع,330.0,,
357,2025-09-11,قيد يدوي رقم 357 - أنشئ بواسطة Kashif Ali,110106,عهدة اسلام احمد,,330.0,
358,2025-09-11,قيد يدوي رقم 358 - أنشئ بواسطة Kashif Ali,5206,تذاكر سفر,150.0,,
358,2025-09-11,قيد يدوي رقم 358 - أنشئ بواسطة Kashif Ali,3202,جاري الشريك سالم بالحارث,,150.0,
498,2025-09-11,قيد يدوي رقم 498 - أنشئ بواسطة Kashif Ali,5101,تكلفة البضائع المباعة الأجزاء,5000.0,,
498,2025-09-11,قيد يدوي رقم 498 - أنشئ بواسطة Kashif Ali,1107,شركة يسم للتجارة,,5000.0,
359,2025-09-13,قيد يدوي رقم 359 - أنشئ بواسطة Kashif Ali,110106,عهدة اسلام احمد,2000.0,,
359,2025-09-13,قيد يدوي رقم 359 - أنشئ بواسطة Kashif Ali,1107,شركة يسم للتجارة,,2000.0,
360,2025-09-13,قيد يدوي رقم 360 - أنشئ بواسطة Kashif Ali,5211,مصاريف مكتبية ومطبوعات,275.0,,
360,2025-09-13,قيد يدوي رقم 360 - أنشئ بواسطة Kashif Ali,1107,شركة يسم للتجارة,,275.0,
361,2025-09-13,قيد يدوي رقم 361 - أنشئ بواسطة Kashif Ali,5101,تكلفة البضائع المباعة الأجزاء,900.0,,
361,2025-09-13,قيد يدوي رقم 361 - أنشئ بواسطة Kashif Ali,1107,شركة يسم للتجارة,,900.0,
362,2025-09-13,قيد يدوي رقم 362 - أنشئ بواسطة Kashif Ali,1205,مصاريف التاسيس,3500.0,,
362,2025-09-13,قيد يدوي رقم 362 - أنشئ بواسطة Kashif Ali,1107,شركة يسم للتجارة,,3500.0,
363,2025-09-13,قيد يدوي رقم 363 - أنشئ بواسطة Kashif Ali,5217,مصاريف مياه وكهرباء,2129.0,,
363,2025-09-13,قيد يدوي رقم 363 - أنشئ بواسطة Kashif Ali,3202,جاري الشريك سالم بالحارث,,2129.0,
364,2025-09-13,قيد يدوي رقم 364 - أنشئ بواسطة Kashif Ali,5101,تكلفة البضائع المباعة الأجزاء,2100.0,,
364,2025-09-13,قيد يدوي رقم 364 - أنشئ بواسطة Kashif Ali,3202,جاري الشريك سالم بالحارث,,2100.0,
371,2025-09-13,قيد يدوي رقم 371 - أنشئ بواسطة Kashif Ali,5216,مصاريف صيانه عامه بالمصنع,340.0,,
371,2025-09-13,قيد يدوي رقم 371 - أنشئ بواسطة Kashif Ali,110106,عهدة اسلام احمد,,340.0,
365,2025-09-14,قيد يدوي رقم 365 - أنشئ بواسطة Kashif Ali,5101,تكلفة البضائع المباعة الأجزاء,20000.0,,
365,2025-09-14,قيد يدوي رقم 365 - أنشئ بواسطة Kashif Ali,3202,جاري الشريك سالم بالحارث,,20000.0,
366,2025-09-14,قيد يدوي رقم 366 - أنشئ بواسطة Kashif Ali,120104,أجهزة مكتبية وطابعات,2331.0,,
366,2025-09-14,قيد يدوي رقم 366 - أنشئ بواسطة Kashif Ali,1107,شركة يسم للتجارة,,2331.0,
492,2025-09-14,قيد يدوي رقم 492 - أنشئ بواسطة Kashif Ali,5102,رواتب وأجور,2000.0,,
492,2025-09-14,قيد يدوي رقم 492 - أنشئ بواسطة Kashif Ali,1107,شركة يسم للتجارة,,2000.0,
367,2025-09-16,قيد يدوي رقم 367 - أنشئ بواسطة Kashif Ali,5206,تذاكر سفر,1630.0,,
367,2025-09-16,قيد يدوي رقم 367 - أنشئ بواسطة Kashif Ali,3202,جاري الشريك سالم بالحارث,,1630.0,
368,2025-09-16,قيد يدوي رقم 368 - أنشئ بواسطة Kashif Ali,5105,مصاريف وقود سيارات للموظفين,200.0,,Deisel 
368,2025-09-16,قيد يدوي رقم 368 - أنشئ بواسطة Kashif Ali,5105,مصاريف وقود سيارات للموظفين,200.0,,Petrol
368,2025-09-16,قيد يدوي رقم 368 - أنشئ بواسطة Kashif Ali,110106,عهدة اسلام احمد,,400.0,
372,2025-09-17,قيد يدوي رقم 372 - أنشئ بواسطة Kashif Ali,5223,نفقات الإنترنت,350.0,,
372,2025-09-17,قيد يدوي رقم 372 - أنشئ بواسطة Kashif Ali,110106,عهدة اسلام احمد,,350.0,
373,2025-09-17,قيد يدوي رقم 373 - أنشئ بواسطة Kashif Ali,5216,مصاريف صيانه عامه بالمصنع,200.0,,
373,2025-09-17,قيد يدوي رقم 373 - أنشئ بواسطة Kashif Ali,110106,عهدة اسلام احمد,,200.0,
384,2025-09-17,قيد يدوي رقم 384 - أنشئ بواسطة Kashif Ali,5206,تذاكر سفر,102.0,,
384,2025-09-17,قيد يدوي رقم 384 - أنشئ بواسطة Kashif Ali,110106,عهدة اسلام احمد,,102.0,
369,2025-09-18,قيد يدوي رقم 369 - أنشئ بواسطة Kashif Ali,5105,مصاريف وقود سيارات للموظفين,200.0,,Brookline Machine
369,2025-09-18,قيد يدوي رقم 369 - أنشئ بواسطة Kashif Ali,110106,عهدة اسلام احمد,,291.0,
369,2025-09-18,قيد يدوي رقم 369 - أنشئ بواسطة Kashif Ali,5206,تذاكر سفر,91.0,,Islam Car
370,2025-09-18,قيد يدوي رقم 370 - أنشئ بواسطة Kashif Ali,110507,مراد درويس,300.0,,
370,2025-09-18,قيد يدوي رقم 370 - أنشئ بواسطة Kashif Ali,110506,أمير حسن كليب,300.0,,
370,2025-09-18,قيد يدوي رقم 370 - أنشئ بواسطة Kashif Ali,110106,عهدة اسلام احمد,,600.0,
374,2025-09-18,قيد يدوي رقم 374 - أنشئ بواسطة Kashif Ali,5219,مصروف نقل ومواصلات,400.0,,
374,2025-09-18,قيد يدوي رقم 374 - أنشئ بواسطة Kashif Ali,1107,شركة يسم للتجارة,,400.0,
375,2025-09-18,قيد يدوي رقم 375 - أنشئ بواسطة Kashif Ali,110108,عهدة كاش عمران الشيخ,5000.0,,
375,2025-09-18,قيد يدوي رقم 375 - أنشئ بواسطة Kashif Ali,1107,شركة يسم للتجارة,,5000.0,
401,2025-09-18,قيد يدوي رقم 401 - أنشئ بواسطة Kashif Ali,110106,عهدة اسلام احمد,,22.0,
401,2025-09-18,قيد يدوي رقم 401 - أنشئ بواسطة Kashif Ali,5206,تذاكر سفر,22.0,,
401,2025-09-18,قيد يدوي رقم 401 - أنشئ بواسطة Kashif Ali,1103,المدينون,4000.0,,
401,2025-09-18,قيد يدوي رقم 401 - أنشئ بواسطة Kashif Ali,2105,ضريبة القيمة المضافة المستحقة,,65.22,
401,2025-09-18,قيد يدوي رقم 401 - أنشئ بواسطة Kashif Ali,2105,ضريبة القيمة المضافة المستحقة,,456.52,
401,2025-09-18,قيد يدوي رقم 401 - أنشئ بواسطة Kashif Ali,4101,إيرادات قطع الغيار,,434.78,
401,2025-09-18,قيد يدوي رقم 401 - أنشئ بواسطة Kashif Ali,4101,إيرادات قطع الغيار,,3043.48,
401,2025-09-18,قيد يدوي رقم 401 - أنشئ بواسطة Kashif Ali,110201,حساب البنك الاهلي 12300001016808,2000.0,,
401,2025-09-18,قيد يدوي رقم 401 - أنشئ بواسطة Kashif Ali,1103,المدينون,,2000.0,
401,2025-09-18,قيد يدوي رقم 401 - أنشئ بواسطة Kashif Ali,110102,عهدة سالم,2000.0,,
401,2025-09-18,قيد يدوي رقم 401 - أنشئ بواسطة Kashif Ali,1103,المدينون,,2000.0,
401,2025-09-18,قيد يدوي رقم 401 - أنشئ بواسطة Kashif Ali,110106,عهدة اسلام احمد,,22.0,
401,2025-09-18,قيد يدوي رقم 401 - أنشئ بواسطة Kashif Ali,5206,تذاكر سفر,22.0,,
401,2025-09-18,قيد يدوي رقم 401 - أنشئ بواسطة Kashif Ali,1103,المدينون,4000.0,,
401,2025-09-18,قيد يدوي رقم 401 - أنشئ بواسطة Kashif Ali,2105,ضريبة القيمة المضافة المستحقة,,65.22,
401,2025-09-18,قيد يدوي رقم 401 - أنشئ بواسطة Kashif Ali,2105,ضريبة القيمة المضافة المستحقة,,456.52,
401,2025-09-18,قيد يدوي رقم 401 - أنشئ بواسطة Kashif Ali,4101,إيرادات قطع الغيار,,434.78,
401,2025-09-18,قيد يدوي رقم 401 - أنشئ بواسطة Kashif Ali,4101,إيرادات قطع الغيار,,3043.48,
401,2025-09-18,قيد يدوي رقم 401 - أنشئ بواسطة Kashif Ali,110201,حساب البنك الاهلي 12300001016808,2000.0,,
401,2025-09-18,قيد يدوي رقم 401 - أنشئ بواسطة Kashif Ali,1103,المدينون,,2000.0,
401,2025-09-18,قيد يدوي رقم 401 - أنشئ بواسطة Kashif Ali,110102,عهدة سالم,2000.0,,
401,2025-09-18,قيد يدوي رقم 401 - أنشئ بواسطة Kashif Ali,1103,المدينون,,2000.0,
401,2025-09-18,قيد يدوي رقم 401 - أنشئ بواسطة Kashif Ali,110106,عهدة اسلام احمد,,22.0,
401,2025-09-18,قيد يدوي رقم 401 - أنشئ بواسطة Kashif Ali,5206,تذاكر سفر,22.0,,
401,2025-09-18,قيد يدوي رقم 401 - أنشئ بواسطة Kashif Ali,1103,المدينون,4000.0,,
401,2025-09-18,قيد يدوي رقم 401 - أنشئ بواسطة Kashif Ali,2105,ضريبة القيمة المضافة المستحقة,,65.22,
401,2025-09-18,قيد يدوي رقم 401 - أنشئ بواسطة Kashif Ali,2105,ضريبة القيمة المضافة المستحقة,,456.52,
401,2025-09-18,قيد يدوي رقم 401 - أنشئ بواسطة Kashif Ali,4101,إيرادات قطع الغيار,,434.78,
401,2025-09-18,قيد يدوي رقم 401 - أنشئ بواسطة Kashif Ali,4101,إيرادات قطع الغيار,,3043.48,
401,2025-09-18,قيد يدوي رقم 401 - أنشئ بواسطة Kashif Ali,110201,حساب البنك الاهلي 12300001016808,2000.0,,
401,2025-09-18,قيد يدوي رقم 401 - أنشئ بواسطة Kashif Ali,1103,المدينون,,2000.0,
401,2025-09-18,قيد يدوي رقم 401 - أنشئ بواسطة Kashif Ali,110102,عهدة سالم,2000.0,,
401,2025-09-18,قيد يدوي رقم 401 - أنشئ بواسطة Kashif Ali,1103,المدينون,,2000.0,
401,2025-09-18,قيد يدوي رقم 401 - أنشئ بواسطة Kashif Ali,110106,عهدة اسلام احمد,,22.0,
401,2025-09-18,قيد يدوي رقم 401 - أنشئ بواسطة Kashif Ali,5206,تذاكر سفر,22.0,,
401,2025-09-18,قيد يدوي رقم 401 - أنشئ بواسطة Kashif Ali,1103,المدينون,4000.0,,
401,2025-09-18,قيد يدوي رقم 401 - أنشئ بواسطة Kashif Ali,2105,ضريبة القيمة المضافة المستحقة,,65.22,
401,2025-09-18,قيد يدوي رقم 401 - أنشئ بواسطة Kashif Ali,2105,ضريبة القيمة المضافة المستحقة,,456.52,
401,2025-09-18,قيد يدوي رقم 401 - أنشئ بواسطة Kashif Ali,4101,إيرادات قطع الغيار,,434.78,
401,2025-09-18,قيد يدوي رقم 401 - أنشئ بواسطة Kashif Ali,4101,إيرادات قطع الغيار,,3043.48,
401,2025-09-18,قيد يدوي رقم 401 - أنشئ بواسطة Kashif Ali,110201,حساب البنك الاهلي 12300001016808,2000.0,,
401,2025-09-18,قيد يدوي رقم 401 - أنشئ بواسطة Kashif Ali,1103,المدينون,,2000.0,
401,2025-09-18,قيد يدوي رقم 401 - أنشئ بواسطة Kashif Ali,110102,عهدة سالم,2000.0,,
401,2025-09-18,قيد يدوي رقم 401 - أنشئ بواسطة Kashif Ali,1103,المدينون,,2000.0,
379,2025-09-20,قيد يدوي رقم 379 - أنشئ بواسطة Kashif Ali,110107,عهدة كاش علاء الدين,1000.0,,
379,2025-09-20,قيد يدوي رقم 379 - أنشئ بواسطة Kashif Ali,110102,عهدة سالم,,1000.0,
380,2025-09-20,قيد يدوي رقم 380 - أنشئ بواسطة Kashif Ali,5211,مصاريف مكتبية ومطبوعات,45.0,,
380,2025-09-20,قيد يدوي رقم 380 - أنشئ بواسطة Kashif Ali,1107,شركة يسم للتجارة,,45.0,
381,2025-09-20,قيد يدوي رقم 381 - أنشئ بواسطة Kashif Ali,110108,عهدة كاش عمران الشيخ,500.0,,
381,2025-09-20,قيد يدوي رقم 381 - أنشئ بواسطة Kashif Ali,1107,شركة يسم للتجارة,,500.0,
382,2025-09-20,قيد يدوي رقم 382 - أنشئ بواسطة Kashif Ali,2105,ضريبة القيمة المضافة المستحقة,182.61,,1-16182
382,2025-09-20,قيد يدوي رقم 382 - أنشئ بواسطة Kashif Ali,120103,المعدات,1217.39,,Taufeeq Modern Elctronics
382,2025-09-20,قيد يدوي رقم 382 - أنشئ بواسطة Kashif Ali,2105,ضريبة القيمة المضافة المستحقة,339.13,,3694
382,2025-09-20,قيد يدوي رقم 382 - أنشئ بواسطة Kashif Ali,120103,المعدات,2260.87,,Meezan size 3 ton
382,2025-09-20,قيد يدوي رقم 382 - أنشئ بواسطة Kashif Ali,5219,مصروف نقل ومواصلات,520.0,,
382,2025-09-20,قيد يدوي رقم 382 - أنشئ بواسطة Kashif Ali,5216,مصاريف صيانه عامه بالمصنع,680.0,,
382,2025-09-20,قيد يدوي رقم 382 - أنشئ بواسطة Kashif Ali,110108,عهدة كاش عمران الشيخ,,5200.0,
383,2025-09-20,قيد يدوي رقم 383 - أنشئ بواسطة Kashif Ali,110106,عهدة اسلام احمد,2000.0,,
383,2025-09-20,قيد يدوي رقم 383 - أنشئ بواسطة Kashif Ali,1107,شركة يسم للتجارة,,2000.0,
385,2025-09-20,قيد يدوي رقم 385 - أنشئ بواسطة Kashif Ali,5216,مصاريف صيانه عامه بالمصنع,190.0,,
385,2025-09-20,قيد يدوي رقم 385 - أنشئ بواسطة Kashif Ali,5105,مصاريف وقود سيارات للموظفين,97.0,,
385,2025-09-20,قيد يدوي رقم 385 - أنشئ بواسطة Kashif Ali,110106,عهدة اسلام احمد,,287.0,
386,2025-09-21,قيد يدوي رقم 386 - أنشئ بواسطة Kashif Ali,5224,نفقات غاز الأكسجين,30.0,,
386,2025-09-21,قيد يدوي رقم 386 - أنشئ بواسطة Kashif Ali,110106,عهدة اسلام احمد,,30.0,
387,2025-09-21,قيد يدوي رقم 387 - أنشئ بواسطة Kashif Ali,5206,تذاكر سفر,1157.0,,
387,2025-09-21,قيد يدوي رقم 387 - أنشئ بواسطة Kashif Ali,110508,علاء الدين,843.0,,
387,2025-09-21,قيد يدوي رقم 387 - أنشئ بواسطة Kashif Ali,110104,عهدة اشرف الصايغ,,2000.0,
388,2025-09-21,قيد يدوي رقم 388 - أنشئ بواسطة Kashif Ali,5105,مصاريف وقود سيارات للموظفين,95.0,,
388,2025-09-21,قيد يدوي رقم 388 - أنشئ بواسطة Kashif Ali,5214,مصاريف أخرى,16.0,,
388,2025-09-21,قيد يدوي رقم 388 - أنشئ بواسطة Kashif Ali,110106,عهدة اسلام احمد,,111.0,
389,2025-09-22,قيد يدوي رقم 389 - أنشئ بواسطة Kashif Ali,110106,عهدة اسلام احمد,2000.0,,
389,2025-09-22,قيد يدوي رقم 389 - أنشئ بواسطة Kashif Ali,1107,شركة يسم للتجارة,,2000.0,
390,2025-09-22,قيد يدوي رقم 390 - أنشئ بواسطة Kashif Ali,5101,تكلفة البضائع المباعة الأجزاء,2000.0,,
390,2025-09-22,قيد يدوي رقم 390 - أنشئ بواسطة Kashif Ali,110106,عهدة اسلام احمد,,2000.0,
391,2025-09-22,قيد يدوي رقم 391 - أنشئ بواسطة Kashif Ali,5214,مصاريف أخرى,500.0,,
391,2025-09-22,قيد يدوي رقم 391 - أنشئ بواسطة Kashif Ali,110106,عهدة اسلام احمد,,500.0,
392,2025-09-22,قيد يدوي رقم 392 - أنشئ بواسطة Kashif Ali,5216,مصاريف صيانه عامه بالمصنع,245.0,,
392,2025-09-22,قيد يدوي رقم 392 - أنشئ بواسطة Kashif Ali,110106,عهدة اسلام احمد,,245.0,
393,2025-09-22,قيد يدوي رقم 393 - أنشئ بواسطة Kashif Ali,5105,مصاريف وقود سيارات للموظفين,200.0,,
393,2025-09-22,قيد يدوي رقم 393 - أنشئ بواسطة Kashif Ali,110106,عهدة اسلام احمد,,200.0,
493,2025-09-22,قيد يدوي رقم 493 - أنشئ بواسطة Kashif Ali,120105,مركبات,5000.0,,
493,2025-09-22,قيد يدوي رقم 493 - أنشئ بواسطة Kashif Ali,1107,شركة يسم للتجارة,,5000.0,
394,2025-09-23,قيد يدوي رقم 394 - أنشئ بواسطة Kashif Ali,5216,مصاريف صيانه عامه بالمصنع,1465.0,,
394,2025-09-23,قيد يدوي رقم 394 - أنشئ بواسطة Kashif Ali,110106,عهدة اسلام احمد,,1465.0,
395,2025-09-23,قيد يدوي رقم 395 - أنشئ بواسطة Kashif Ali,5224,نفقات غاز الأكسجين,60.0,,
395,2025-09-23,قيد يدوي رقم 395 - أنشئ بواسطة Kashif Ali,110106,عهدة اسلام احمد,,60.0,
396,2025-09-23,قيد يدوي رقم 396 - أنشئ بواسطة Kashif Ali,110106,عهدة اسلام احمد,1500.0,,
396,2025-09-23,قيد يدوي رقم 396 - أنشئ بواسطة Kashif Ali,1107,شركة يسم للتجارة,,1500.0,
397,2025-09-24,قيد يدوي رقم 397 - أنشئ بواسطة Kashif Ali,2105,ضريبة القيمة المضافة المستحقة,108.45,,TDN-118781
397,2025-09-24,قيد يدوي رقم 397 - أنشئ بواسطة Kashif Ali,5202,تأمين طبي,723.0,,
397,2025-09-24,قيد يدوي رقم 397 - أنشئ بواسطة Kashif Ali,3202,جاري الشريك سالم بالحارث,,831.45,
398,2025-09-24,قيد يدوي رقم 398 - أنشئ بواسطة Kashif Ali,5225,مصاريف وقود الموظف,85.0,,
398,2025-09-24,قيد يدوي رقم 398 - أنشئ بواسطة Kashif Ali,110106,عهدة اسلام احمد,,85.0,
399,2025-09-25,قيد يدوي رقم 399 - أنشئ بواسطة Kashif Ali,5105,مصاريف وقود سيارات للموظفين,200.0,,
399,2025-09-25,قيد يدوي رقم 399 - أنشئ بواسطة Kashif Ali,110106,عهدة اسلام احمد,,200.0,
400,2025-09-25,قيد يدوي رقم 400 - أنشئ بواسطة Kashif Ali,5216,مصاريف صيانه عامه بالمصنع,250.0,,
400,2025-09-25,قيد يدوي رقم 400 - أنشئ بواسطة Kashif Ali,110106,عهدة اسلام احمد,,250.0,
402,2025-09-25,قيد يدوي رقم 402 - أنشئ بواسطة Kashif Ali,5216,مصاريف صيانه عامه بالمصنع,356.63,,
402,2025-09-25,قيد يدوي رقم 402 - أنشئ بواسطة Kashif Ali,2105,ضريبة القيمة المضافة المستحقة,53.49,,2422 Bashar W M Al Safadi
402,2025-09-25,قيد يدوي رقم 402 - أنشئ بواسطة Kashif Ali,110108,عهدة كاش عمران الشيخ,,410.12,
406,2025-09-25,قيد يدوي رقم 406 - أنشئ بواسطة Kashif Ali,110108,عهدة كاش عمران الشيخ,2000.0,,
406,2025-09-25,قيد يدوي رقم 406 - أنشئ بواسطة Kashif Ali,1107,شركة يسم للتجارة,,2000.0,
407,2025-09-25,قيد يدوي رقم 407 - أنشئ بواسطة Kashif Ali,110106,عهدة اسلام احمد,250.0,,
407,2025-09-25,قيد يدوي رقم 407 - أنشئ بواسطة Kashif Ali,110108,عهدة كاش عمران الشيخ,,250.0,
417,2025-09-25,قيد يدوي رقم 417 - أنشئ بواسطة Kashif Ali,110104,عهدة اشرف الصايغ,20000.0,,
417,2025-09-25,قيد يدوي رقم 417 - أنشئ بواسطة Kashif Ali,3202,جاري الشريك سالم بالحارث,,20000.0,
435,2025-09-25,قيد يدوي رقم 435 - أنشئ بواسطة Kashif Ali,110106,عهدة اسلام احمد,600.0,,
435,2025-09-25,قيد يدوي رقم 435 - أنشئ بواسطة Kashif Ali,110108,عهدة كاش عمران الشيخ,,600.0,والة داخلية صادرة من:3134 مبلغ:SAR 600 الى:اسلام درويش  الى:4107 في:25-9-27 10:56
403,2025-09-27,قيد يدوي رقم 403 - أنشئ بواسطة Kashif Ali,5206,تذاكر سفر,390.0,,
403,2025-09-27,قيد يدوي رقم 403 - أنشئ بواسطة Kashif Ali,110102,عهدة سالم,,390.0,
404,2025-09-27,قيد يدوي رقم 404 - أنشئ بواسطة Kashif Ali,5225,مصاريف وقود الموظف,610.0,,
404,2025-09-27,قيد يدوي رقم 404 - أنشئ بواسطة Kashif Ali,110106,عهدة اسلام احمد,,610.0,
405,2025-09-27,قيد يدوي رقم 405 - أنشئ بواسطة Kashif Ali,5206,تذاكر سفر,90.0,,
405,2025-09-27,قيد يدوي رقم 405 - أنشئ بواسطة Kashif Ali,5225,مصاريف وقود الموظف,50.0,,
405,2025-09-27,قيد يدوي رقم 405 - أنشئ بواسطة Kashif Ali,110106,عهدة اسلام احمد,,140.0,
405,2025-09-27,قيد يدوي رقم 405 - أنشئ بواسطة Kashif Ali,1103,المدينون,50.0,,
405,2025-09-27,قيد يدوي رقم 405 - أنشئ بواسطة Kashif Ali,2105,ضريبة القيمة المضافة المستحقة,,6.52,
405,2025-09-27,قيد يدوي رقم 405 - أنشئ بواسطة Kashif Ali,4102,الايرادات من بيع السكراب,,43.48,
405,2025-09-27,قيد يدوي رقم 405 - أنشئ بواسطة Kashif Ali,110101,النقدية في الخزينة,50.0,,
405,2025-09-27,قيد يدوي رقم 405 - أنشئ بواسطة Kashif Ali,1103,المدينون,,50.0,
405,2025-09-27,قيد يدوي رقم 405 - أنشئ بواسطة Kashif Ali,5206,تذاكر سفر,90.0,,
405,2025-09-27,قيد يدوي رقم 405 - أنشئ بواسطة Kashif Ali,5225,مصاريف وقود الموظف,50.0,,
405,2025-09-27,قيد يدوي رقم 405 - أنشئ بواسطة Kashif Ali,110106,عهدة اسلام احمد,,140.0,
405,2025-09-27,قيد يدوي رقم 405 - أنشئ بواسطة Kashif Ali,1103,المدينون,50.0,,
405,2025-09-27,قيد يدوي رقم 405 - أنشئ بواسطة Kashif Ali,2105,ضريبة القيمة المضافة المستحقة,,6.52,
405,2025-09-27,قيد يدوي رقم 405 - أنشئ بواسطة Kashif Ali,4102,الايرادات من بيع السكراب,,43.48,
405,2025-09-27,قيد يدوي رقم 405 - أنشئ بواسطة Kashif Ali,110101,النقدية في الخزينة,50.0,,
405,2025-09-27,قيد يدوي رقم 405 - أنشئ بواسطة Kashif Ali,1103,المدينون,,50.0,
405,2025-09-27,قيد يدوي رقم 405 - أنشئ بواسطة Kashif Ali,5206,تذاكر سفر,90.0,,
405,2025-09-27,قيد يدوي رقم 405 - أنشئ بواسطة Kashif Ali,5225,مصاريف وقود الموظف,50.0,,
405,2025-09-27,قيد يدوي رقم 405 - أنشئ بواسطة Kashif Ali,110106,عهدة اسلام احمد,,140.0,
405,2025-09-27,قيد يدوي رقم 405 - أنشئ بواسطة Kashif Ali,1103,المدينون,50.0,,
405,2025-09-27,قيد يدوي رقم 405 - أنشئ بواسطة Kashif Ali,2105,ضريبة القيمة المضافة المستحقة,,6.52,
405,2025-09-27,قيد يدوي رقم 405 - أنشئ بواسطة Kashif Ali,4102,الايرادات من بيع السكراب,,43.48,
405,2025-09-27,قيد يدوي رقم 405 - أنشئ بواسطة Kashif Ali,110101,النقدية في الخزينة,50.0,,
405,2025-09-27,قيد يدوي رقم 405 - أنشئ بواسطة Kashif Ali,1103,المدينون,,50.0,
413,2025-09-27,قيد يدوي رقم 413 - أنشئ بواسطة Kashif Ali,5206,تذاكر سفر,4.0,,
413,2025-09-27,قيد يدوي رقم 413 - أنشئ بواسطة Kashif Ali,110101,النقدية في الخزينة,,4.0,
418,2025-09-27,قيد يدوي رقم 418 - أنشئ بواسطة Kashif Ali,110106,عهدة اسلام احمد,600.0,,
418,2025-09-27,قيد يدوي رقم 418 - أنشئ بواسطة Kashif Ali,110108,عهدة كاش عمران الشيخ,,600.0,
419,2025-09-27,قيد يدوي رقم 419 - أنشئ بواسطة Kashif Ali,5225,مصاريف وقود الموظف,62.0,,
419,2025-09-27,قيد يدوي رقم 419 - أنشئ بواسطة Kashif Ali,110106,عهدة اسلام احمد,,62.0,
420,2025-09-27,قيد يدوي رقم 420 - أنشئ بواسطة Kashif Ali,5214,مصاريف أخرى,66.0,,
420,2025-09-27,قيد يدوي رقم 420 - أنشئ بواسطة Kashif Ali,110108,عهدة كاش عمران الشيخ,,66.0,
421,2025-09-27,قيد يدوي رقم 421 - أنشئ بواسطة Kashif Ali,5216,مصاريف صيانه عامه بالمصنع,217.39,,
421,2025-09-27,قيد يدوي رقم 421 - أنشئ بواسطة Kashif Ali,2105,ضريبة القيمة المضافة المستحقة,32.16,,01077 Classic
421,2025-09-27,قيد يدوي رقم 421 - أنشئ بواسطة Kashif Ali,110108,عهدة كاش عمران الشيخ,,249.55,
422,2025-09-27,قيد يدوي رقم 422 - أنشئ بواسطة Kashif Ali,5216,مصاريف صيانه عامه بالمصنع,34.5,,
422,2025-09-27,قيد يدوي رقم 422 - أنشئ بواسطة Kashif Ali,110108,عهدة كاش عمران الشيخ,,34.5,
423,2025-09-27,قيد يدوي رقم 423 - أنشئ بواسطة Kashif Ali,5214,مصاريف أخرى,82.0,,
423,2025-09-27,قيد يدوي رقم 423 - أنشئ بواسطة Kashif Ali,110106,عهدة اسلام احمد,,82.0,
424,2025-09-27,قيد يدوي رقم 424 - أنشئ بواسطة محاسب ارمي,110508,علاء الدين,610.0,,
424,2025-09-27,قيد يدوي رقم 424 - أنشئ بواسطة محاسب ارمي,110102,عهدة سالم,,610.0,
430,2025-09-27,قيد يدوي رقم 430 - أنشئ بواسطة Kashif Ali,1204,مشروعات تحت التنفيذ,1700.0,,
430,2025-09-27,قيد يدوي رقم 430 - أنشئ بواسطة Kashif Ali,110108,عهدة كاش عمران الشيخ,,1700.0,
432,2025-09-27,قيد يدوي رقم 432 - أنشئ بواسطة Kashif Ali,110106,عهدة اسلام احمد,82.0,,
432,2025-09-27,قيد يدوي رقم 432 - أنشئ بواسطة Kashif Ali,110108,عهدة كاش عمران الشيخ,,82.0,
436,2025-09-27,قيد يدوي رقم 436 - أنشئ بواسطة Kashif Ali,5225,مصاريف وقود الموظف,178.0,,
436,2025-09-27,قيد يدوي رقم 436 - أنشئ بواسطة Kashif Ali,110108,عهدة كاش عمران الشيخ,,178.0,
437,2025-09-27,قيد يدوي رقم 437 - أنشئ بواسطة Kashif Ali,5216,مصاريف صيانه عامه بالمصنع,600.0,,
437,2025-09-27,قيد يدوي رقم 437 - أنشئ بواسطة Kashif Ali,110106,عهدة اسلام احمد,,600.0,
449,2025-09-27,قيد يدوي رقم 449 - أنشئ بواسطة Kashif Ali,110108,عهدة كاش عمران الشيخ,300.0,,
449,2025-09-27,قيد يدوي رقم 449 - أنشئ بواسطة Kashif Ali,3202,جاري الشريك سالم بالحارث,,300.0,
496,2025-09-27,قيد يدوي رقم 496 - أنشئ بواسطة Kashif Ali,5223,نفقات الإنترنت,148.1,,
496,2025-09-27,قيد يدوي رقم 496 - أنشئ بواسطة Kashif Ali,1107,شركة يسم للتجارة,,148.1,
496,2025-09-27,قيد يدوي رقم 496 - أنشئ بواسطة Kashif Ali,1103,المدينون,22953.01,,
496,2025-09-27,قيد يدوي رقم 496 - أنشئ بواسطة Kashif Ali,2105,ضريبة القيمة المضافة المستحقة,,2993.87,
496,2025-09-27,قيد يدوي رقم 496 - أنشئ بواسطة Kashif Ali,4102,الايرادات من بيع السكراب,,19959.14,
496,2025-09-27,قيد يدوي رقم 496 - أنشئ بواسطة Kashif Ali,110102,عهدة سالم,22953.01,,
496,2025-09-27,قيد يدوي رقم 496 - أنشئ بواسطة Kashif Ali,1103,المدينون,,22953.01,
496,2025-09-27,قيد يدوي رقم 496 - أنشئ بواسطة Kashif Ali,5223,نفقات الإنترنت,148.1,,
496,2025-09-27,قيد يدوي رقم 496 - أنشئ بواسطة Kashif Ali,1107,شركة يسم للتجارة,,148.1,
496,2025-09-27,قيد يدوي رقم 496 - أنشئ بواسطة Kashif Ali,1103,المدينون,22953.01,,
496,2025-09-27,قيد يدوي رقم 496 - أنشئ بواسطة Kashif Ali,2105,ضريبة القيمة المضافة المستحقة,,2993.87,
496,2025-09-27,قيد يدوي رقم 496 - أنشئ بواسطة Kashif Ali,4102,الايرادات من بيع السكراب,,19959.14,
496,2025-09-27,قيد يدوي رقم 496 - أنشئ بواسطة Kashif Ali,110102,عهدة سالم,22953.01,,
496,2025-09-27,قيد يدوي رقم 496 - أنشئ بواسطة Kashif Ali,1103,المدينون,,22953.01,
496,2025-09-27,قيد يدوي رقم 496 - أنشئ بواسطة Kashif Ali,5223,نفقات الإنترنت,148.1,,
496,2025-09-27,قيد يدوي رقم 496 - أنشئ بواسطة Kashif Ali,1107,شركة يسم للتجارة,,148.1,
496,2025-09-27,قيد يدوي رقم 496 - أنشئ بواسطة Kashif Ali,1103,المدينون,22953.01,,
496,2025-09-27,قيد يدوي رقم 496 - أنشئ بواسطة Kashif Ali,2105,ضريبة القيمة المضافة المستحقة,,2993.87,
496,2025-09-27,قيد يدوي رقم 496 - أنشئ بواسطة Kashif Ali,4102,الايرادات من بيع السكراب,,19959.14,
496,2025-09-27,قيد يدوي رقم 496 - أنشئ بواسطة Kashif Ali,110102,عهدة سالم,22953.01,,
496,2025-09-27,قيد يدوي رقم 496 - أنشئ بواسطة Kashif Ali,1103,المدينون,,22953.01,
412,2025-09-28,قيد يدوي رقم 412 - أنشئ بواسطة Kashif Ali,5219,مصروف نقل ومواصلات,1900.0,,
412,2025-09-28,قيد يدوي رقم 412 - أنشئ بواسطة Kashif Ali,110102,عهدة سالم,,1900.0,
414,2025-09-28,قيد يدوي رقم 414 - أنشئ بواسطة Kashif Ali,110102,عهدة سالم,16.0,,
414,2025-09-28,قيد يدوي رقم 414 - أنشئ بواسطة Kashif Ali,110101,النقدية في الخزينة,,16.0,
415,2025-09-28,قيد يدوي رقم 415 - أنشئ بواسطة Kashif Ali,5214,مصاريف أخرى,12.0,,
415,2025-09-28,قيد يدوي رقم 415 - أنشئ بواسطة Kashif Ali,110101,النقدية في الخزينة,,12.0,
416,2025-09-28,قيد يدوي رقم 416 - أنشئ بواسطة Kashif Ali,5219,مصروف نقل ومواصلات,1500.0,,
416,2025-09-28,قيد يدوي رقم 416 - أنشئ بواسطة Kashif Ali,1107,شركة يسم للتجارة,,1500.0,
425,2025-09-28,قيد يدوي رقم 425 - أنشئ بواسطة Kashif Ali,1204,مشروعات تحت التنفيذ,5500.0,,
425,2025-09-28,قيد يدوي رقم 425 - أنشئ بواسطة Kashif Ali,110102,عهدة سالم,,5500.0,
426,2025-09-28,قيد يدوي رقم 426 - أنشئ بواسطة Kashif Ali,5214,مصاريف أخرى,20.01,,
426,2025-09-28,قيد يدوي رقم 426 - أنشئ بواسطة Kashif Ali,110102,عهدة سالم,,20.01,
427,2025-09-28,قيد يدوي رقم 427 - أنشئ بواسطة Kashif Ali,110510,شعيب رياض,500.0,,
427,2025-09-28,قيد يدوي رقم 427 - أنشئ بواسطة Kashif Ali,110509,محمد رستم,500.0,,
427,2025-09-28,قيد يدوي رقم 427 - أنشئ بواسطة Kashif Ali,110106,عهدة اسلام احمد,,1000.0,
428,2025-09-28,قيد يدوي رقم 428 - أنشئ بواسطة Kashif Ali,110106,عهدة اسلام احمد,2500.0,,
428,2025-09-28,قيد يدوي رقم 428 - أنشئ بواسطة Kashif Ali,1107,شركة يسم للتجارة,,2500.0,
429,2025-09-28,قيد يدوي رقم 429 - أنشئ بواسطة Kashif Ali,110108,عهدة كاش عمران الشيخ,2000.0,,
429,2025-09-28,قيد يدوي رقم 429 - أنشئ بواسطة Kashif Ali,1107,شركة يسم للتجارة,,2000.0,
431,2025-09-28,قيد يدوي رقم 431 - أنشئ بواسطة Kashif Ali,5216,مصاريف صيانه عامه بالمصنع,1000.0,,
431,2025-09-28,قيد يدوي رقم 431 - أنشئ بواسطة Kashif Ali,110106,عهدة اسلام احمد,,1000.0,
440,2025-09-28,قيد يدوي رقم 440 - أنشئ بواسطة Kashif Ali,5102,رواتب وأجور,21847.0,,
440,2025-09-28,قيد يدوي رقم 440 - أنشئ بواسطة Kashif Ali,2103,الرواتب المستحقة,,20847.0,
440,2025-09-28,قيد يدوي رقم 440 - أنشئ بواسطة Kashif Ali,110501,اشرف مروان الصايغ,,1000.0,
441,2025-09-28,قيد يدوي رقم 441 - أنشئ بواسطة Kashif Ali,5102,رواتب وأجور,2853.0,,
441,2025-09-28,قيد يدوي رقم 441 - أنشئ بواسطة Kashif Ali,110504,علا (مدير الإنتاج),,500.0,
441,2025-09-28,قيد يدوي رقم 441 - أنشئ بواسطة Kashif Ali,110505,إبراهيم عبد الله (سائق بروكلين),,300.0,
441,2025-09-28,قيد يدوي رقم 441 - أنشئ بواسطة Kashif Ali,110506,أمير حسن كليب,,300.0,
441,2025-09-28,قيد يدوي رقم 441 - أنشئ بواسطة Kashif Ali,110508,علاء الدين,,1453.0,
441,2025-09-28,قيد يدوي رقم 441 - أنشئ بواسطة Kashif Ali,110507,مراد درويس,,300.0,
442,2025-09-28,قيد يدوي رقم 442 - أنشئ بواسطة Kashif Ali,2103,الرواتب المستحقة,20847.0,,
442,2025-09-28,قيد يدوي رقم 442 - أنشئ بواسطة Kashif Ali,1107,شركة يسم للتجارة,,19300.0,
442,2025-09-28,قيد يدوي رقم 442 - أنشئ بواسطة Kashif Ali,110102,عهدة سالم,,1547.0,
490,2025-09-28,قيد يدوي رقم 490 - أنشئ بواسطة Kashif Ali,5102,رواتب وأجور,4000.0,,Omran
490,2025-09-28,قيد يدوي رقم 490 - أنشئ بواسطة Kashif Ali,5102,رواتب وأجور,3000.0,,Omran
490,2025-09-28,قيد يدوي رقم 490 - أنشئ بواسطة Kashif Ali,1107,شركة يسم للتجارة,,7000.0,
433,2025-09-29,قيد يدوي رقم 433 - أنشئ بواسطة Kashif Ali,5208,الرسوم الحكومية,2125.0,,
433,2025-09-29,قيد يدوي رقم 433 - أنشئ بواسطة Kashif Ali,1107,شركة يسم للتجارة,,2125.0,
434,2025-09-29,قيد يدوي رقم 434 - أنشئ بواسطة Kashif Ali,5208,الرسوم الحكومية,163.0,,
434,2025-09-29,قيد يدوي رقم 434 - أنشئ بواسطة Kashif Ali,1107,شركة يسم للتجارة,,163.0,
438,2025-09-29,قيد يدوي رقم 438 - أنشئ بواسطة Kashif Ali,5225,مصاريف وقود الموظف,91.0,,
438,2025-09-29,قيد يدوي رقم 438 - أنشئ بواسطة Kashif Ali,5105,مصاريف وقود سيارات للموظفين,342.0,,
438,2025-09-29,قيد يدوي رقم 438 - أنشئ بواسطة Kashif Ali,110106,عهدة اسلام احمد,,433.0,
439,2025-09-29,قيد يدوي رقم 439 - أنشئ بواسطة Kashif Ali,5214,مصاريف أخرى,11.0,,
439,2025-09-29,قيد يدوي رقم 439 - أنشئ بواسطة Kashif Ali,110101,النقدية في الخزينة,,11.0,
443,2025-09-29,قيد يدوي رقم 443 - أنشئ بواسطة Kashif Ali,110106,عهدة اسلام احمد,100.0,,
443,2025-09-29,قيد يدوي رقم 443 - أنشئ بواسطة Kashif Ali,110108,عهدة كاش عمران الشيخ,,100.0,
444,2025-09-29,قيد يدوي رقم 444 - أنشئ بواسطة Kashif Ali,5214,مصاريف أخرى,32.5,,
444,2025-09-29,قيد يدوي رقم 444 - أنشئ بواسطة Kashif Ali,110106,عهدة اسلام احمد,,32.5,
445,2025-09-29,قيد يدوي رقم 445 - أنشئ بواسطة Kashif Ali,5214,مصاريف أخرى,11.0,,
445,2025-09-29,قيد يدوي رقم 445 - أنشئ بواسطة Kashif Ali,110106,عهدة اسلام احمد,,11.0,
446,2025-09-29,قيد يدوي رقم 446 - أنشئ بواسطة Kashif Ali,110108,عهدة كاش عمران الشيخ,1000.0,,
446,2025-09-29,قيد يدوي رقم 446 - أنشئ بواسطة Kashif Ali,1107,شركة يسم للتجارة,,1000.0,
447,2025-09-29,قيد يدوي رقم 447 - أنشئ بواسطة Kashif Ali,110106,عهدة اسلام احمد,600.0,,
447,2025-09-29,قيد يدوي رقم 447 - أنشئ بواسطة Kashif Ali,110108,عهدة كاش عمران الشيخ,,600.0,
448,2025-09-30,قيد يدوي رقم 448 - أنشئ بواسطة Kashif Ali,5211,مصاريف مكتبية ومطبوعات,1422.5,,
448,2025-09-30,قيد يدوي رقم 448 - أنشئ بواسطة Kashif Ali,110107,عهدة كاش علاء الدين,,1000.0,
448,2025-09-30,قيد يدوي رقم 448 - أنشئ بواسطة Kashif Ali,1107,شركة يسم للتجارة,,422.5,
450,2025-09-30,قيد يدوي رقم 450 - أنشئ بواسطة Kashif Ali,5227,بدل طعام للموظفين,600.0,,
450,2025-09-30,قيد يدوي رقم 450 - أنشئ بواسطة Kashif Ali,110106,عهدة اسلام احمد,,600.0,
497,2025-09-30,قيد يدوي رقم 497 - أنشئ بواسطة Kashif Ali,5202,تأمين طبي,100.0,,
497,2025-09-30,قيد يدوي رقم 497 - أنشئ بواسطة Kashif Ali,1107,شركة يسم للتجارة,,100.0,
508,2025-09-30,قيد يدوي رقم 508 - أنشئ بواسطة Kashif Ali,1107,شركة يسم للتجارة,101909.6,,
508,2025-09-30,قيد يدوي رقم 508 - أنشئ بواسطة Kashif Ali,3202,جاري الشريك سالم بالحارث,,101909.6,
451,2025-10-01,قيد يدوي رقم 451 - أنشئ بواسطة Kashif Ali,5216,مصاريف صيانه عامه بالمصنع,800.0,,
451,2025-10-01,قيد يدوي رقم 451 - أنشئ بواسطة Kashif Ali,1107,شركة يسم للتجارة,,800.0,
452,2025-10-01,قيد يدوي رقم 452 - أنشئ بواسطة Kashif Ali,5105,مصاريف وقود سيارات للموظفين,98.0,,
452,2025-10-01,قيد يدوي رقم 452 - أنشئ بواسطة Kashif Ali,110106,عهدة اسلام احمد,,98.0,
453,2025-10-01,قيد يدوي رقم 453 - أنشئ بواسطة Kashif Ali,5214,مصاريف أخرى,6.0,,
453,2025-10-01,قيد يدوي رقم 453 - أنشئ بواسطة Kashif Ali,110101,النقدية في الخزينة,,6.0,
455,2025-10-01,قيد يدوي رقم 455 - أنشئ بواسطة Kashif Ali,1204,مشروعات تحت التنفيذ,2000.0,,
455,2025-10-01,قيد يدوي رقم 455 - أنشئ بواسطة Kashif Ali,110102,عهدة سالم,,2000.0,
457,2025-10-01,قيد يدوي رقم 457 - أنشئ بواسطة Kashif Ali,5214,مصاريف أخرى,260.87,,
457,2025-10-01,قيد يدوي رقم 457 - أنشئ بواسطة Kashif Ali,2105,ضريبة القيمة المضافة المستحقة,39.13,,Invoice No 15692
457,2025-10-01,قيد يدوي رقم 457 - أنشئ بواسطة Kashif Ali,110108,عهدة كاش عمران الشيخ,,300.0,
525,2025-10-01,قيد يدوي رقم 525 - أنشئ بواسطة محاسب ارمي,2105,ضريبة القيمة المضافة المستحقة,185.54,,
525,2025-10-01,قيد يدوي رقم 525 - أنشئ بواسطة محاسب ارمي,5211,مصاريف مكتبية ومطبوعات,,185.54,
456,2025-10-02,قيد يدوي رقم 456 - أنشئ بواسطة Kashif Ali,5225,مصاريف وقود الموظف,89.0,,
456,2025-10-02,قيد يدوي رقم 456 - أنشئ بواسطة Kashif Ali,110106,عهدة اسلام احمد,,89.0,
458,2025-10-02,قيد يدوي رقم 458 - أنشئ بواسطة Kashif Ali,5227,بدل طعام للموظفين,60.0,,
458,2025-10-02,قيد يدوي رقم 458 - أنشئ بواسطة Kashif Ali,5202,تأمين طبي,120.0,,
458,2025-10-02,قيد يدوي رقم 458 - أنشئ بواسطة Kashif Ali,110108,عهدة كاش عمران الشيخ,,180.0,
459,2025-10-02,قيد يدوي رقم 459 - أنشئ بواسطة Kashif Ali,110108,عهدة كاش عمران الشيخ,1000.0,,
459,2025-10-02,قيد يدوي رقم 459 - أنشئ بواسطة Kashif Ali,1107,شركة يسم للتجارة,,1000.0,
460,2025-10-02,قيد يدوي رقم 460 - أنشئ بواسطة Kashif Ali,110106,عهدة اسلام احمد,100.0,,
460,2025-10-02,قيد يدوي رقم 460 - أنشئ بواسطة Kashif Ali,110108,عهدة كاش عمران الشيخ,,100.0,
461,2025-10-02,قيد يدوي رقم 461 - أنشئ بواسطة Kashif Ali,110106,عهدة اسلام احمد,1000.0,,
461,2025-10-02,قيد يدوي رقم 461 - أنشئ بواسطة Kashif Ali,110108,عهدة كاش عمران الشيخ,,1000.0,
462,2025-10-02,قيد يدوي رقم 462 - أنشئ بواسطة Kashif Ali,5216,مصاريف صيانه عامه بالمصنع,400.0,,
462,2025-10-02,قيد يدوي رقم 462 - أنشئ بواسطة Kashif Ali,110106,عهدة اسلام احمد,,400.0,
463,2025-10-02,قيد يدوي رقم 463 - أنشئ بواسطة Kashif Ali,5223,نفقات الإنترنت,187.85,,
463,2025-10-02,قيد يدوي رقم 463 - أنشئ بواسطة Kashif Ali,110106,عهدة اسلام احمد,,187.85,
464,2025-10-02,قيد يدوي رقم 464 - أنشئ بواسطة Kashif Ali,5105,مصاريف وقود سيارات للموظفين,100.0,,
464,2025-10-02,قيد يدوي رقم 464 - أنشئ بواسطة Kashif Ali,110106,عهدة اسلام احمد,,100.0,
465,2025-10-02,قيد يدوي رقم 465 - أنشئ بواسطة Kashif Ali,5227,بدل طعام للموظفين,114.0,,
465,2025-10-02,قيد يدوي رقم 465 - أنشئ بواسطة Kashif Ali,110106,عهدة اسلام احمد,,114.0,
623,2025-10-03,قيد يدوي رقم 623 - أنشئ بواسطة Kashif Ali,5207,التأمينات الاجتماعية,3717.87,,
623,2025-10-03,قيد يدوي رقم 623 - أنشئ بواسطة Kashif Ali,1107,شركة يسم للتجارة,,3717.87,
466,2025-10-04,قيد يدوي رقم 466 - أنشئ بواسطة Kashif Ali,5225,مصاريف وقود الموظف,102.0,,
466,2025-10-04,قيد يدوي رقم 466 - أنشئ بواسطة Kashif Ali,110108,عهدة كاش عمران الشيخ,,102.0,
467,2025-10-04,قيد يدوي رقم 467 - أنشئ بواسطة Kashif Ali,5220,مصاريف سكن عمال المصنع,120.0,,
467,2025-10-04,قيد يدوي رقم 467 - أنشئ بواسطة Kashif Ali,110106,عهدة اسلام احمد,,120.0,
468,2025-10-05,قيد يدوي رقم 468 - أنشئ بواسطة Kashif Ali,110104,عهدة اشرف الصايغ,12000.0,,
468,2025-10-05,قيد يدوي رقم 468 - أنشئ بواسطة Kashif Ali,110102,عهدة سالم,,12000.0,
469,2025-10-05,قيد يدوي رقم 469 - أنشئ بواسطة Kashif Ali,5105,مصاريف وقود سيارات للموظفين,100.0,,
469,2025-10-05,قيد يدوي رقم 469 - أنشئ بواسطة Kashif Ali,110106,عهدة اسلام احمد,,100.0,
470,2025-10-06,قيد يدوي رقم 470 - أنشئ بواسطة Kashif Ali,5224,نفقات غاز الأكسجين,90.0,,
470,2025-10-06,قيد يدوي رقم 470 - أنشئ بواسطة Kashif Ali,110106,عهدة اسلام احمد,,90.0,
471,2025-10-06,قيد يدوي رقم 471 - أنشئ بواسطة Kashif Ali,110108,عهدة كاش عمران الشيخ,5000.0,,
471,2025-10-06,قيد يدوي رقم 471 - أنشئ بواسطة Kashif Ali,1107,شركة يسم للتجارة,,5000.0,
472,2025-10-06,قيد يدوي رقم 472 - أنشئ بواسطة Kashif Ali,5224,نفقات غاز الأكسجين,52.0,,
472,2025-10-06,قيد يدوي رقم 472 - أنشئ بواسطة Kashif Ali,110106,عهدة اسلام احمد,,52.0,
473,2025-10-06,قيد يدوي رقم 473 - أنشئ بواسطة Kashif Ali,110106,عهدة اسلام احمد,3600.0,,
473,2025-10-06,قيد يدوي رقم 473 - أنشئ بواسطة Kashif Ali,110108,عهدة كاش عمران الشيخ,,3600.0,
474,2025-10-06,قيد يدوي رقم 474 - أنشئ بواسطة Kashif Ali,5216,مصاريف صيانه عامه بالمصنع,1200.0,,
474,2025-10-06,قيد يدوي رقم 474 - أنشئ بواسطة Kashif Ali,110106,عهدة اسلام احمد,,1200.0,
475,2025-10-07,قيد يدوي رقم 475 - أنشئ بواسطة Kashif Ali,5216,مصاريف صيانه عامه بالمصنع,1900.0,,
475,2025-10-07,قيد يدوي رقم 475 - أنشئ بواسطة Kashif Ali,110106,عهدة اسلام احمد,,1900.0,
476,2025-10-07,قيد يدوي رقم 476 - أنشئ بواسطة Kashif Ali,5216,مصاريف صيانه عامه بالمصنع,93.0,,
476,2025-10-07,قيد يدوي رقم 476 - أنشئ بواسطة Kashif Ali,110106,عهدة اسلام احمد,,93.0,
477,2025-10-07,قيد يدوي رقم 477 - أنشئ بواسطة Kashif Ali,110106,عهدة اسلام احمد,100.0,,
477,2025-10-07,قيد يدوي رقم 477 - أنشئ بواسطة Kashif Ali,110108,عهدة كاش عمران الشيخ,,100.0,
478,2025-10-07,قيد يدوي رقم 478 - أنشئ بواسطة Kashif Ali,5105,مصاريف وقود سيارات للموظفين,100.0,,
478,2025-10-07,قيد يدوي رقم 478 - أنشئ بواسطة Kashif Ali,5225,مصاريف وقود الموظف,97.0,,
478,2025-10-07,قيد يدوي رقم 478 - أنشئ بواسطة Kashif Ali,110106,عهدة اسلام احمد,,197.0,
479,2025-10-08,قيد يدوي رقم 479 - أنشئ بواسطة Kashif Ali,5226,صيانة مركبات الموظفين,10.0,,
479,2025-10-08,قيد يدوي رقم 479 - أنشئ بواسطة Kashif Ali,110106,عهدة اسلام احمد,,10.0,
480,2025-10-08,قيد يدوي رقم 480 - أنشئ بواسطة Kashif Ali,5222,رسوم تجديد اقامات ونقل موظفين,26.0,,
480,2025-10-08,قيد يدوي رقم 480 - أنشئ بواسطة Kashif Ali,110106,عهدة اسلام احمد,,26.0,
481,2025-10-08,قيد يدوي رقم 481 - أنشئ بواسطة Kashif Ali,120103,المعدات,426.0,,
481,2025-10-08,قيد يدوي رقم 481 - أنشئ بواسطة Kashif Ali,110108,عهدة كاش عمران الشيخ,,426.0,
482,2025-10-08,قيد يدوي رقم 482 - أنشئ بواسطة Kashif Ali,5224,نفقات غاز الأكسجين,60.0,,
482,2025-10-08,قيد يدوي رقم 482 - أنشئ بواسطة Kashif Ali,110106,عهدة اسلام احمد,,60.0,
483,2025-10-08,قيد يدوي رقم 483 - أنشئ بواسطة Kashif Ali,5224,نفقات غاز الأكسجين,90.0,,
483,2025-10-08,قيد يدوي رقم 483 - أنشئ بواسطة Kashif Ali,110106,عهدة اسلام احمد,,90.0,
484,2025-10-09,قيد يدوي رقم 484 - أنشئ بواسطة Kashif Ali,3202,جاري الشريك سالم بالحارث,50000.0,,
484,2025-10-09,قيد يدوي رقم 484 - أنشئ بواسطة Kashif Ali,110201,حساب البنك الاهلي 12300001016808,,50000.0,
485,2025-10-09,قيد يدوي رقم 485 - أنشئ بواسطة Kashif Ali,110102,عهدة سالم,10000.0,,
485,2025-10-09,قيد يدوي رقم 485 - أنشئ بواسطة Kashif Ali,3202,جاري الشريك سالم بالحارث,,10000.0,
486,2025-10-09,قيد يدوي رقم 486 - أنشئ بواسطة Kashif Ali,110104,عهدة اشرف الصايغ,7000.0,,
486,2025-10-09,قيد يدوي رقم 486 - أنشئ بواسطة Kashif Ali,110102,عهدة سالم,,7000.0,
487,2025-10-09,قيد يدوي رقم 487 - أنشئ بواسطة Kashif Ali,5226,صيانة مركبات الموظفين,50.0,,
487,2025-10-09,قيد يدوي رقم 487 - أنشئ بواسطة Kashif Ali,110106,عهدة اسلام احمد,,50.0,
488,2025-10-09,قيد يدوي رقم 488 - أنشئ بواسطة Kashif Ali,110106,عهدة اسلام احمد,250.0,,
488,2025-10-09,قيد يدوي رقم 488 - أنشئ بواسطة Kashif Ali,110108,عهدة كاش عمران الشيخ,,250.0,
489,2025-10-09,قيد يدوي رقم 489 - أنشئ بواسطة Kashif Ali,120103,المعدات,300.0,,
489,2025-10-09,قيد يدوي رقم 489 - أنشئ بواسطة Kashif Ali,110108,عهدة كاش عمران الشيخ,,300.0,
499,2025-10-12,قيد يدوي رقم 499 - أنشئ بواسطة Kashif Ali,5216,مصاريف صيانه عامه بالمصنع,250.0,,
499,2025-10-12,قيد يدوي رقم 499 - أنشئ بواسطة Kashif Ali,110108,عهدة كاش عمران الشيخ,,250.0,
500,2025-10-12,قيد يدوي رقم 500 - أنشئ بواسطة Kashif Ali,5225,مصاريف وقود الموظف,97.49,,
500,2025-10-12,قيد يدوي رقم 500 - أنشئ بواسطة Kashif Ali,110108,عهدة كاش عمران الشيخ,,97.49,
501,2025-10-12,قيد يدوي رقم 501 - أنشئ بواسطة Kashif Ali,110108,عهدة كاش عمران الشيخ,1000.0,,
501,2025-10-12,قيد يدوي رقم 501 - أنشئ بواسطة Kashif Ali,1107,شركة يسم للتجارة,,1000.0,
502,2025-10-13,قيد يدوي رقم 502 - أنشئ بواسطة Kashif Ali,110106,عهدة اسلام احمد,600.0,,
502,2025-10-13,قيد يدوي رقم 502 - أنشئ بواسطة Kashif Ali,110108,عهدة كاش عمران الشيخ,,600.0,
503,2025-10-13,قيد يدوي رقم 503 - أنشئ بواسطة Kashif Ali,5226,صيانة مركبات الموظفين,330.0,,
503,2025-10-13,قيد يدوي رقم 503 - أنشئ بواسطة Kashif Ali,110106,عهدة اسلام احمد,,330.0,
504,2025-10-13,قيد يدوي رقم 504 - أنشئ بواسطة Kashif Ali,5224,نفقات غاز الأكسجين,60.0,,
504,2025-10-13,قيد يدوي رقم 504 - أنشئ بواسطة Kashif Ali,110106,عهدة اسلام احمد,,60.0,
505,2025-10-13,قيد يدوي رقم 505 - أنشئ بواسطة Kashif Ali,5224,نفقات غاز الأكسجين,26.0,,
505,2025-10-13,قيد يدوي رقم 505 - أنشئ بواسطة Kashif Ali,110106,عهدة اسلام احمد,,26.0,
506,2025-10-13,قيد يدوي رقم 506 - أنشئ بواسطة Kashif Ali,5225,مصاريف وقود الموظف,28.0,,
506,2025-10-13,قيد يدوي رقم 506 - أنشئ بواسطة Kashif Ali,110106,عهدة اسلام احمد,,28.0,
507,2025-10-13,قيد يدوي رقم 507 - أنشئ بواسطة Kashif Ali,5208,الرسوم الحكومية,2000.0,,
507,2025-10-13,قيد يدوي رقم 507 - أنشئ بواسطة Kashif Ali,1107,شركة يسم للتجارة,,2000.0,
509,2025-10-13,قيد يدوي رقم 509 - أنشئ بواسطة Kashif Ali,120103,المعدات,726.12,,
509,2025-10-13,قيد يدوي رقم 509 - أنشئ بواسطة Kashif Ali,3202,جاري الشريك سالم بالحارث,,726.12,
510,2025-10-13,قيد يدوي رقم 510 - أنشئ بواسطة Kashif Ali,120103,المعدات,3547.71,,
510,2025-10-13,قيد يدوي رقم 510 - أنشئ بواسطة Kashif Ali,3202,جاري الشريك سالم بالحارث,,3547.71,
511,2025-10-13,قيد يدوي رقم 511 - أنشئ بواسطة Kashif Ali,110106,عهدة اسلام احمد,800.0,,
511,2025-10-13,قيد يدوي رقم 511 - أنشئ بواسطة Kashif Ali,110108,عهدة كاش عمران الشيخ,,800.0,
512,2025-10-13,قيد يدوي رقم 512 - أنشئ بواسطة Kashif Ali,5216,مصاريف صيانه عامه بالمصنع,800.0,,
512,2025-10-13,قيد يدوي رقم 512 - أنشئ بواسطة Kashif Ali,110106,عهدة اسلام احمد,,800.0,
513,2025-10-13,قيد يدوي رقم 513 - أنشئ بواسطة Kashif Ali,110108,عهدة كاش عمران الشيخ,5000.0,,
513,2025-10-13,قيد يدوي رقم 513 - أنشئ بواسطة Kashif Ali,1107,شركة يسم للتجارة,,5000.0,
514,2025-10-13,قيد يدوي رقم 514 - أنشئ بواسطة Kashif Ali,110511,فؤاد عبدالله قاسم,300.0,,
514,2025-10-13,قيد يدوي رقم 514 - أنشئ بواسطة Kashif Ali,110106,عهدة اسلام احمد,,300.0,
515,2025-10-14,قيد يدوي رقم 515 - أنشئ بواسطة Kashif Ali,5211,مصاريف مكتبية ومطبوعات,130.0,,
515,2025-10-14,قيد يدوي رقم 515 - أنشئ بواسطة Kashif Ali,1107,شركة يسم للتجارة,,130.0,
516,2025-10-14,قيد يدوي رقم 516 - أنشئ بواسطة Kashif Ali,5224,نفقات غاز الأكسجين,60.0,,
516,2025-10-14,قيد يدوي رقم 516 - أنشئ بواسطة Kashif Ali,110106,عهدة اسلام احمد,,60.0,
517,2025-10-14,قيد يدوي رقم 517 - أنشئ بواسطة Kashif Ali,110106,عهدة اسلام احمد,400.0,,
517,2025-10-14,قيد يدوي رقم 517 - أنشئ بواسطة Kashif Ali,110108,عهدة كاش عمران الشيخ,,400.0,
518,2025-10-14,قيد يدوي رقم 518 - أنشئ بواسطة Kashif Ali,5214,مصاريف أخرى,230.4,,
518,2025-10-14,قيد يدوي رقم 518 - أنشئ بواسطة Kashif Ali,110106,عهدة اسلام احمد,,230.4,
519,2025-10-14,قيد يدوي رقم 519 - أنشئ بواسطة Kashif Ali,5105,مصاريف وقود سيارات للموظفين,380.0,,
519,2025-10-14,قيد يدوي رقم 519 - أنشئ بواسطة Kashif Ali,110106,عهدة اسلام احمد,,380.0,
520,2025-10-14,قيد يدوي رقم 520 - أنشئ بواسطة Kashif Ali,5208,الرسوم الحكومية,1000.0,,
520,2025-10-14,قيد يدوي رقم 520 - أنشئ بواسطة Kashif Ali,3202,جاري الشريك سالم بالحارث,,1000.0,
521,2025-10-14,قيد يدوي رقم 521 - أنشئ بواسطة Kashif Ali,1107,شركة يسم للتجارة,631.35,,
521,2025-10-14,قيد يدوي رقم 521 - أنشئ بواسطة Kashif Ali,110108,عهدة كاش عمران الشيخ,,631.35,
522,2025-10-14,قيد يدوي رقم 522 - أنشئ بواسطة Kashif Ali,110106,عهدة اسلام احمد,512.0,,
522,2025-10-14,قيد يدوي رقم 522 - أنشئ بواسطة Kashif Ali,110108,عهدة كاش عمران الشيخ,,512.0,
523,2025-10-14,قيد يدوي رقم 523 - أنشئ بواسطة Kashif Ali,110510,شعيب رياض,200.0,,
523,2025-10-14,قيد يدوي رقم 523 - أنشئ بواسطة Kashif Ali,110509,محمد رستم,200.0,,
523,2025-10-14,قيد يدوي رقم 523 - أنشئ بواسطة Kashif Ali,110106,عهدة اسلام احمد,,400.0,
524,2025-10-15,قيد يدوي رقم 524 - أنشئ بواسطة Kashif Ali,5217,مصاريف مياه وكهرباء,928.51,,
524,2025-10-15,قيد يدوي رقم 524 - أنشئ بواسطة Kashif Ali,3202,جاري الشريك سالم بالحارث,,928.51,
609,2025-10-15,قيد يدوي رقم 609 - أنشئ بواسطة Kashif Ali,5208,الرسوم الحكومية,2000.0,,
609,2025-10-15,قيد يدوي رقم 609 - أنشئ بواسطة Kashif Ali,1107,شركة يسم للتجارة,,2000.0,
526,2025-10-16,قيد يدوي رقم 526 - أنشئ بواسطة Kashif Ali,110106,عهدة اسلام احمد,250.0,,
526,2025-10-16,قيد يدوي رقم 526 - أنشئ بواسطة Kashif Ali,110108,عهدة كاش عمران الشيخ,,250.0,
527,2025-10-16,قيد يدوي رقم 527 - أنشئ بواسطة Kashif Ali,5225,مصاريف وقود الموظف,92.0,,
527,2025-10-16,قيد يدوي رقم 527 - أنشئ بواسطة Kashif Ali,110106,عهدة اسلام احمد,,92.0,
528,2025-10-18,قيد يدوي رقم 528 - أنشئ بواسطة Kashif Ali,110106,عهدة اسلام احمد,300.0,,
528,2025-10-18,قيد يدوي رقم 528 - أنشئ بواسطة Kashif Ali,110106,عهدة اسلام احمد,200.0,,
528,2025-10-18,قيد يدوي رقم 528 - أنشئ بواسطة Kashif Ali,110108,عهدة كاش عمران الشيخ,,300.0,
528,2025-10-18,قيد يدوي رقم 528 - أنشئ بواسطة Kashif Ali,110108,عهدة كاش عمران الشيخ,,200.0,
529,2025-10-18,قيد يدوي رقم 529 - أنشئ بواسطة Kashif Ali,5105,مصاريف وقود سيارات للموظفين,100.0,,
529,2025-10-18,قيد يدوي رقم 529 - أنشئ بواسطة Kashif Ali,110106,عهدة اسلام احمد,,100.0,
530,2025-10-18,قيد يدوي رقم 530 - أنشئ بواسطة Kashif Ali,5226,صيانة مركبات الموظفين,190.0,,
530,2025-10-18,قيد يدوي رقم 530 - أنشئ بواسطة Kashif Ali,110106,عهدة اسلام احمد,,190.0,
531,2025-10-18,قيد يدوي رقم 531 - أنشئ بواسطة Kashif Ali,5105,مصاريف وقود سيارات للموظفين,240.0,,
531,2025-10-18,قيد يدوي رقم 531 - أنشئ بواسطة Kashif Ali,110106,عهدة اسلام احمد,,240.0,
532,2025-10-19,قيد يدوي رقم 532 - أنشئ بواسطة Kashif Ali,110106,عهدة اسلام احمد,300.0,,
532,2025-10-19,قيد يدوي رقم 532 - أنشئ بواسطة Kashif Ali,110108,عهدة كاش عمران الشيخ,,300.0,
533,2025-10-19,قيد يدوي رقم 533 - أنشئ بواسطة Kashif Ali,5224,نفقات غاز الأكسجين,25.0,,
533,2025-10-19,قيد يدوي رقم 533 - أنشئ بواسطة Kashif Ali,110106,عهدة اسلام احمد,,25.0,
534,2025-10-19,قيد يدوي رقم 534 - أنشئ بواسطة Kashif Ali,5224,نفقات غاز الأكسجين,60.0,,
534,2025-10-19,قيد يدوي رقم 534 - أنشئ بواسطة Kashif Ali,110106,عهدة اسلام احمد,,60.0,
535,2025-10-19,قيد يدوي رقم 535 - أنشئ بواسطة Kashif Ali,120103,المعدات,478.26,,
535,2025-10-19,قيد يدوي رقم 535 - أنشئ بواسطة Kashif Ali,2105,ضريبة القيمة المضافة المستحقة,71.74,,Invoice Num 00002508
535,2025-10-19,قيد يدوي رقم 535 - أنشئ بواسطة Kashif Ali,110108,عهدة كاش عمران الشيخ,,550.0,
550,2025-10-19,قيد يدوي رقم 550 - أنشئ بواسطة Kashif Ali,110511,فؤاد عبدالله قاسم,300.0,,
550,2025-10-19,قيد يدوي رقم 550 - أنشئ بواسطة Kashif Ali,110106,عهدة اسلام احمد,,300.0,
624,2025-10-19,قيد يدوي رقم 624 - أنشئ بواسطة Kashif Ali,5208,الرسوم الحكومية,2425.0,,
624,2025-10-19,قيد يدوي رقم 624 - أنشئ بواسطة Kashif Ali,1107,شركة يسم للتجارة,,2425.0,
536,2025-10-20,قيد يدوي رقم 536 - أنشئ بواسطة Kashif Ali,120103,المعدات,173.91,,
536,2025-10-20,قيد يدوي رقم 536 - أنشئ بواسطة Kashif Ali,2105,ضريبة القيمة المضافة المستحقة,26.09,,Invoice No 2821
536,2025-10-20,قيد يدوي رقم 536 - أنشئ بواسطة Kashif Ali,110108,عهدة كاش عمران الشيخ,,200.0,
537,2025-10-20,قيد يدوي رقم 537 - أنشئ بواسطة Kashif Ali,5216,مصاريف صيانه عامه بالمصنع,83.0,,
537,2025-10-20,قيد يدوي رقم 537 - أنشئ بواسطة Kashif Ali,2105,ضريبة القيمة المضافة المستحقة,12.45,,
537,2025-10-20,قيد يدوي رقم 537 - أنشئ بواسطة Kashif Ali,110108,عهدة كاش عمران الشيخ,,95.45,
538,2025-10-20,قيد يدوي رقم 538 - أنشئ بواسطة Kashif Ali,110106,عهدة اسلام احمد,180.0,,
538,2025-10-20,قيد يدوي رقم 538 - أنشئ بواسطة Kashif Ali,110108,عهدة كاش عمران الشيخ,,180.0,
539,2025-10-20,قيد يدوي رقم 539 - أنشئ بواسطة Kashif Ali,5225,مصاريف وقود الموظف,90.0,,
539,2025-10-20,قيد يدوي رقم 539 - أنشئ بواسطة Kashif Ali,110106,عهدة اسلام احمد,,90.0,
540,2025-10-20,قيد يدوي رقم 540 - أنشئ بواسطة Kashif Ali,5214,مصاريف أخرى,180.0,,
540,2025-10-20,قيد يدوي رقم 540 - أنشئ بواسطة Kashif Ali,110106,عهدة اسلام احمد,,180.0,
540,2025-10-20,قيد يدوي رقم 540 - أنشئ بواسطة Kashif Ali,1103,المدينون,1300.0,,
540,2025-10-20,قيد يدوي رقم 540 - أنشئ بواسطة Kashif Ali,2105,ضريبة القيمة المضافة المستحقة,,169.57,
540,2025-10-20,قيد يدوي رقم 540 - أنشئ بواسطة Kashif Ali,4102,الايرادات من بيع السكراب,,1130.43,
540,2025-10-20,قيد يدوي رقم 540 - أنشئ بواسطة Kashif Ali,110201,حساب البنك الاهلي 12300001016808,1000.0,,
540,2025-10-20,قيد يدوي رقم 540 - أنشئ بواسطة Kashif Ali,1103,المدينون,,1000.0,
540,2025-10-20,قيد يدوي رقم 540 - أنشئ بواسطة Kashif Ali,110101,النقدية في الخزينة,1200.0,,
540,2025-10-20,قيد يدوي رقم 540 - أنشئ بواسطة Kashif Ali,1103,المدينون,,1200.0,
540,2025-10-20,قيد يدوي رقم 540 - أنشئ بواسطة Kashif Ali,5214,مصاريف أخرى,180.0,,
540,2025-10-20,قيد يدوي رقم 540 - أنشئ بواسطة Kashif Ali,110106,عهدة اسلام احمد,,180.0,
540,2025-10-20,قيد يدوي رقم 540 - أنشئ بواسطة Kashif Ali,1103,المدينون,1300.0,,
540,2025-10-20,قيد يدوي رقم 540 - أنشئ بواسطة Kashif Ali,2105,ضريبة القيمة المضافة المستحقة,,169.57,
540,2025-10-20,قيد يدوي رقم 540 - أنشئ بواسطة Kashif Ali,4102,الايرادات من بيع السكراب,,1130.43,
540,2025-10-20,قيد يدوي رقم 540 - أنشئ بواسطة Kashif Ali,110201,حساب البنك الاهلي 12300001016808,1000.0,,
540,2025-10-20,قيد يدوي رقم 540 - أنشئ بواسطة Kashif Ali,1103,المدينون,,1000.0,
540,2025-10-20,قيد يدوي رقم 540 - أنشئ بواسطة Kashif Ali,110101,النقدية في الخزينة,1200.0,,
540,2025-10-20,قيد يدوي رقم 540 - أنشئ بواسطة Kashif Ali,1103,المدينون,,1200.0,
540,2025-10-20,قيد يدوي رقم 540 - أنشئ بواسطة Kashif Ali,5214,مصاريف أخرى,180.0,,
540,2025-10-20,قيد يدوي رقم 540 - أنشئ بواسطة Kashif Ali,110106,عهدة اسلام احمد,,180.0,
540,2025-10-20,قيد يدوي رقم 540 - أنشئ بواسطة Kashif Ali,1103,المدينون,1300.0,,
540,2025-10-20,قيد يدوي رقم 540 - أنشئ بواسطة Kashif Ali,2105,ضريبة القيمة المضافة المستحقة,,169.57,
540,2025-10-20,قيد يدوي رقم 540 - أنشئ بواسطة Kashif Ali,4102,الايرادات من بيع السكراب,,1130.43,
540,2025-10-20,قيد يدوي رقم 540 - أنشئ بواسطة Kashif Ali,110201,حساب البنك الاهلي 12300001016808,1000.0,,
540,2025-10-20,قيد يدوي رقم 540 - أنشئ بواسطة Kashif Ali,1103,المدينون,,1000.0,
540,2025-10-20,قيد يدوي رقم 540 - أنشئ بواسطة Kashif Ali,110101,النقدية في الخزينة,1200.0,,
540,2025-10-20,قيد يدوي رقم 540 - أنشئ بواسطة Kashif Ali,1103,المدينون,,1200.0,
540,2025-10-20,قيد يدوي رقم 540 - أنشئ بواسطة Kashif Ali,5214,مصاريف أخرى,180.0,,
540,2025-10-20,قيد يدوي رقم 540 - أنشئ بواسطة Kashif Ali,110106,عهدة اسلام احمد,,180.0,
540,2025-10-20,قيد يدوي رقم 540 - أنشئ بواسطة Kashif Ali,1103,المدينون,1300.0,,
540,2025-10-20,قيد يدوي رقم 540 - أنشئ بواسطة Kashif Ali,2105,ضريبة القيمة المضافة المستحقة,,169.57,
540,2025-10-20,قيد يدوي رقم 540 - أنشئ بواسطة Kashif Ali,4102,الايرادات من بيع السكراب,,1130.43,
540,2025-10-20,قيد يدوي رقم 540 - أنشئ بواسطة Kashif Ali,110201,حساب البنك الاهلي 12300001016808,1000.0,,
540,2025-10-20,قيد يدوي رقم 540 - أنشئ بواسطة Kashif Ali,1103,المدينون,,1000.0,
540,2025-10-20,قيد يدوي رقم 540 - أنشئ بواسطة Kashif Ali,110101,النقدية في الخزينة,1200.0,,
540,2025-10-20,قيد يدوي رقم 540 - أنشئ بواسطة Kashif Ali,1103,المدينون,,1200.0,
1359,2025-10-20,قيد يدوي رقم 1359 - أنشئ بواسطة Kashif Ali,110101,النقدية في الخزينة,,1200.0,
1359,2025-10-20,قيد يدوي رقم 1359 - أنشئ بواسطة Kashif Ali,5214,مصاريف أخرى,1200.0,,
543,2025-10-21,قيد يدوي رقم 543 - أنشئ بواسطة Kashif Ali,110106,عهدة اسلام احمد,300.0,,
543,2025-10-21,قيد يدوي رقم 543 - أنشئ بواسطة Kashif Ali,110108,عهدة كاش عمران الشيخ,,300.0,
544,2025-10-22,قيد يدوي رقم 544 - أنشئ بواسطة Kashif Ali,5224,نفقات غاز الأكسجين,25.0,,
544,2025-10-22,قيد يدوي رقم 544 - أنشئ بواسطة Kashif Ali,110106,عهدة اسلام احمد,,25.0,
545,2025-10-22,قيد يدوي رقم 545 - أنشئ بواسطة Kashif Ali,110104,عهدة اشرف الصايغ,50000.0,,
545,2025-10-22,قيد يدوي رقم 545 - أنشئ بواسطة Kashif Ali,110201,حساب البنك الاهلي 12300001016808,,50000.0,
546,2025-10-22,قيد يدوي رقم 546 - أنشئ بواسطة Kashif Ali,110106,عهدة اسلام احمد,300.0,,
546,2025-10-22,قيد يدوي رقم 546 - أنشئ بواسطة Kashif Ali,110511,فؤاد عبدالله قاسم,,300.0,
547,2025-10-22,قيد يدوي رقم 547 - أنشئ بواسطة Kashif Ali,5214,مصاريف أخرى,67.0,,
547,2025-10-22,قيد يدوي رقم 547 - أنشئ بواسطة Kashif Ali,110108,عهدة كاش عمران الشيخ,,67.0,
548,2025-10-22,قيد يدوي رقم 548 - أنشئ بواسطة Kashif Ali,5214,مصاريف أخرى,24.0,,
548,2025-10-22,قيد يدوي رقم 548 - أنشئ بواسطة Kashif Ali,110108,عهدة كاش عمران الشيخ,,24.0,
549,2025-10-22,قيد يدوي رقم 549 - أنشئ بواسطة Kashif Ali,5225,مصاريف وقود الموظف,40.24,,
549,2025-10-22,قيد يدوي رقم 549 - أنشئ بواسطة Kashif Ali,5225,مصاريف وقود الموظف,80.16,,
549,2025-10-22,قيد يدوي رقم 549 - أنشئ بواسطة Kashif Ali,110108,عهدة كاش عمران الشيخ,,40.24,
549,2025-10-22,قيد يدوي رقم 549 - أنشئ بواسطة Kashif Ali,110108,عهدة كاش عمران الشيخ,,80.16,
551,2025-10-22,قيد يدوي رقم 551 - أنشئ بواسطة Kashif Ali,110106,عهدة اسلام احمد,200.0,,
551,2025-10-22,قيد يدوي رقم 551 - أنشئ بواسطة Kashif Ali,110108,عهدة كاش عمران الشيخ,,200.0,
553,2025-10-22,قيد يدوي رقم 553 - أنشئ بواسطة Kashif Ali,5216,مصاريف صيانه عامه بالمصنع,200.0,,
553,2025-10-22,قيد يدوي رقم 553 - أنشئ بواسطة Kashif Ali,110106,عهدة اسلام احمد,,200.0,
552,2025-10-23,قيد يدوي رقم 552 - أنشئ بواسطة Kashif Ali,5224,نفقات غاز الأكسجين,60.0,,
552,2025-10-23,قيد يدوي رقم 552 - أنشئ بواسطة Kashif Ali,110106,عهدة اسلام احمد,,60.0,
554,2025-10-25,قيد يدوي رقم 554 - أنشئ بواسطة Kashif Ali,5219,مصروف نقل ومواصلات,1400.0,,
554,2025-10-25,قيد يدوي رقم 554 - أنشئ بواسطة Kashif Ali,3202,جاري الشريك سالم بالحارث,,1400.0,
555,2025-10-25,قيد يدوي رقم 555 - أنشئ بواسطة Kashif Ali,5105,مصاريف وقود سيارات للموظفين,100.0,,
555,2025-10-25,قيد يدوي رقم 555 - أنشئ بواسطة Kashif Ali,110106,عهدة اسلام احمد,,100.0,
556,2025-10-25,قيد يدوي رقم 556 - أنشئ بواسطة Kashif Ali,110106,عهدة اسلام احمد,100.0,,
556,2025-10-25,قيد يدوي رقم 556 - أنشئ بواسطة Kashif Ali,110108,عهدة كاش عمران الشيخ,,100.0,
557,2025-10-25,قيد يدوي رقم 557 - أنشئ بواسطة Kashif Ali,5219,مصروف نقل ومواصلات,100.0,,
557,2025-10-25,قيد يدوي رقم 557 - أنشئ بواسطة Kashif Ali,110106,عهدة اسلام احمد,,100.0,
558,2025-10-26,قيد يدوي رقم 558 - أنشئ بواسطة Kashif Ali,110106,عهدة اسلام احمد,1200.0,,
558,2025-10-26,قيد يدوي رقم 558 - أنشئ بواسطة Kashif Ali,110108,عهدة كاش عمران الشيخ,,1200.0,
559,2025-10-26,قيد يدوي رقم 559 - أنشئ بواسطة Kashif Ali,110106,عهدة اسلام احمد,150.0,,
559,2025-10-26,قيد يدوي رقم 559 - أنشئ بواسطة Kashif Ali,110108,عهدة كاش عمران الشيخ,,150.0,
560,2025-10-26,قيد يدوي رقم 560 - أنشئ بواسطة Kashif Ali,120103,المعدات,1350.0,,
560,2025-10-26,قيد يدوي رقم 560 - أنشئ بواسطة Kashif Ali,110106,عهدة اسلام احمد,,1350.0,
561,2025-10-26,قيد يدوي رقم 561 - أنشئ بواسطة Kashif Ali,5225,مصاريف وقود الموظف,62.0,,
561,2025-10-26,قيد يدوي رقم 561 - أنشئ بواسطة Kashif Ali,110106,عهدة اسلام احمد,,62.0,
562,2025-10-26,قيد يدوي رقم 562 - أنشئ بواسطة Kashif Ali,5228,نفقات الأدوات,60.88,,
562,2025-10-26,قيد يدوي رقم 562 - أنشئ بواسطة Kashif Ali,2105,ضريبة القيمة المضافة المستحقة,9.13,,Invoice No. 00002576
562,2025-10-26,قيد يدوي رقم 562 - أنشئ بواسطة Kashif Ali,110108,عهدة كاش عمران الشيخ,,70.01,
578,2025-10-26,قيد يدوي رقم 578 - أنشئ بواسطة Kashif Ali,5214,مصاريف أخرى,245.0,,
578,2025-10-26,قيد يدوي رقم 578 - أنشئ بواسطة Kashif Ali,110108,عهدة كاش عمران الشيخ,,245.0,
563,2025-10-27,قيد يدوي رقم 563 - أنشئ بواسطة Kashif Ali,110108,عهدة كاش عمران الشيخ,4000.0,,
563,2025-10-27,قيد يدوي رقم 563 - أنشئ بواسطة Kashif Ali,1107,شركة يسم للتجارة,,4000.0,
564,2025-10-27,قيد يدوي رقم 564 - أنشئ بواسطة Kashif Ali,5105,مصاريف وقود سيارات للموظفين,100.0,,
564,2025-10-27,قيد يدوي رقم 564 - أنشئ بواسطة Kashif Ali,110106,عهدة اسلام احمد,,100.0,
565,2025-10-27,قيد يدوي رقم 565 - أنشئ بواسطة Kashif Ali,110106,عهدة اسلام احمد,300.0,,
565,2025-10-27,قيد يدوي رقم 565 - أنشئ بواسطة Kashif Ali,110108,عهدة كاش عمران الشيخ,,300.0,
575,2025-10-27,قيد يدوي رقم 575 - أنشئ بواسطة Kashif Ali,5214,مصاريف أخرى,16.0,,
575,2025-10-27,قيد يدوي رقم 575 - أنشئ بواسطة Kashif Ali,110106,عهدة اسلام احمد,,16.0,
566,2025-10-28,قيد يدوي رقم 566 - أنشئ بواسطة Kashif Ali,5102,رواتب وأجور,3000.0,,Eslam Salary
566,2025-10-28,قيد يدوي رقم 566 - أنشئ بواسطة Kashif Ali,5102,رواتب وأجور,3590.0,,Omran Salary
566,2025-10-28,قيد يدوي رقم 566 - أنشئ بواسطة Kashif Ali,2103,الرواتب المستحقة,,3000.0,Eslam Salary
566,2025-10-28,قيد يدوي رقم 566 - أنشئ بواسطة Kashif Ali,2103,الرواتب المستحقة,,3590.0,Omran Salary 
567,2025-10-28,قيد يدوي رقم 567 - أنشئ بواسطة Kashif Ali,2103,الرواتب المستحقة,6590.0,,
567,2025-10-28,قيد يدوي رقم 567 - أنشئ بواسطة Kashif Ali,1107,شركة يسم للتجارة,,6590.0,
568,2025-10-28,قيد يدوي رقم 568 - أنشئ بواسطة Kashif Ali,110108,عهدة كاش عمران الشيخ,3000.0,,
568,2025-10-28,قيد يدوي رقم 568 - أنشئ بواسطة Kashif Ali,110102,عهدة سالم,,3000.0,
569,2025-10-28,قيد يدوي رقم 569 - أنشئ بواسطة Kashif Ali,110104,عهدة اشرف الصايغ,50000.0,,
569,2025-10-28,قيد يدوي رقم 569 - أنشئ بواسطة Kashif Ali,3202,جاري الشريك سالم بالحارث,,50000.0,
570,2025-10-28,قيد يدوي رقم 570 - أنشئ بواسطة Kashif Ali,5214,مصاريف أخرى,43.47,,
570,2025-10-28,قيد يدوي رقم 570 - أنشئ بواسطة Kashif Ali,2105,ضريبة القيمة المضافة المستحقة,6.52,,Invoice no 1942
570,2025-10-28,قيد يدوي رقم 570 - أنشئ بواسطة Kashif Ali,110108,عهدة كاش عمران الشيخ,,49.99,
571,2025-10-28,قيد يدوي رقم 571 - أنشئ بواسطة Kashif Ali,5225,مصاريف وقود الموظف,95.0,,
571,2025-10-28,قيد يدوي رقم 571 - أنشئ بواسطة Kashif Ali,110108,عهدة كاش عمران الشيخ,,95.0,
572,2025-10-28,قيد يدوي رقم 572 - أنشئ بواسطة Kashif Ali,5225,مصاريف وقود الموظف,107.0,,
572,2025-10-28,قيد يدوي رقم 572 - أنشئ بواسطة Kashif Ali,110108,عهدة كاش عمران الشيخ,,107.0,
573,2025-10-28,قيد يدوي رقم 573 - أنشئ بواسطة Kashif Ali,5214,مصاريف أخرى,42.0,,
573,2025-10-28,قيد يدوي رقم 573 - أنشئ بواسطة Kashif Ali,110108,عهدة كاش عمران الشيخ,,42.0,
574,2025-10-28,قيد يدوي رقم 574 - أنشئ بواسطة Kashif Ali,5216,مصاريف صيانه عامه بالمصنع,20.0,,
574,2025-10-28,قيد يدوي رقم 574 - أنشئ بواسطة Kashif Ali,110108,عهدة كاش عمران الشيخ,,20.0,
576,2025-10-28,قيد يدوي رقم 576 - أنشئ بواسطة Kashif Ali,5214,مصاريف أخرى,10.0,,
576,2025-10-28,قيد يدوي رقم 576 - أنشئ بواسطة Kashif Ali,110101,النقدية في الخزينة,,10.0,
579,2025-10-28,قيد يدوي رقم 579 - أنشئ بواسطة Kashif Ali,5214,مصاريف أخرى,534.0,,
579,2025-10-28,قيد يدوي رقم 579 - أنشئ بواسطة Kashif Ali,2105,ضريبة القيمة المضافة المستحقة,80.1,,2510100101692
579,2025-10-28,قيد يدوي رقم 579 - أنشئ بواسطة Kashif Ali,110108,عهدة كاش عمران الشيخ,,614.1,
580,2025-10-28,قيد يدوي رقم 580 - أنشئ بواسطة Kashif Ali,120103,المعدات,400.0,,
580,2025-10-28,قيد يدوي رقم 580 - أنشئ بواسطة Kashif Ali,110108,عهدة كاش عمران الشيخ,,400.0,
591,2025-10-28,قيد يدوي رقم 591 - أنشئ بواسطة Kashif Ali,110108,عهدة كاش عمران الشيخ,2000.0,,
591,2025-10-28,قيد يدوي رقم 591 - أنشئ بواسطة Kashif Ali,1107,شركة يسم للتجارة,,2000.0,
592,2025-10-28,قيد يدوي رقم 592 - أنشئ بواسطة Kashif Ali,120105,مركبات,2000.0,,
592,2025-10-28,قيد يدوي رقم 592 - أنشئ بواسطة Kashif Ali,110108,عهدة كاش عمران الشيخ,,2000.0,
577,2025-10-29,قيد يدوي رقم 577 - أنشئ بواسطة Kashif Ali,5225,مصاريف وقود الموظف,98.0,,
577,2025-10-29,قيد يدوي رقم 577 - أنشئ بواسطة Kashif Ali,110106,عهدة اسلام احمد,,98.0,
581,2025-10-29,قيد يدوي رقم 581 - أنشئ بواسطة Kashif Ali,110101,النقدية في الخزينة,10.0,,
581,2025-10-29,قيد يدوي رقم 581 - أنشئ بواسطة Kashif Ali,110106,عهدة اسلام احمد,,10.0,
610,2025-10-29,قيد يدوي رقم 610 - أنشئ بواسطة Kashif Ali,5102,رواتب وأجور,29323.0,,
610,2025-10-29,قيد يدوي رقم 610 - أنشئ بواسطة Kashif Ali,2103,الرواتب المستحقة,,28323.0,
610,2025-10-29,قيد يدوي رقم 610 - أنشئ بواسطة Kashif Ali,110501,اشرف مروان الصايغ,,1000.0,
685,2025-10-29,قيد يدوي رقم 685 - أنشئ بواسطة Kashif Ali,5102,رواتب وأجور,1700.0,,
685,2025-10-29,قيد يدوي رقم 685 - أنشئ بواسطة Kashif Ali,110510,شعيب رياض,,700.0,
685,2025-10-29,قيد يدوي رقم 685 - أنشئ بواسطة Kashif Ali,110509,محمد رستم,,700.0,
685,2025-10-29,قيد يدوي رقم 685 - أنشئ بواسطة Kashif Ali,110511,فؤاد عبدالله قاسم,,300.0,
582,2025-10-30,قيد يدوي رقم 582 - أنشئ بواسطة Kashif Ali,110106,عهدة اسلام احمد,400.0,,
582,2025-10-30,قيد يدوي رقم 582 - أنشئ بواسطة Kashif Ali,110108,عهدة كاش عمران الشيخ,,400.0,
583,2025-10-30,قيد يدوي رقم 583 - أنشئ بواسطة Kashif Ali,110106,عهدة اسلام احمد,250.0,,
583,2025-10-30,قيد يدوي رقم 583 - أنشئ بواسطة Kashif Ali,110108,عهدة كاش عمران الشيخ,,250.0,
584,2025-10-30,قيد يدوي رقم 584 - أنشئ بواسطة Kashif Ali,110104,عهدة اشرف الصايغ,5000.0,,
584,2025-10-30,قيد يدوي رقم 584 - أنشئ بواسطة Kashif Ali,3202,جاري الشريك سالم بالحارث,,5000.0,
585,2025-10-30,قيد يدوي رقم 585 - أنشئ بواسطة Kashif Ali,5216,مصاريف صيانه عامه بالمصنع,300.0,,
585,2025-10-30,قيد يدوي رقم 585 - أنشئ بواسطة Kashif Ali,110106,عهدة اسلام احمد,,300.0,
586,2025-10-30,قيد يدوي رقم 586 - أنشئ بواسطة Kashif Ali,5214,مصاريف أخرى,100.0,,
586,2025-10-30,قيد يدوي رقم 586 - أنشئ بواسطة Kashif Ali,110106,عهدة اسلام احمد,,100.0,
587,2025-10-30,قيد يدوي رقم 587 - أنشئ بواسطة Kashif Ali,5105,مصاريف وقود سيارات للموظفين,101.0,,
587,2025-10-30,قيد يدوي رقم 587 - أنشئ بواسطة Kashif Ali,110106,عهدة اسلام احمد,,101.0,
588,2025-10-30,قيد يدوي رقم 588 - أنشئ بواسطة Kashif Ali,5214,مصاريف أخرى,47.0,,
588,2025-10-30,قيد يدوي رقم 588 - أنشئ بواسطة Kashif Ali,110108,عهدة كاش عمران الشيخ,,47.0,
589,2025-10-30,قيد يدوي رقم 589 - أنشئ بواسطة Kashif Ali,5225,مصاريف وقود الموظف,93.0,,
589,2025-10-30,قيد يدوي رقم 589 - أنشئ بواسطة Kashif Ali,110108,عهدة كاش عمران الشيخ,,93.0,
590,2025-10-30,قيد يدوي رقم 590 - أنشئ بواسطة Kashif Ali,5214,مصاريف أخرى,48.0,,
590,2025-10-30,قيد يدوي رقم 590 - أنشئ بواسطة Kashif Ali,110108,عهدة كاش عمران الشيخ,,48.0,
594,2025-10-30,قيد يدوي رقم 594 - أنشئ بواسطة Kashif Ali,5226,صيانة مركبات الموظفين,20.0,,
594,2025-10-30,قيد يدوي رقم 594 - أنشئ بواسطة Kashif Ali,110106,عهدة اسلام احمد,,20.0,
608,2025-10-30,قيد يدوي رقم 608 - أنشئ بواسطة Kashif Ali,2103,الرواتب المستحقة,3000.0,,
608,2025-10-30,قيد يدوي رقم 608 - أنشئ بواسطة Kashif Ali,2103,الرواتب المستحقة,9823.0,,
608,2025-10-30,قيد يدوي رقم 608 - أنشئ بواسطة Kashif Ali,2103,الرواتب المستحقة,15500.0,,
608,2025-10-30,قيد يدوي رقم 608 - أنشئ بواسطة Kashif Ali,1107,شركة يسم للتجارة,,3000.0,
608,2025-10-30,قيد يدوي رقم 608 - أنشئ بواسطة Kashif Ali,1107,شركة يسم للتجارة,,9823.0,
608,2025-10-30,قيد يدوي رقم 608 - أنشئ بواسطة Kashif Ali,1107,شركة يسم للتجارة,,15500.0,
651,2025-10-31,قيد يدوي رقم 651 - أنشئ بواسطة Kashif Ali,1107,شركة يسم للتجارة,63354.52,,
651,2025-10-31,قيد يدوي رقم 651 - أنشئ بواسطة Kashif Ali,3202,جاري الشريك سالم بالحارث,,63354.52,
1351,2025-10-31,قيد يدوي رقم 1351 - أنشئ بواسطة Kashif Ali,5214,مصاريف أخرى,2.0,,
1351,2025-10-31,قيد يدوي رقم 1351 - أنشئ بواسطة Kashif Ali,110102,عهدة سالم,,2.0,
593,2025-11-01,قيد يدوي رقم 593 - أنشئ بواسطة Kashif Ali,5211,مصاريف مكتبية ومطبوعات,150.0,,
593,2025-11-01,قيد يدوي رقم 593 - أنشئ بواسطة Kashif Ali,110108,عهدة كاش عمران الشيخ,,150.0,
595,2025-11-02,قيد يدوي رقم 595 - أنشئ بواسطة Kashif Ali,5105,مصاريف وقود سيارات للموظفين,150.0,,
595,2025-11-02,قيد يدوي رقم 595 - أنشئ بواسطة Kashif Ali,110106,عهدة اسلام احمد,,150.0,
596,2025-11-02,قيد يدوي رقم 596 - أنشئ بواسطة Kashif Ali,110106,عهدة اسلام احمد,700.0,,
596,2025-11-02,قيد يدوي رقم 596 - أنشئ بواسطة Kashif Ali,110108,عهدة كاش عمران الشيخ,,700.0,
596,2025-11-02,قيد يدوي رقم 596 - أنشئ بواسطة Kashif Ali,110108,عهدة كاش عمران الشيخ,,250.0,
596,2025-11-02,قيد يدوي رقم 596 - أنشئ بواسطة Kashif Ali,110106,عهدة اسلام احمد,250.0,,
597,2025-11-02,قيد يدوي رقم 597 - أنشئ بواسطة Kashif Ali,5107,رسوم التوصيل,700.0,,
597,2025-11-02,قيد يدوي رقم 597 - أنشئ بواسطة Kashif Ali,110106,عهدة اسلام احمد,,700.0,
598,2025-11-02,قيد يدوي رقم 598 - أنشئ بواسطة Kashif Ali,110106,عهدة اسلام احمد,800.0,,
598,2025-11-02,قيد يدوي رقم 598 - أنشئ بواسطة Kashif Ali,110106,عهدة اسلام احمد,100.0,,
598,2025-11-02,قيد يدوي رقم 598 - أنشئ بواسطة Kashif Ali,110108,عهدة كاش عمران الشيخ,,800.0,
598,2025-11-02,قيد يدوي رقم 598 - أنشئ بواسطة Kashif Ali,110108,عهدة كاش عمران الشيخ,,100.0,
599,2025-11-02,قيد يدوي رقم 599 - أنشئ بواسطة Kashif Ali,5223,نفقات الإنترنت,402.5,,
599,2025-11-02,قيد يدوي رقم 599 - أنشئ بواسطة Kashif Ali,110106,عهدة اسلام احمد,,402.5,
601,2025-11-02,قيد يدوي رقم 601 - أنشئ بواسطة Kashif Ali,5214,مصاريف أخرى,500.0,,
601,2025-11-02,قيد يدوي رقم 601 - أنشئ بواسطة Kashif Ali,110106,عهدة اسلام احمد,,500.0,
600,2025-11-03,قيد يدوي رقم 600 - أنشئ بواسطة Kashif Ali,5216,مصاريف صيانه عامه بالمصنع,250.0,,
600,2025-11-03,قيد يدوي رقم 600 - أنشئ بواسطة Kashif Ali,110106,عهدة اسلام احمد,,250.0,
600,2025-11-03,قيد يدوي رقم 600 - أنشئ بواسطة Kashif Ali,1103,المدينون,100.0,,
600,2025-11-03,قيد يدوي رقم 600 - أنشئ بواسطة Kashif Ali,2105,ضريبة القيمة المضافة المستحقة,,13.04,
600,2025-11-03,قيد يدوي رقم 600 - أنشئ بواسطة Kashif Ali,4102,الايرادات من بيع السكراب,,86.96,
600,2025-11-03,قيد يدوي رقم 600 - أنشئ بواسطة Kashif Ali,5216,مصاريف صيانه عامه بالمصنع,250.0,,
600,2025-11-03,قيد يدوي رقم 600 - أنشئ بواسطة Kashif Ali,110106,عهدة اسلام احمد,,250.0,
600,2025-11-03,قيد يدوي رقم 600 - أنشئ بواسطة Kashif Ali,1103,المدينون,100.0,,
600,2025-11-03,قيد يدوي رقم 600 - أنشئ بواسطة Kashif Ali,2105,ضريبة القيمة المضافة المستحقة,,13.04,
600,2025-11-03,قيد يدوي رقم 600 - أنشئ بواسطة Kashif Ali,4102,الايرادات من بيع السكراب,,86.96,
604,2025-11-03,قيد يدوي رقم 604 - أنشئ بواسطة Kashif Ali,110101,النقدية في الخزينة,200.0,,
604,2025-11-03,قيد يدوي رقم 604 - أنشئ بواسطة Kashif Ali,110108,عهدة كاش عمران الشيخ,,200.0,
605,2025-11-03,قيد يدوي رقم 605 - أنشئ بواسطة Kashif Ali,110106,عهدة اسلام احمد,100.0,,
605,2025-11-03,قيد يدوي رقم 605 - أنشئ بواسطة Kashif Ali,110101,النقدية في الخزينة,,100.0,
606,2025-11-03,قيد يدوي رقم 606 - أنشئ بواسطة Kashif Ali,5225,مصاريف وقود الموظف,100.0,,
606,2025-11-03,قيد يدوي رقم 606 - أنشئ بواسطة Kashif Ali,110106,عهدة اسلام احمد,,100.0,
607,2025-11-03,قيد يدوي رقم 607 - أنشئ بواسطة Kashif Ali,1107,شركة يسم للتجارة,1200.0,,
607,2025-11-03,قيد يدوي رقم 607 - أنشئ بواسطة Kashif Ali,110108,عهدة كاش عمران الشيخ,,1200.0,
627,2025-11-03,قيد يدوي رقم 627 - أنشئ بواسطة Kashif Ali,5225,مصاريف وقود الموظف,248.0,,
627,2025-11-03,قيد يدوي رقم 627 - أنشئ بواسطة Kashif Ali,5206,تذاكر سفر,167.0,,
627,2025-11-03,قيد يدوي رقم 627 - أنشئ بواسطة Kashif Ali,110107,عهدة كاش علاء الدين,300.0,,
627,2025-11-03,قيد يدوي رقم 627 - أنشئ بواسطة Kashif Ali,110108,عهدة كاش عمران الشيخ,,715.0,
627,2025-11-03,قيد يدوي رقم 627 - أنشئ بواسطة Kashif Ali,110101,النقدية في الخزينة,100.0,,
627,2025-11-03,قيد يدوي رقم 627 - أنشئ بواسطة Kashif Ali,1103,المدينون,,100.0,
627,2025-11-03,قيد يدوي رقم 627 - أنشئ بواسطة Kashif Ali,5225,مصاريف وقود الموظف,248.0,,
627,2025-11-03,قيد يدوي رقم 627 - أنشئ بواسطة Kashif Ali,5206,تذاكر سفر,167.0,,
627,2025-11-03,قيد يدوي رقم 627 - أنشئ بواسطة Kashif Ali,110107,عهدة كاش علاء الدين,300.0,,
627,2025-11-03,قيد يدوي رقم 627 - أنشئ بواسطة Kashif Ali,110108,عهدة كاش عمران الشيخ,,715.0,
627,2025-11-03,قيد يدوي رقم 627 - أنشئ بواسطة Kashif Ali,110101,النقدية في الخزينة,100.0,,
627,2025-11-03,قيد يدوي رقم 627 - أنشئ بواسطة Kashif Ali,1103,المدينون,,100.0,
611,2025-11-04,قيد يدوي رقم 611 - أنشئ بواسطة Kashif Ali,110106,عهدة اسلام احمد,160.0,,
611,2025-11-04,قيد يدوي رقم 611 - أنشئ بواسطة Kashif Ali,110108,عهدة كاش عمران الشيخ,,160.0,
612,2025-11-04,قيد يدوي رقم 612 - أنشئ بواسطة Kashif Ali,5224,نفقات غاز الأكسجين,160.0,,
612,2025-11-04,قيد يدوي رقم 612 - أنشئ بواسطة Kashif Ali,110106,عهدة اسلام احمد,,160.0,
612,2025-11-04,قيد يدوي رقم 612 - أنشئ بواسطة Kashif Ali,1103,المدينون,100.0,,
612,2025-11-04,قيد يدوي رقم 612 - أنشئ بواسطة Kashif Ali,2105,ضريبة القيمة المضافة المستحقة,,13.04,
612,2025-11-04,قيد يدوي رقم 612 - أنشئ بواسطة Kashif Ali,4102,الايرادات من بيع السكراب,,86.96,
612,2025-11-04,قيد يدوي رقم 612 - أنشئ بواسطة Kashif Ali,110101,النقدية في الخزينة,100.0,,
612,2025-11-04,قيد يدوي رقم 612 - أنشئ بواسطة Kashif Ali,1103,المدينون,,100.0,
612,2025-11-04,قيد يدوي رقم 612 - أنشئ بواسطة Kashif Ali,5224,نفقات غاز الأكسجين,160.0,,
612,2025-11-04,قيد يدوي رقم 612 - أنشئ بواسطة Kashif Ali,110106,عهدة اسلام احمد,,160.0,
612,2025-11-04,قيد يدوي رقم 612 - أنشئ بواسطة Kashif Ali,1103,المدينون,100.0,,
612,2025-11-04,قيد يدوي رقم 612 - أنشئ بواسطة Kashif Ali,2105,ضريبة القيمة المضافة المستحقة,,13.04,
612,2025-11-04,قيد يدوي رقم 612 - أنشئ بواسطة Kashif Ali,4102,الايرادات من بيع السكراب,,86.96,
612,2025-11-04,قيد يدوي رقم 612 - أنشئ بواسطة Kashif Ali,110101,النقدية في الخزينة,100.0,,
612,2025-11-04,قيد يدوي رقم 612 - أنشئ بواسطة Kashif Ali,1103,المدينون,,100.0,
612,2025-11-04,قيد يدوي رقم 612 - أنشئ بواسطة Kashif Ali,5224,نفقات غاز الأكسجين,160.0,,
612,2025-11-04,قيد يدوي رقم 612 - أنشئ بواسطة Kashif Ali,110106,عهدة اسلام احمد,,160.0,
612,2025-11-04,قيد يدوي رقم 612 - أنشئ بواسطة Kashif Ali,1103,المدينون,100.0,,
612,2025-11-04,قيد يدوي رقم 612 - أنشئ بواسطة Kashif Ali,2105,ضريبة القيمة المضافة المستحقة,,13.04,
612,2025-11-04,قيد يدوي رقم 612 - أنشئ بواسطة Kashif Ali,4102,الايرادات من بيع السكراب,,86.96,
612,2025-11-04,قيد يدوي رقم 612 - أنشئ بواسطة Kashif Ali,110101,النقدية في الخزينة,100.0,,
612,2025-11-04,قيد يدوي رقم 612 - أنشئ بواسطة Kashif Ali,1103,المدينون,,100.0,
615,2025-11-04,قيد يدوي رقم 615 - أنشئ بواسطة Kashif Ali,5208,الرسوم الحكومية,2425.0,,
615,2025-11-04,قيد يدوي رقم 615 - أنشئ بواسطة Kashif Ali,3202,جاري الشريك سالم بالحارث,,2425.0,
616,2025-11-04,قيد يدوي رقم 616 - أنشئ بواسطة Kashif Ali,110106,عهدة اسلام احمد,300.0,,
616,2025-11-04,قيد يدوي رقم 616 - أنشئ بواسطة Kashif Ali,110108,عهدة كاش عمران الشيخ,,300.0,
688,2025-11-04,قيد يدوي رقم 688 - أنشئ بواسطة Kashif Ali,5207,التأمينات الاجتماعية,3935.48,,
688,2025-11-04,قيد يدوي رقم 688 - أنشئ بواسطة Kashif Ali,1107,شركة يسم للتجارة,,3935.48,
688,2025-11-04,قيد يدوي رقم 688 - أنشئ بواسطة Kashif Ali,110101,النقدية في الخزينة,100.0,,
688,2025-11-04,قيد يدوي رقم 688 - أنشئ بواسطة Kashif Ali,1103,المدينون,,100.0,
688,2025-11-04,قيد يدوي رقم 688 - أنشئ بواسطة Kashif Ali,5207,التأمينات الاجتماعية,3935.48,,
688,2025-11-04,قيد يدوي رقم 688 - أنشئ بواسطة Kashif Ali,1107,شركة يسم للتجارة,,3935.48,
688,2025-11-04,قيد يدوي رقم 688 - أنشئ بواسطة Kashif Ali,110101,النقدية في الخزينة,100.0,,
688,2025-11-04,قيد يدوي رقم 688 - أنشئ بواسطة Kashif Ali,1103,المدينون,,100.0,
1360,2025-11-04,قيد يدوي رقم 1360 - أنشئ بواسطة Kashif Ali,110101,النقدية في الخزينة,,100.0,
1360,2025-11-04,قيد يدوي رقم 1360 - أنشئ بواسطة Kashif Ali,5214,مصاريف أخرى,100.0,,
617,2025-11-05,قيد يدوي رقم 617 - أنشئ بواسطة Kashif Ali,5220,مصاريف سكن عمال المصنع,120.0,,
617,2025-11-05,قيد يدوي رقم 617 - أنشئ بواسطة Kashif Ali,110106,عهدة اسلام احمد,,120.0,
618,2025-11-05,قيد يدوي رقم 618 - أنشئ بواسطة Kashif Ali,5224,نفقات غاز الأكسجين,50.0,,
618,2025-11-05,قيد يدوي رقم 618 - أنشئ بواسطة Kashif Ali,110106,عهدة اسلام احمد,,50.0,
619,2025-11-05,قيد يدوي رقم 619 - أنشئ بواسطة Kashif Ali,110108,عهدة كاش عمران الشيخ,7000.0,,
619,2025-11-05,قيد يدوي رقم 619 - أنشئ بواسطة Kashif Ali,1107,شركة يسم للتجارة,,7000.0,
620,2025-11-05,قيد يدوي رقم 620 - أنشئ بواسطة Kashif Ali,5214,مصاريف أخرى,60.0,,
620,2025-11-05,قيد يدوي رقم 620 - أنشئ بواسطة Kashif Ali,110106,عهدة اسلام احمد,,60.0,
621,2025-11-05,قيد يدوي رقم 621 - أنشئ بواسطة Kashif Ali,5105,مصاريف وقود سيارات للموظفين,100.0,,
621,2025-11-05,قيد يدوي رقم 621 - أنشئ بواسطة Kashif Ali,110106,عهدة اسلام احمد,,100.0,
622,2025-11-05,قيد يدوي رقم 622 - أنشئ بواسطة Kashif Ali,5214,مصاريف أخرى,15.0,,Cleaning Oil
622,2025-11-05,قيد يدوي رقم 622 - أنشئ بواسطة Kashif Ali,5214,مصاريف أخرى,12.0,,Water
622,2025-11-05,قيد يدوي رقم 622 - أنشئ بواسطة Kashif Ali,110106,عهدة اسلام احمد,,15.0,
622,2025-11-05,قيد يدوي رقم 622 - أنشئ بواسطة Kashif Ali,110106,عهدة اسلام احمد,,12.0,
625,2025-11-05,قيد يدوي رقم 625 - أنشئ بواسطة Kashif Ali,110106,عهدة اسلام احمد,600.0,,
625,2025-11-05,قيد يدوي رقم 625 - أنشئ بواسطة Kashif Ali,110108,عهدة كاش عمران الشيخ,,600.0,
626,2025-11-05,قيد يدوي رقم 626 - أنشئ بواسطة Kashif Ali,5216,مصاريف صيانه عامه بالمصنع,200.0,,
626,2025-11-05,قيد يدوي رقم 626 - أنشئ بواسطة Kashif Ali,110106,عهدة اسلام احمد,,200.0,
630,2025-11-05,قيد يدوي رقم 630 - أنشئ بواسطة Kashif Ali,120103,المعدات,739.13,,
630,2025-11-05,قيد يدوي رقم 630 - أنشئ بواسطة Kashif Ali,2105,ضريبة القيمة المضافة المستحقة,110.87,,Invoice No. 7287
630,2025-11-05,قيد يدوي رقم 630 - أنشئ بواسطة Kashif Ali,110108,عهدة كاش عمران الشيخ,,850.0,
628,2025-11-06,قيد يدوي رقم 628 - أنشئ بواسطة Kashif Ali,5105,مصاريف وقود سيارات للموظفين,240.0,,
628,2025-11-06,قيد يدوي رقم 628 - أنشئ بواسطة Kashif Ali,110106,عهدة اسلام احمد,,240.0,
629,2025-11-06,قيد يدوي رقم 629 - أنشئ بواسطة Kashif Ali,5225,مصاريف وقود الموظف,98.0,,
629,2025-11-06,قيد يدوي رقم 629 - أنشئ بواسطة Kashif Ali,110106,عهدة اسلام احمد,,98.0,
631,2025-11-08,قيد يدوي رقم 631 - أنشئ بواسطة Kashif Ali,120103,المعدات,288.01,,
631,2025-11-08,قيد يدوي رقم 631 - أنشئ بواسطة Kashif Ali,110108,عهدة كاش عمران الشيخ,,288.01,
664,2025-11-09,قيد يدوي رقم 664 - أنشئ بواسطة Kashif Ali,5101,تكلفة البضائع المباعة الأجزاء,109720.0,,
664,2025-11-09,قيد يدوي رقم 664 - أنشئ بواسطة Kashif Ali,110104,عهدة اشرف الصايغ,,109720.0,
632,2025-11-10,قيد يدوي رقم 632 - أنشئ بواسطة Kashif Ali,5225,مصاريف وقود الموظف,97.0,,
632,2025-11-10,قيد يدوي رقم 632 - أنشئ بواسطة Kashif Ali,110101,النقدية في الخزينة,,97.0,
633,2025-11-10,قيد يدوي رقم 633 - أنشئ بواسطة Kashif Ali,5105,مصاريف وقود سيارات للموظفين,100.0,,
633,2025-11-10,قيد يدوي رقم 633 - أنشئ بواسطة Kashif Ali,110101,النقدية في الخزينة,,100.0,
634,2025-11-10,قيد يدوي رقم 634 - أنشئ بواسطة Kashif Ali,5224,نفقات غاز الأكسجين,128.0,,
634,2025-11-10,قيد يدوي رقم 634 - أنشئ بواسطة Kashif Ali,110101,النقدية في الخزينة,,128.0,
635,2025-11-10,قيد يدوي رقم 635 - أنشئ بواسطة Kashif Ali,110101,النقدية في الخزينة,300.0,,
635,2025-11-10,قيد يدوي رقم 635 - أنشئ بواسطة Kashif Ali,110108,عهدة كاش عمران الشيخ,,300.0,
643,2025-11-10,قيد يدوي رقم 643 - أنشئ بواسطة Kashif Ali,5208,الرسوم الحكومية,69.0,,
643,2025-11-10,قيد يدوي رقم 643 - أنشئ بواسطة Kashif Ali,3202,جاري الشريك سالم بالحارث,,69.0,
646,2025-11-10,قيد يدوي رقم 646 - أنشئ بواسطة Kashif Ali,5214,مصاريف أخرى,10.0,,
646,2025-11-10,قيد يدوي رقم 646 - أنشئ بواسطة Kashif Ali,110106,عهدة اسلام احمد,,10.0,
694,2025-11-10,قيد يدوي رقم 694 - أنشئ بواسطة Kashif Ali,5228,نفقات الأدوات,168.78,,
694,2025-11-10,قيد يدوي رقم 694 - أنشئ بواسطة Kashif Ali,110108,عهدة كاش عمران الشيخ,,168.78,
636,2025-11-12,قيد يدوي رقم 636 - أنشئ بواسطة Kashif Ali,5224,نفقات غاز الأكسجين,75.0,,
636,2025-11-12,قيد يدوي رقم 636 - أنشئ بواسطة Kashif Ali,110101,النقدية في الخزينة,,75.0,
637,2025-11-12,قيد يدوي رقم 637 - أنشئ بواسطة Kashif Ali,110101,النقدية في الخزينة,1200.0,,
637,2025-11-12,قيد يدوي رقم 637 - أنشئ بواسطة Kashif Ali,110108,عهدة كاش عمران الشيخ,,1200.0,
638,2025-11-12,قيد يدوي رقم 638 - أنشئ بواسطة Kashif Ali,110106,عهدة اسلام احمد,100.0,,
638,2025-11-12,قيد يدوي رقم 638 - أنشئ بواسطة Kashif Ali,110108,عهدة كاش عمران الشيخ,,100.0,
639,2025-11-12,قيد يدوي رقم 639 - أنشئ بواسطة Kashif Ali,5214,مصاريف أخرى,106.0,,
639,2025-11-12,قيد يدوي رقم 639 - أنشئ بواسطة Kashif Ali,110108,عهدة كاش عمران الشيخ,,106.0,
640,2025-11-12,قيد يدوي رقم 640 - أنشئ بواسطة Kashif Ali,5225,مصاريف وقود الموظف,73.0,,
640,2025-11-12,قيد يدوي رقم 640 - أنشئ بواسطة Kashif Ali,5225,مصاريف وقود الموظف,80.0,,
640,2025-11-12,قيد يدوي رقم 640 - أنشئ بواسطة Kashif Ali,110108,عهدة كاش عمران الشيخ,,73.0,
640,2025-11-12,قيد يدوي رقم 640 - أنشئ بواسطة Kashif Ali,110108,عهدة كاش عمران الشيخ,,80.0,
641,2025-11-12,قيد يدوي رقم 641 - أنشئ بواسطة Kashif Ali,120103,المعدات,3000.0,,
641,2025-11-12,قيد يدوي رقم 641 - أنشئ بواسطة Kashif Ali,110108,عهدة كاش عمران الشيخ,,3000.0,
642,2025-11-12,قيد يدوي رقم 642 - أنشئ بواسطة Kashif Ali,110108,عهدة كاش عمران الشيخ,4500.0,,
642,2025-11-12,قيد يدوي رقم 642 - أنشئ بواسطة Kashif Ali,1107,شركة يسم للتجارة,,4500.0,
645,2025-11-12,قيد يدوي رقم 645 - أنشئ بواسطة Kashif Ali,5225,مصاريف وقود الموظف,90.0,,
645,2025-11-12,قيد يدوي رقم 645 - أنشئ بواسطة Kashif Ali,110106,عهدة اسلام احمد,,90.0,
647,2025-11-12,قيد يدوي رقم 647 - أنشئ بواسطة Kashif Ali,110104,عهدة اشرف الصايغ,250.0,,
647,2025-11-12,قيد يدوي رقم 647 - أنشئ بواسطة Kashif Ali,110108,عهدة كاش عمران الشيخ,,250.0,
655,2025-11-12,قيد يدوي رقم 655 - أنشئ بواسطة Kashif Ali,110104,عهدة اشرف الصايغ,700.0,,
655,2025-11-12,قيد يدوي رقم 655 - أنشئ بواسطة Kashif Ali,3202,جاري الشريك سالم بالحارث,,700.0,
661,2025-11-12,قيد يدوي رقم 661 - أنشئ بواسطة Kashif Ali,120103,المعدات,2650.0,,
661,2025-11-12,قيد يدوي رقم 661 - أنشئ بواسطة Kashif Ali,110108,عهدة كاش عمران الشيخ,,2650.0,
644,2025-11-13,قيد يدوي رقم 644 - أنشئ بواسطة Kashif Ali,5214,مصاريف أخرى,200.0,,
644,2025-11-13,قيد يدوي رقم 644 - أنشئ بواسطة Kashif Ali,110108,عهدة كاش عمران الشيخ,,200.0,
648,2025-11-13,قيد يدوي رقم 648 - أنشئ بواسطة Kashif Ali,5214,مصاريف أخرى,1143.0,,
648,2025-11-13,قيد يدوي رقم 648 - أنشئ بواسطة Kashif Ali,110101,النقدية في الخزينة,,1143.0,
653,2025-11-13,قيد يدوي رقم 653 - أنشئ بواسطة Kashif Ali,5102,رواتب وأجور,2000.0,,
653,2025-11-13,قيد يدوي رقم 653 - أنشئ بواسطة Kashif Ali,2103,الرواتب المستحقة,,2000.0,
654,2025-11-13,قيد يدوي رقم 654 - أنشئ بواسطة Kashif Ali,2103,الرواتب المستحقة,2000.0,,
654,2025-11-13,قيد يدوي رقم 654 - أنشئ بواسطة Kashif Ali,1107,شركة يسم للتجارة,,2000.0,
649,2025-11-15,قيد يدوي رقم 649 - أنشئ بواسطة Kashif Ali,5225,مصاريف وقود الموظف,42.0,,
649,2025-11-15,قيد يدوي رقم 649 - أنشئ بواسطة Kashif Ali,110101,النقدية في الخزينة,,42.0,
650,2025-11-15,قيد يدوي رقم 650 - أنشئ بواسطة Kashif Ali,5214,مصاريف أخرى,65.0,,
650,2025-11-15,قيد يدوي رقم 650 - أنشئ بواسطة Kashif Ali,110101,النقدية في الخزينة,,65.0,
652,2025-11-16,قيد يدوي رقم 652 - أنشئ بواسطة Kashif Ali,5105,مصاريف وقود سيارات للموظفين,100.0,,
652,2025-11-16,قيد يدوي رقم 652 - أنشئ بواسطة Kashif Ali,110101,النقدية في الخزينة,,100.0,
657,2025-11-16,قيد يدوي رقم 657 - أنشئ بواسطة Kashif Ali,110106,عهدة اسلام احمد,128.0,,
657,2025-11-16,قيد يدوي رقم 657 - أنشئ بواسطة Kashif Ali,110106,عهدة اسلام احمد,105.0,,
657,2025-11-16,قيد يدوي رقم 657 - أنشئ بواسطة Kashif Ali,110108,عهدة كاش عمران الشيخ,,128.0,
657,2025-11-16,قيد يدوي رقم 657 - أنشئ بواسطة Kashif Ali,110108,عهدة كاش عمران الشيخ,,105.0,
658,2025-11-16,قيد يدوي رقم 658 - أنشئ بواسطة Kashif Ali,5214,مصاريف أخرى,12.0,,
658,2025-11-16,قيد يدوي رقم 658 - أنشئ بواسطة Kashif Ali,110101,النقدية في الخزينة,,12.0,
659,2025-11-16,قيد يدوي رقم 659 - أنشئ بواسطة Kashif Ali,5224,نفقات غاز الأكسجين,128.0,,
659,2025-11-16,قيد يدوي رقم 659 - أنشئ بواسطة Kashif Ali,110106,عهدة اسلام احمد,,128.0,
660,2025-11-16,قيد يدوي رقم 660 - أنشئ بواسطة Kashif Ali,5225,مصاريف وقود الموظف,104.0,,
660,2025-11-16,قيد يدوي رقم 660 - أنشئ بواسطة Kashif Ali,110106,عهدة اسلام احمد,,104.0,
667,2025-11-18,قيد يدوي رقم 667 - أنشئ بواسطة Kashif Ali,5214,مصاريف أخرى,208.0,,
667,2025-11-18,قيد يدوي رقم 667 - أنشئ بواسطة Kashif Ali,110108,عهدة كاش عمران الشيخ,,208.0,
665,2025-11-19,قيد يدوي رقم 665 - أنشئ بواسطة Kashif Ali,110108,عهدة كاش عمران الشيخ,4000.0,,
665,2025-11-19,قيد يدوي رقم 665 - أنشئ بواسطة Kashif Ali,1107,شركة يسم للتجارة,,4000.0,
666,2025-11-19,قيد يدوي رقم 666 - أنشئ بواسطة Kashif Ali,5228,نفقات الأدوات,6.0,,
666,2025-11-19,قيد يدوي رقم 666 - أنشئ بواسطة Kashif Ali,110106,عهدة اسلام احمد,,6.0,
668,2025-11-19,قيد يدوي رقم 668 - أنشئ بواسطة Kashif Ali,5214,مصاريف أخرى,66.0,,
668,2025-11-19,قيد يدوي رقم 668 - أنشئ بواسطة Kashif Ali,5214,مصاريف أخرى,88.5,,
668,2025-11-19,قيد يدوي رقم 668 - أنشئ بواسطة Kashif Ali,110108,عهدة كاش عمران الشيخ,,66.0,
668,2025-11-19,قيد يدوي رقم 668 - أنشئ بواسطة Kashif Ali,110108,عهدة كاش عمران الشيخ,,88.5,
669,2025-11-19,قيد يدوي رقم 669 - أنشئ بواسطة Kashif Ali,5225,مصاريف وقود الموظف,193.0,,
669,2025-11-19,قيد يدوي رقم 669 - أنشئ بواسطة Kashif Ali,110108,عهدة كاش عمران الشيخ,,193.0,
670,2025-11-19,قيد يدوي رقم 670 - أنشئ بواسطة Kashif Ali,5225,مصاريف وقود الموظف,80.0,,
670,2025-11-19,قيد يدوي رقم 670 - أنشئ بواسطة Kashif Ali,110108,عهدة كاش عمران الشيخ,,80.0,
671,2025-11-19,قيد يدوي رقم 671 - أنشئ بواسطة Kashif Ali,5225,مصاريف وقود الموظف,84.0,,
671,2025-11-19,قيد يدوي رقم 671 - أنشئ بواسطة Kashif Ali,110108,عهدة كاش عمران الشيخ,,84.0,
672,2025-11-19,قيد يدوي رقم 672 - أنشئ بواسطة Kashif Ali,5216,مصاريف صيانه عامه بالمصنع,2300.0,,
672,2025-11-19,قيد يدوي رقم 672 - أنشئ بواسطة Kashif Ali,110108,عهدة كاش عمران الشيخ,,2300.0,
673,2025-11-19,قيد يدوي رقم 673 - أنشئ بواسطة Kashif Ali,5228,نفقات الأدوات,570.0,,
673,2025-11-19,قيد يدوي رقم 673 - أنشئ بواسطة Kashif Ali,2105,ضريبة القيمة المضافة المستحقة,85.5,,2510100102305 Invoice No
673,2025-11-19,قيد يدوي رقم 673 - أنشئ بواسطة Kashif Ali,110108,عهدة كاش عمران الشيخ,,655.5,
674,2025-11-20,قيد يدوي رقم 674 - أنشئ بواسطة Kashif Ali,4101,إيرادات قطع الغيار,,400.0,
674,2025-11-20,قيد يدوي رقم 674 - أنشئ بواسطة Kashif Ali,110201,حساب البنك الاهلي 12300001016808,50.0,,
674,2025-11-20,قيد يدوي رقم 674 - أنشئ بواسطة Kashif Ali,110101,النقدية في الخزينة,350.0,,
676,2025-11-20,قيد يدوي رقم 676 - أنشئ بواسطة Kashif Ali,110106,عهدة اسلام احمد,100.0,,
676,2025-11-20,قيد يدوي رقم 676 - أنشئ بواسطة Kashif Ali,110108,عهدة كاش عمران الشيخ,,100.0,
677,2025-11-20,قيد يدوي رقم 677 - أنشئ بواسطة Kashif Ali,5225,مصاريف وقود الموظف,95.0,,
677,2025-11-20,قيد يدوي رقم 677 - أنشئ بواسطة Kashif Ali,110106,عهدة اسلام احمد,,95.0,
681,2025-11-20,قيد يدوي رقم 681 - أنشئ بواسطة Kashif Ali,5214,مصاريف أخرى,34.0,,
681,2025-11-20,قيد يدوي رقم 681 - أنشئ بواسطة Kashif Ali,110106,عهدة اسلام احمد,,34.0,
675,2025-11-22,قيد يدوي رقم 675 - أنشئ بواسطة Kashif Ali,5225,مصاريف وقود الموظف,50.0,,
675,2025-11-22,قيد يدوي رقم 675 - أنشئ بواسطة Kashif Ali,110101,النقدية في الخزينة,,50.0,
678,2025-11-23,قيد يدوي رقم 678 - أنشئ بواسطة Kashif Ali,110106,عهدة اسلام احمد,100.0,,
678,2025-11-23,قيد يدوي رقم 678 - أنشئ بواسطة Kashif Ali,110101,النقدية في الخزينة,,100.0,
679,2025-11-23,قيد يدوي رقم 679 - أنشئ بواسطة Kashif Ali,5224,نفقات غاز الأكسجين,75.0,,
679,2025-11-23,قيد يدوي رقم 679 - أنشئ بواسطة Kashif Ali,110106,عهدة اسلام احمد,,75.0,
680,2025-11-23,قيد يدوي رقم 680 - أنشئ بواسطة Kashif Ali,5228,نفقات الأدوات,25.0,,
680,2025-11-23,قيد يدوي رقم 680 - أنشئ بواسطة Kashif Ali,110101,النقدية في الخزينة,,25.0,
682,2025-11-23,قيد يدوي رقم 682 - أنشئ بواسطة Kashif Ali,5105,مصاريف وقود سيارات للموظفين,100.0,,
682,2025-11-23,قيد يدوي رقم 682 - أنشئ بواسطة Kashif Ali,110101,النقدية في الخزينة,,100.0,
683,2025-11-23,قيد يدوي رقم 683 - أنشئ بواسطة Kashif Ali,110106,عهدة اسلام احمد,150.0,,
683,2025-11-23,قيد يدوي رقم 683 - أنشئ بواسطة Kashif Ali,110108,عهدة كاش عمران الشيخ,,150.0,
684,2025-11-24,قيد يدوي رقم 684 - أنشئ بواسطة Kashif Ali,5214,مصاريف أخرى,150.0,,
684,2025-11-24,قيد يدوي رقم 684 - أنشئ بواسطة Kashif Ali,110106,عهدة اسلام احمد,,150.0,
686,2025-11-24,قيد يدوي رقم 686 - أنشئ بواسطة Kashif Ali,5214,مصاريف أخرى,12.0,,
686,2025-11-24,قيد يدوي رقم 686 - أنشئ بواسطة Kashif Ali,110101,النقدية في الخزينة,,12.0,
687,2025-11-25,قيد يدوي رقم 687 - أنشئ بواسطة Kashif Ali,5214,مصاريف أخرى,10.0,,
687,2025-11-25,قيد يدوي رقم 687 - أنشئ بواسطة Kashif Ali,110106,عهدة اسلام احمد,,10.0,
689,2025-11-25,قيد يدوي رقم 689 - أنشئ بواسطة Kashif Ali,110101,النقدية في الخزينة,133.0,,
689,2025-11-25,قيد يدوي رقم 689 - أنشئ بواسطة Kashif Ali,110108,عهدة كاش عمران الشيخ,,133.0,
690,2025-11-25,قيد يدوي رقم 690 - أنشئ بواسطة Kashif Ali,110106,عهدة اسلام احمد,150.0,,
690,2025-11-25,قيد يدوي رقم 690 - أنشئ بواسطة Kashif Ali,110101,النقدية في الخزينة,,150.0,
691,2025-11-25,قيد يدوي رقم 691 - أنشئ بواسطة Kashif Ali,110108,عهدة كاش عمران الشيخ,1000.0,,
691,2025-11-25,قيد يدوي رقم 691 - أنشئ بواسطة Kashif Ali,1107,شركة يسم للتجارة,,1000.0,
692,2025-11-26,قيد يدوي رقم 692 - أنشئ بواسطة Kashif Ali,110101,النقدية في الخزينة,338.0,,
692,2025-11-26,قيد يدوي رقم 692 - أنشئ بواسطة Kashif Ali,110108,عهدة كاش عمران الشيخ,,338.0,
693,2025-11-26,قيد يدوي رقم 693 - أنشئ بواسطة Kashif Ali,5225,مصاريف وقود الموظف,100.0,,
693,2025-11-26,قيد يدوي رقم 693 - أنشئ بواسطة Kashif Ali,110106,عهدة اسلام احمد,,100.0,
695,2025-11-26,قيد يدوي رقم 695 - أنشئ بواسطة Kashif Ali,110106,عهدة اسلام احمد,100.0,,
695,2025-11-26,قيد يدوي رقم 695 - أنشئ بواسطة Kashif Ali,110108,عهدة كاش عمران الشيخ,,100.0,
696,2025-11-26,قيد يدوي رقم 696 - أنشئ بواسطة Kashif Ali,5225,مصاريف وقود الموظف,65.0,,
696,2025-11-26,قيد يدوي رقم 696 - أنشئ بواسطة Kashif Ali,110101,النقدية في الخزينة,,65.0,
697,2025-11-26,قيد يدوي رقم 697 - أنشئ بواسطة Kashif Ali,5225,مصاريف وقود الموظف,71.05,,
697,2025-11-26,قيد يدوي رقم 697 - أنشئ بواسطة Kashif Ali,110106,عهدة اسلام احمد,,71.05,
698,2025-11-26,قيد يدوي رقم 698 - أنشئ بواسطة Kashif Ali,5206,تذاكر سفر,80.0,,
698,2025-11-26,قيد يدوي رقم 698 - أنشئ بواسطة Kashif Ali,110106,عهدة اسلام احمد,,80.0,
897,2025-11-26,قيد يدوي رقم 897 - أنشئ بواسطة Kashif Ali,5102,رواتب وأجور,6440.0,,
897,2025-11-26,قيد يدوي رقم 897 - أنشئ بواسطة Kashif Ali,1107,شركة يسم للتجارة,,6440.0,
700,2025-11-27,قيد يدوي رقم 700 - أنشئ بواسطة Kashif Ali,5225,مصاريف وقود الموظف,65.0,,
700,2025-11-27,قيد يدوي رقم 700 - أنشئ بواسطة Kashif Ali,110101,النقدية في الخزينة,,65.0,
718,2025-11-27,قيد يدوي رقم 718 - أنشئ بواسطة Kashif Ali,5102,رواتب وأجور,32887.0,,
718,2025-11-27,قيد يدوي رقم 718 - أنشئ بواسطة Kashif Ali,2103,الرواتب المستحقة,,31887.0,
718,2025-11-27,قيد يدوي رقم 718 - أنشئ بواسطة Kashif Ali,110501,اشرف مروان الصايغ,,1000.0,
719,2025-11-27,قيد يدوي رقم 719 - أنشئ بواسطة Kashif Ali,5102,رواتب وأجور,14733.0,,
719,2025-11-27,قيد يدوي رقم 719 - أنشئ بواسطة Kashif Ali,2103,الرواتب المستحقة,,14733.0,
705,2025-11-28,قيد يدوي رقم 705 - أنشئ بواسطة Kashif Ali,5226,صيانة مركبات الموظفين,5.0,,
705,2025-11-28,قيد يدوي رقم 705 - أنشئ بواسطة Kashif Ali,110101,النقدية في الخزينة,,5.0,
714,2025-11-28,قيد يدوي رقم 714 - أنشئ بواسطة Kashif Ali,2103,الرواتب المستحقة,14733.0,,
714,2025-11-28,قيد يدوي رقم 714 - أنشئ بواسطة Kashif Ali,3202,جاري الشريك سالم بالحارث,,14733.0,
699,2025-11-29,قيد يدوي رقم 699 - أنشئ بواسطة Kashif Ali,110106,عهدة اسلام احمد,350.0,,
699,2025-11-29,قيد يدوي رقم 699 - أنشئ بواسطة Kashif Ali,110108,عهدة كاش عمران الشيخ,,350.0,
729,2025-11-29,قيد يدوي رقم 729 - أنشئ بواسطة Kashif Ali,5216,مصاريف صيانه عامه بالمصنع,350.0,,
729,2025-11-29,قيد يدوي رقم 729 - أنشئ بواسطة Kashif Ali,110106,عهدة اسلام احمد,,350.0,
701,2025-11-30,قيد يدوي رقم 701 - أنشئ بواسطة Kashif Ali,5206,تذاكر سفر,48.5,,
701,2025-11-30,قيد يدوي رقم 701 - أنشئ بواسطة Kashif Ali,110101,النقدية في الخزينة,,48.5,
702,2025-11-30,قيد يدوي رقم 702 - أنشئ بواسطة Kashif Ali,5226,صيانة مركبات الموظفين,100.0,,
702,2025-11-30,قيد يدوي رقم 702 - أنشئ بواسطة Kashif Ali,110101,النقدية في الخزينة,,100.0,
703,2025-11-30,قيد يدوي رقم 703 - أنشئ بواسطة Kashif Ali,5225,مصاريف وقود الموظف,59.0,,
703,2025-11-30,قيد يدوي رقم 703 - أنشئ بواسطة Kashif Ali,110101,النقدية في الخزينة,,59.0,
806,2025-11-30,قيد يدوي رقم 806 - أنشئ بواسطة Kashif Ali,5216,مصاريف صيانه عامه بالمصنع,125.0,,
806,2025-11-30,قيد يدوي رقم 806 - أنشئ بواسطة Kashif Ali,110101,النقدية في الخزينة,,125.0,
812,2025-11-30,قيد يدوي رقم 812 - أنشئ بواسطة Kashif Ali,5216,مصاريف صيانه عامه بالمصنع,,50.0,
812,2025-11-30,قيد يدوي رقم 812 - أنشئ بواسطة Kashif Ali,110106,عهدة اسلام احمد,50.0,,
1222,2025-11-30,قيد يدوي رقم 1222 - أنشئ بواسطة Kashif Ali,110107,عهدة كاش علاء الدين,,300.0,
1222,2025-11-30,قيد يدوي رقم 1222 - أنشئ بواسطة Kashif Ali,5102,رواتب وأجور,300.0,,
704,2025-12-01,قيد يدوي رقم 704 - أنشئ بواسطة Kashif Ali,5214,مصاريف أخرى,14.0,,
704,2025-12-01,قيد يدوي رقم 704 - أنشئ بواسطة Kashif Ali,110101,النقدية في الخزينة,,14.0,
706,2025-12-02,قيد يدوي رقم 706 - أنشئ بواسطة Kashif Ali,5216,مصاريف صيانه عامه بالمصنع,400.0,,
706,2025-12-02,قيد يدوي رقم 706 - أنشئ بواسطة Kashif Ali,110108,عهدة كاش عمران الشيخ,,400.0,
707,2025-12-02,قيد يدوي رقم 707 - أنشئ بواسطة Kashif Ali,110101,النقدية في الخزينة,186.0,,
707,2025-12-02,قيد يدوي رقم 707 - أنشئ بواسطة Kashif Ali,110108,عهدة كاش عمران الشيخ,,186.0,
708,2025-12-02,قيد يدوي رقم 708 - أنشئ بواسطة Kashif Ali,5211,مصاريف مكتبية ومطبوعات,79.0,,
708,2025-12-02,قيد يدوي رقم 708 - أنشئ بواسطة Kashif Ali,110101,النقدية في الخزينة,,79.0,
709,2025-12-02,قيد يدوي رقم 709 - أنشئ بواسطة Kashif Ali,5225,مصاريف وقود الموظف,75.0,,
709,2025-12-02,قيد يدوي رقم 709 - أنشئ بواسطة Kashif Ali,110101,النقدية في الخزينة,,75.0,
710,2025-12-02,قيد يدوي رقم 710 - أنشئ بواسطة Kashif Ali,110101,النقدية في الخزينة,12120.0,,
710,2025-12-02,قيد يدوي رقم 710 - أنشئ بواسطة Kashif Ali,1107,شركة يسم للتجارة,,12120.0,
711,2025-12-02,قيد يدوي رقم 711 - أنشئ بواسطة Kashif Ali,2103,الرواتب المستحقة,7100.0,,
711,2025-12-02,قيد يدوي رقم 711 - أنشئ بواسطة Kashif Ali,110101,النقدية في الخزينة,,7100.0,
713,2025-12-02,قيد يدوي رقم 713 - أنشئ بواسطة Kashif Ali,2103,الرواتب المستحقة,3000.0,,
713,2025-12-02,قيد يدوي رقم 713 - أنشئ بواسطة Kashif Ali,1107,شركة يسم للتجارة,,3000.0,
712,2025-12-03,قيد يدوي رقم 712 - أنشئ بواسطة Kashif Ali,2103,الرواتب المستحقة,5020.0,,
712,2025-12-03,قيد يدوي رقم 712 - أنشئ بواسطة Kashif Ali,110101,النقدية في الخزينة,,5020.0,
715,2025-12-03,قيد يدوي رقم 715 - أنشئ بواسطة Kashif Ali,5211,مصاريف مكتبية ومطبوعات,1013.75,,
715,2025-12-03,قيد يدوي رقم 715 - أنشئ بواسطة Kashif Ali,1107,شركة يسم للتجارة,,1013.75,
716,2025-12-03,قيد يدوي رقم 716 - أنشئ بواسطة Kashif Ali,2103,الرواتب المستحقة,10767.0,,
716,2025-12-03,قيد يدوي رقم 716 - أنشئ بواسطة Kashif Ali,1107,شركة يسم للتجارة,,10767.0,
717,2025-12-03,قيد يدوي رقم 717 - أنشئ بواسطة Kashif Ali,2103,الرواتب المستحقة,6000.0,,
717,2025-12-03,قيد يدوي رقم 717 - أنشئ بواسطة Kashif Ali,1107,شركة يسم للتجارة,,6000.0,
724,2025-12-03,قيد يدوي رقم 724 - أنشئ بواسطة Kashif Ali,110101,النقدية في الخزينة,50.0,,
724,2025-12-03,قيد يدوي رقم 724 - أنشئ بواسطة Kashif Ali,4102,الايرادات من بيع السكراب,,50.0,
724,2025-12-03,قيد يدوي رقم 724 - أنشئ بواسطة Kashif Ali,110201,حساب البنك الاهلي 12300001016808,500.0,,
724,2025-12-03,قيد يدوي رقم 724 - أنشئ بواسطة Kashif Ali,1103,المدينون,,500.0,
724,2025-12-03,قيد يدوي رقم 724 - أنشئ بواسطة Kashif Ali,110101,النقدية في الخزينة,50.0,,
724,2025-12-03,قيد يدوي رقم 724 - أنشئ بواسطة Kashif Ali,4102,الايرادات من بيع السكراب,,50.0,
724,2025-12-03,قيد يدوي رقم 724 - أنشئ بواسطة Kashif Ali,110201,حساب البنك الاهلي 12300001016808,500.0,,
724,2025-12-03,قيد يدوي رقم 724 - أنشئ بواسطة Kashif Ali,1103,المدينون,,500.0,
720,2025-12-04,قيد يدوي رقم 720 - أنشئ بواسطة Kashif Ali,110101,النقدية في الخزينة,449.0,,
720,2025-12-04,قيد يدوي رقم 720 - أنشئ بواسطة Kashif Ali,110108,عهدة كاش عمران الشيخ,,449.0,
721,2025-12-04,قيد يدوي رقم 721 - أنشئ بواسطة Kashif Ali,110106,عهدة اسلام احمد,426.0,,
721,2025-12-04,قيد يدوي رقم 721 - أنشئ بواسطة Kashif Ali,110101,النقدية في الخزينة,,426.0,
722,2025-12-04,قيد يدوي رقم 722 - أنشئ بواسطة Kashif Ali,5214,مصاريف أخرى,30.0,,
722,2025-12-04,قيد يدوي رقم 722 - أنشئ بواسطة Kashif Ali,110101,النقدية في الخزينة,,30.0,
723,2025-12-04,قيد يدوي رقم 723 - أنشئ بواسطة Kashif Ali,5224,نفقات غاز الأكسجين,25.0,,
723,2025-12-04,قيد يدوي رقم 723 - أنشئ بواسطة Kashif Ali,110101,النقدية في الخزينة,,25.0,
725,2025-12-04,قيد يدوي رقم 725 - أنشئ بواسطة Kashif Ali,5225,مصاريف وقود الموظف,32.0,,
725,2025-12-04,قيد يدوي رقم 725 - أنشئ بواسطة Kashif Ali,110101,النقدية في الخزينة,,32.0,
727,2025-12-04,قيد يدوي رقم 727 - أنشئ بواسطة Kashif Ali,5214,مصاريف أخرى,24.0,,
727,2025-12-04,قيد يدوي رقم 727 - أنشئ بواسطة Kashif Ali,110106,عهدة اسلام احمد,,24.0,
728,2025-12-04,قيد يدوي رقم 728 - أنشئ بواسطة Kashif Ali,5223,نفقات الإنترنت,402.0,,
728,2025-12-04,قيد يدوي رقم 728 - أنشئ بواسطة Kashif Ali,110106,عهدة اسلام احمد,,402.0,
730,2025-12-04,قيد يدوي رقم 730 - أنشئ بواسطة Kashif Ali,110106,عهدة اسلام احمد,700.0,,
730,2025-12-04,قيد يدوي رقم 730 - أنشئ بواسطة Kashif Ali,110108,عهدة كاش عمران الشيخ,,700.0,
731,2025-12-04,قيد يدوي رقم 731 - أنشئ بواسطة Kashif Ali,5225,مصاريف وقود الموظف,60.0,,
731,2025-12-04,قيد يدوي رقم 731 - أنشئ بواسطة Kashif Ali,110106,عهدة اسلام احمد,,60.0,
732,2025-12-04,قيد يدوي رقم 732 - أنشئ بواسطة Kashif Ali,110101,النقدية في الخزينة,640.0,,
732,2025-12-04,قيد يدوي رقم 732 - أنشئ بواسطة Kashif Ali,110106,عهدة اسلام احمد,,640.0,
726,2025-12-05,قيد يدوي رقم 726 - أنشئ بواسطة Kashif Ali,5226,صيانة مركبات الموظفين,10.0,,
726,2025-12-05,قيد يدوي رقم 726 - أنشئ بواسطة Kashif Ali,110101,النقدية في الخزينة,,10.0,
733,2025-12-05,قيد يدوي رقم 733 - أنشئ بواسطة Kashif Ali,110106,عهدة اسلام احمد,500.0,,
733,2025-12-05,قيد يدوي رقم 733 - أنشئ بواسطة Kashif Ali,110101,النقدية في الخزينة,,500.0,
733,2025-12-05,قيد يدوي رقم 733 - أنشئ بواسطة Kashif Ali,1103,المدينون,1000.0,,
733,2025-12-05,قيد يدوي رقم 733 - أنشئ بواسطة Kashif Ali,2105,ضريبة القيمة المضافة المستحقة,,65.22,
733,2025-12-05,قيد يدوي رقم 733 - أنشئ بواسطة Kashif Ali,2105,ضريبة القيمة المضافة المستحقة,,65.22,
733,2025-12-05,قيد يدوي رقم 733 - أنشئ بواسطة Kashif Ali,4101,إيرادات قطع الغيار,,434.78,
733,2025-12-05,قيد يدوي رقم 733 - أنشئ بواسطة Kashif Ali,4101,إيرادات قطع الغيار,,434.78,
733,2025-12-05,قيد يدوي رقم 733 - أنشئ بواسطة Kashif Ali,110201,حساب البنك الاهلي 12300001016808,500.0,,
733,2025-12-05,قيد يدوي رقم 733 - أنشئ بواسطة Kashif Ali,1103,المدينون,,500.0,
733,2025-12-05,قيد يدوي رقم 733 - أنشئ بواسطة Kashif Ali,110106,عهدة اسلام احمد,500.0,,
733,2025-12-05,قيد يدوي رقم 733 - أنشئ بواسطة Kashif Ali,110101,النقدية في الخزينة,,500.0,
733,2025-12-05,قيد يدوي رقم 733 - أنشئ بواسطة Kashif Ali,1103,المدينون,1000.0,,
733,2025-12-05,قيد يدوي رقم 733 - أنشئ بواسطة Kashif Ali,2105,ضريبة القيمة المضافة المستحقة,,65.22,
733,2025-12-05,قيد يدوي رقم 733 - أنشئ بواسطة Kashif Ali,2105,ضريبة القيمة المضافة المستحقة,,65.22,
733,2025-12-05,قيد يدوي رقم 733 - أنشئ بواسطة Kashif Ali,4101,إيرادات قطع الغيار,,434.78,
733,2025-12-05,قيد يدوي رقم 733 - أنشئ بواسطة Kashif Ali,4101,إيرادات قطع الغيار,,434.78,
733,2025-12-05,قيد يدوي رقم 733 - أنشئ بواسطة Kashif Ali,110201,حساب البنك الاهلي 12300001016808,500.0,,
733,2025-12-05,قيد يدوي رقم 733 - أنشئ بواسطة Kashif Ali,1103,المدينون,,500.0,
733,2025-12-05,قيد يدوي رقم 733 - أنشئ بواسطة Kashif Ali,110106,عهدة اسلام احمد,500.0,,
733,2025-12-05,قيد يدوي رقم 733 - أنشئ بواسطة Kashif Ali,110101,النقدية في الخزينة,,500.0,
733,2025-12-05,قيد يدوي رقم 733 - أنشئ بواسطة Kashif Ali,1103,المدينون,1000.0,,
733,2025-12-05,قيد يدوي رقم 733 - أنشئ بواسطة Kashif Ali,2105,ضريبة القيمة المضافة المستحقة,,65.22,
733,2025-12-05,قيد يدوي رقم 733 - أنشئ بواسطة Kashif Ali,2105,ضريبة القيمة المضافة المستحقة,,65.22,
733,2025-12-05,قيد يدوي رقم 733 - أنشئ بواسطة Kashif Ali,4101,إيرادات قطع الغيار,,434.78,
733,2025-12-05,قيد يدوي رقم 733 - أنشئ بواسطة Kashif Ali,4101,إيرادات قطع الغيار,,434.78,
733,2025-12-05,قيد يدوي رقم 733 - أنشئ بواسطة Kashif Ali,110201,حساب البنك الاهلي 12300001016808,500.0,,
733,2025-12-05,قيد يدوي رقم 733 - أنشئ بواسطة Kashif Ali,1103,المدينون,,500.0,
734,2025-12-06,قيد يدوي رقم 734 - أنشئ بواسطة Kashif Ali,110106,عهدة اسلام احمد,200.0,,
734,2025-12-06,قيد يدوي رقم 734 - أنشئ بواسطة Kashif Ali,110101,النقدية في الخزينة,,200.0,
735,2025-12-06,قيد يدوي رقم 735 - أنشئ بواسطة Kashif Ali,5216,مصاريف صيانه عامه بالمصنع,500.0,,
735,2025-12-06,قيد يدوي رقم 735 - أنشئ بواسطة Kashif Ali,110106,عهدة اسلام احمد,,500.0,
737,2025-12-06,قيد يدوي رقم 737 - أنشئ بواسطة Kashif Ali,110106,عهدة اسلام احمد,800.0,,
737,2025-12-06,قيد يدوي رقم 737 - أنشئ بواسطة Kashif Ali,110108,عهدة كاش عمران الشيخ,,800.0,
738,2025-12-07,قيد يدوي رقم 738 - أنشئ بواسطة Kashif Ali,110106,عهدة اسلام احمد,1000.0,,
738,2025-12-07,قيد يدوي رقم 738 - أنشئ بواسطة Kashif Ali,110108,عهدة كاش عمران الشيخ,,1000.0,
739,2025-12-07,قيد يدوي رقم 739 - أنشئ بواسطة Kashif Ali,5216,مصاريف صيانه عامه بالمصنع,720.0,,
739,2025-12-07,قيد يدوي رقم 739 - أنشئ بواسطة Kashif Ali,110106,عهدة اسلام احمد,,720.0,
740,2025-12-07,قيد يدوي رقم 740 - أنشئ بواسطة Kashif Ali,5216,مصاريف صيانه عامه بالمصنع,1000.0,,
740,2025-12-07,قيد يدوي رقم 740 - أنشئ بواسطة Kashif Ali,110106,عهدة اسلام احمد,,1000.0,
741,2025-12-07,قيد يدوي رقم 741 - أنشئ بواسطة Kashif Ali,5225,مصاريف وقود الموظف,92.0,,
741,2025-12-07,قيد يدوي رقم 741 - أنشئ بواسطة Kashif Ali,110106,عهدة اسلام احمد,,92.0,
742,2025-12-07,قيد يدوي رقم 742 - أنشئ بواسطة Kashif Ali,110101,النقدية في الخزينة,180.0,,
742,2025-12-07,قيد يدوي رقم 742 - أنشئ بواسطة Kashif Ali,110106,عهدة اسلام احمد,,180.0,
746,2025-12-07,قيد يدوي رقم 746 - أنشئ بواسطة Kashif Ali,1107,شركة يسم للتجارة,,3958.72,
746,2025-12-07,قيد يدوي رقم 746 - أنشئ بواسطة Kashif Ali,5207,التأمينات الاجتماعية,3958.72,,
905,2025-12-07,قيد يدوي رقم 905 - أنشئ بواسطة Kashif Ali,110108,عهدة كاش عمران الشيخ,1700.0,,
905,2025-12-07,قيد يدوي رقم 905 - أنشئ بواسطة Kashif Ali,1107,شركة يسم للتجارة,,1700.0,
743,2025-12-08,قيد يدوي رقم 743 - أنشئ بواسطة Kashif Ali,5225,مصاريف وقود الموظف,59.0,,
743,2025-12-08,قيد يدوي رقم 743 - أنشئ بواسطة Kashif Ali,110101,النقدية في الخزينة,,59.0,
744,2025-12-08,قيد يدوي رقم 744 - أنشئ بواسطة Kashif Ali,5206,تذاكر سفر,34.0,,
744,2025-12-08,قيد يدوي رقم 744 - أنشئ بواسطة Kashif Ali,110101,النقدية في الخزينة,,34.0,
745,2025-12-08,قيد يدوي رقم 745 - أنشئ بواسطة Kashif Ali,5222,رسوم تجديد اقامات ونقل موظفين,7120.0,,
745,2025-12-08,قيد يدوي رقم 745 - أنشئ بواسطة Kashif Ali,1107,شركة يسم للتجارة,,7120.0,
750,2025-12-08,قيد يدوي رقم 750 - أنشئ بواسطة Kashif Ali,5217,مصاريف مياه وكهرباء,69.0,,
750,2025-12-08,قيد يدوي رقم 750 - أنشئ بواسطة Kashif Ali,5217,مصاريف مياه وكهرباء,1260.79,,
750,2025-12-08,قيد يدوي رقم 750 - أنشئ بواسطة Kashif Ali,5217,مصاريف مياه وكهرباء,1890.0,,
750,2025-12-08,قيد يدوي رقم 750 - أنشئ بواسطة Kashif Ali,5217,مصاريف مياه وكهرباء,412.0,,
750,2025-12-08,قيد يدوي رقم 750 - أنشئ بواسطة Kashif Ali,1107,شركة يسم للتجارة,,3631.79,
747,2025-12-09,قيد يدوي رقم 747 - أنشئ بواسطة Kashif Ali,5225,مصاريف وقود الموظف,300.0,,
747,2025-12-09,قيد يدوي رقم 747 - أنشئ بواسطة Kashif Ali,110108,عهدة كاش عمران الشيخ,,300.0,
748,2025-12-09,قيد يدوي رقم 748 - أنشئ بواسطة Kashif Ali,110108,عهدة كاش عمران الشيخ,2100.0,,
748,2025-12-09,قيد يدوي رقم 748 - أنشئ بواسطة Kashif Ali,1107,شركة يسم للتجارة,,2100.0,
749,2025-12-09,قيد يدوي رقم 749 - أنشئ بواسطة Kashif Ali,5214,مصاريف أخرى,5.0,,
749,2025-12-09,قيد يدوي رقم 749 - أنشئ بواسطة Kashif Ali,110101,النقدية في الخزينة,,5.0,
751,2025-12-09,قيد يدوي رقم 751 - أنشئ بواسطة Kashif Ali,110106,عهدة اسلام احمد,100.0,,
751,2025-12-09,قيد يدوي رقم 751 - أنشئ بواسطة Kashif Ali,110101,النقدية في الخزينة,,100.0,
752,2025-12-09,قيد يدوي رقم 752 - أنشئ بواسطة Kashif Ali,5224,نفقات غاز الأكسجين,50.0,,
752,2025-12-09,قيد يدوي رقم 752 - أنشئ بواسطة Kashif Ali,110106,عهدة اسلام احمد,,50.0,
753,2025-12-10,قيد يدوي رقم 753 - أنشئ بواسطة Kashif Ali,110106,عهدة اسلام احمد,300.0,,
753,2025-12-10,قيد يدوي رقم 753 - أنشئ بواسطة Kashif Ali,110101,النقدية في الخزينة,,300.0,
754,2025-12-10,قيد يدوي رقم 754 - أنشئ بواسطة Kashif Ali,110101,النقدية في الخزينة,500.0,,
754,2025-12-10,قيد يدوي رقم 754 - أنشئ بواسطة Kashif Ali,110108,عهدة كاش عمران الشيخ,,500.0,
763,2025-12-10,قيد يدوي رقم 763 - أنشئ بواسطة Kashif Ali,5105,مصاريف وقود سيارات للموظفين,270.0,,
763,2025-12-10,قيد يدوي رقم 763 - أنشئ بواسطة Kashif Ali,110106,عهدة اسلام احمد,,270.0,
764,2025-12-10,قيد يدوي رقم 764 - أنشئ بواسطة Kashif Ali,5105,مصاريف وقود سيارات للموظفين,100.0,,
764,2025-12-10,قيد يدوي رقم 764 - أنشئ بواسطة Kashif Ali,110106,عهدة اسلام احمد,,100.0,
765,2025-12-10,قيد يدوي رقم 765 - أنشئ بواسطة Kashif Ali,110106,عهدة اسلام احمد,200.0,,
765,2025-12-10,قيد يدوي رقم 765 - أنشئ بواسطة Kashif Ali,110108,عهدة كاش عمران الشيخ,,200.0,
766,2025-12-10,قيد يدوي رقم 766 - أنشئ بواسطة Kashif Ali,110101,النقدية في الخزينة,50.0,,
766,2025-12-10,قيد يدوي رقم 766 - أنشئ بواسطة Kashif Ali,4201,إيرادات أخرى,,50.0,
767,2025-12-10,قيد يدوي رقم 767 - أنشئ بواسطة Kashif Ali,5105,مصاريف وقود سيارات للموظفين,48.0,,
767,2025-12-10,قيد يدوي رقم 767 - أنشئ بواسطة Kashif Ali,110101,النقدية في الخزينة,,48.0,
769,2025-12-10,قيد يدوي رقم 769 - أنشئ بواسطة Kashif Ali,5226,صيانة مركبات الموظفين,140.0,,
769,2025-12-10,قيد يدوي رقم 769 - أنشئ بواسطة Kashif Ali,110106,عهدة اسلام احمد,,140.0,
768,2025-12-12,قيد يدوي رقم 768 - أنشئ بواسطة Kashif Ali,110101,النقدية في الخزينة,50.0,,
768,2025-12-12,قيد يدوي رقم 768 - أنشئ بواسطة Kashif Ali,4201,إيرادات أخرى,,50.0,
770,2025-12-12,قيد يدوي رقم 770 - أنشئ بواسطة Kashif Ali,5225,مصاريف وقود الموظف,48.0,,
770,2025-12-12,قيد يدوي رقم 770 - أنشئ بواسطة Kashif Ali,110101,النقدية في الخزينة,,48.0,
771,2025-12-13,قيد يدوي رقم 771 - أنشئ بواسطة Kashif Ali,5228,نفقات الأدوات,43.48,,
771,2025-12-13,قيد يدوي رقم 771 - أنشئ بواسطة Kashif Ali,2105,ضريبة القيمة المضافة المستحقة,6.52,,Invoice No.15582 Supplie Al Jazira lilsabaka
771,2025-12-13,قيد يدوي رقم 771 - أنشئ بواسطة Kashif Ali,110101,النقدية في الخزينة,,50.0,
772,2025-12-13,قيد يدوي رقم 772 - أنشئ بواسطة Kashif Ali,5105,مصاريف وقود سيارات للموظفين,100.0,,
772,2025-12-13,قيد يدوي رقم 772 - أنشئ بواسطة Kashif Ali,110101,النقدية في الخزينة,,100.0,
775,2025-12-13,قيد يدوي رقم 775 - أنشئ بواسطة Kashif Ali,110101,النقدية في الخزينة,330.0,,
775,2025-12-13,قيد يدوي رقم 775 - أنشئ بواسطة Kashif Ali,110108,عهدة كاش عمران الشيخ,,330.0,
776,2025-12-13,قيد يدوي رقم 776 - أنشئ بواسطة Kashif Ali,1109,جرد مواد الخردة,330.0,,
776,2025-12-13,قيد يدوي رقم 776 - أنشئ بواسطة Kashif Ali,110101,النقدية في الخزينة,,330.0,
783,2025-12-13,قيد يدوي رقم 783 - أنشئ بواسطة Kashif Ali,110108,عهدة كاش عمران الشيخ,1100.0,,
783,2025-12-13,قيد يدوي رقم 783 - أنشئ بواسطة Kashif Ali,1107,شركة يسم للتجارة,,1100.0,
773,2025-12-14,قيد يدوي رقم 773 - أنشئ بواسطة Kashif Ali,5206,تذاكر سفر,30.0,,
773,2025-12-14,قيد يدوي رقم 773 - أنشئ بواسطة Kashif Ali,110101,النقدية في الخزينة,,30.0,
774,2025-12-14,قيد يدوي رقم 774 - أنشئ بواسطة Kashif Ali,5214,مصاريف أخرى,35.0,,
774,2025-12-14,قيد يدوي رقم 774 - أنشئ بواسطة Kashif Ali,110101,النقدية في الخزينة,,35.0,
777,2025-12-14,قيد يدوي رقم 777 - أنشئ بواسطة Kashif Ali,110106,عهدة اسلام احمد,60.0,,
777,2025-12-14,قيد يدوي رقم 777 - أنشئ بواسطة Kashif Ali,110108,عهدة كاش عمران الشيخ,,60.0,
778,2025-12-14,قيد يدوي رقم 778 - أنشئ بواسطة Kashif Ali,5225,مصاريف وقود الموظف,70.0,,
778,2025-12-14,قيد يدوي رقم 778 - أنشئ بواسطة Kashif Ali,110106,عهدة اسلام احمد,,70.0,
779,2025-12-14,قيد يدوي رقم 779 - أنشئ بواسطة Kashif Ali,5102,رواتب وأجور,150.0,,
779,2025-12-14,قيد يدوي رقم 779 - أنشئ بواسطة Kashif Ali,110106,عهدة اسلام احمد,,150.0,
780,2025-12-15,قيد يدوي رقم 780 - أنشئ بواسطة Kashif Ali,5214,مصاريف أخرى,44.5,,
780,2025-12-15,قيد يدوي رقم 780 - أنشئ بواسطة Kashif Ali,110101,النقدية في الخزينة,,44.5,
781,2025-12-15,قيد يدوي رقم 781 - أنشئ بواسطة Kashif Ali,5225,مصاريف وقود الموظف,53.0,,
781,2025-12-15,قيد يدوي رقم 781 - أنشئ بواسطة Kashif Ali,110101,النقدية في الخزينة,,53.0,
782,2025-12-16,قيد يدوي رقم 782 - أنشئ بواسطة Kashif Ali,5208,الرسوم الحكومية,4850.0,,
782,2025-12-16,قيد يدوي رقم 782 - أنشئ بواسطة Kashif Ali,1107,شركة يسم للتجارة,,4850.0,
784,2025-12-16,قيد يدوي رقم 784 - أنشئ بواسطة Kashif Ali,110201,حساب البنك الاهلي 12300001016808,50000.0,,
784,2025-12-16,قيد يدوي رقم 784 - أنشئ بواسطة Kashif Ali,110108,عهدة كاش عمران الشيخ,50000.0,,
784,2025-12-16,قيد يدوي رقم 784 - أنشئ بواسطة Kashif Ali,110201,حساب البنك الاهلي 12300001016808,,50000.0,
784,2025-12-16,قيد يدوي رقم 784 - أنشئ بواسطة Kashif Ali,3202,جاري الشريك سالم بالحارث,,50000.0,this amount actually het back from ashraf and issued to omran 
898,2025-12-16,قيد يدوي رقم 898 - أنشئ بواسطة Kashif Ali,5208,الرسوم الحكومية,326.0,,
898,2025-12-16,قيد يدوي رقم 898 - أنشئ بواسطة Kashif Ali,1107,شركة يسم للتجارة,,326.0,
785,2025-12-17,قيد يدوي رقم 785 - أنشئ بواسطة Kashif Ali,120105,مركبات,20000.0,,
785,2025-12-17,قيد يدوي رقم 785 - أنشئ بواسطة Kashif Ali,110104,عهدة اشرف الصايغ,,20000.0,
786,2025-12-17,قيد يدوي رقم 786 - أنشئ بواسطة Kashif Ali,5206,تذاكر سفر,950.0,,
786,2025-12-17,قيد يدوي رقم 786 - أنشئ بواسطة Kashif Ali,110104,عهدة اشرف الصايغ,,250.0,
786,2025-12-17,قيد يدوي رقم 786 - أنشئ بواسطة Kashif Ali,110104,عهدة اشرف الصايغ,,700.0,
787,2025-12-17,قيد يدوي رقم 787 - أنشئ بواسطة Kashif Ali,5225,مصاريف وقود الموظف,98.0,,
787,2025-12-17,قيد يدوي رقم 787 - أنشئ بواسطة Kashif Ali,110104,عهدة اشرف الصايغ,,98.0,
788,2025-12-17,قيد يدوي رقم 788 - أنشئ بواسطة Kashif Ali,110101,النقدية في الخزينة,518.0,,
788,2025-12-17,قيد يدوي رقم 788 - أنشئ بواسطة Kashif Ali,110108,عهدة كاش عمران الشيخ,,518.0,
789,2025-12-17,قيد يدوي رقم 789 - أنشئ بواسطة Kashif Ali,5225,مصاريف وقود الموظف,45.17,,
789,2025-12-17,قيد يدوي رقم 789 - أنشئ بواسطة Kashif Ali,110101,النقدية في الخزينة,,45.17,
790,2025-12-17,قيد يدوي رقم 790 - أنشئ بواسطة Kashif Ali,5206,تذاكر سفر,12.0,,
790,2025-12-17,قيد يدوي رقم 790 - أنشئ بواسطة Kashif Ali,110101,النقدية في الخزينة,,12.0,
793,2025-12-17,قيد يدوي رقم 793 - أنشئ بواسطة Kashif Ali,5206,تذاكر سفر,12.0,,
793,2025-12-17,قيد يدوي رقم 793 - أنشئ بواسطة Kashif Ali,110101,النقدية في الخزينة,,12.0,
792,2025-12-18,قيد يدوي رقم 792 - أنشئ بواسطة Kashif Ali,5206,تذاكر سفر,12.0,,
792,2025-12-18,قيد يدوي رقم 792 - أنشئ بواسطة Kashif Ali,110101,النقدية في الخزينة,,12.0,
796,2025-12-18,قيد يدوي رقم 796 - أنشئ بواسطة Kashif Ali,110101,النقدية في الخزينة,3000.0,,
796,2025-12-18,قيد يدوي رقم 796 - أنشئ بواسطة Kashif Ali,1107,شركة يسم للتجارة,,3000.0,
858,2025-12-18,قيد يدوي رقم 858 - أنشئ بواسطة Kashif Ali,5225,مصاريف وقود الموظف,57.0,,
858,2025-12-18,قيد يدوي رقم 858 - أنشئ بواسطة Kashif Ali,110101,النقدية في الخزينة,,57.0,
794,2025-12-19,قيد يدوي رقم 794 - أنشئ بواسطة Kashif Ali,5226,صيانة مركبات الموظفين,10.0,,
794,2025-12-19,قيد يدوي رقم 794 - أنشئ بواسطة Kashif Ali,110101,النقدية في الخزينة,,10.0,
799,2025-12-20,قيد يدوي رقم 799 - أنشئ بواسطة Kashif Ali,110106,عهدة اسلام احمد,50.0,,
799,2025-12-20,قيد يدوي رقم 799 - أنشئ بواسطة Kashif Ali,110108,عهدة كاش عمران الشيخ,,50.0,
800,2025-12-20,قيد يدوي رقم 800 - أنشئ بواسطة Kashif Ali,5225,مصاريف وقود الموظف,47.0,,
800,2025-12-20,قيد يدوي رقم 800 - أنشئ بواسطة Kashif Ali,110106,عهدة اسلام احمد,,47.0,
791,2025-12-21,قيد يدوي رقم 791 - أنشئ بواسطة Kashif Ali,5206,تذاكر سفر,12.5,,
791,2025-12-21,قيد يدوي رقم 791 - أنشئ بواسطة Kashif Ali,110101,النقدية في الخزينة,,12.5,
795,2025-12-21,قيد يدوي رقم 795 - أنشئ بواسطة Kashif Ali,5225,مصاريف وقود الموظف,51.01,,
795,2025-12-21,قيد يدوي رقم 795 - أنشئ بواسطة Kashif Ali,110101,النقدية في الخزينة,,51.01,
797,2025-12-21,قيد يدوي رقم 797 - أنشئ بواسطة Kashif Ali,5206,تذاكر سفر,20.0,,
797,2025-12-21,قيد يدوي رقم 797 - أنشئ بواسطة Kashif Ali,110101,النقدية في الخزينة,,20.0,
801,2025-12-21,قيد يدوي رقم 801 - أنشئ بواسطة Kashif Ali,1109,جرد مواد الخردة,10550.0,,Cars Cost
801,2025-12-21,قيد يدوي رقم 801 - أنشئ بواسطة Kashif Ali,1109,جرد مواد الخردة,500.0,,Loading Charges
801,2025-12-21,قيد يدوي رقم 801 - أنشئ بواسطة Kashif Ali,1109,جرد مواد الخردة,800.0,,Delivery Charges
801,2025-12-21,قيد يدوي رقم 801 - أنشئ بواسطة Kashif Ali,1107,شركة يسم للتجارة,,10550.0,
801,2025-12-21,قيد يدوي رقم 801 - أنشئ بواسطة Kashif Ali,110101,النقدية في الخزينة,,1300.0,
798,2025-12-22,قيد يدوي رقم 798 - أنشئ بواسطة Kashif Ali,1109,جرد مواد الخردة,240.0,,
798,2025-12-22,قيد يدوي رقم 798 - أنشئ بواسطة Kashif Ali,110101,النقدية في الخزينة,,240.0,
802,2025-12-22,قيد يدوي رقم 802 - أنشئ بواسطة Kashif Ali,5214,مصاريف أخرى,44.0,,
802,2025-12-22,قيد يدوي رقم 802 - أنشئ بواسطة Kashif Ali,110101,النقدية في الخزينة,,44.0,
803,2025-12-22,قيد يدوي رقم 803 - أنشئ بواسطة Kashif Ali,5105,مصاريف وقود سيارات للموظفين,100.0,,
803,2025-12-22,قيد يدوي رقم 803 - أنشئ بواسطة Kashif Ali,110101,النقدية في الخزينة,,100.0,
804,2025-12-23,قيد يدوي رقم 804 - أنشئ بواسطة Kashif Ali,5225,مصاريف وقود الموظف,69.02,,
804,2025-12-23,قيد يدوي رقم 804 - أنشئ بواسطة Kashif Ali,110101,النقدية في الخزينة,,69.02,
805,2025-12-23,قيد يدوي رقم 805 - أنشئ بواسطة Kashif Ali,5224,نفقات غاز الأكسجين,25.0,,
805,2025-12-23,قيد يدوي رقم 805 - أنشئ بواسطة Kashif Ali,110101,النقدية في الخزينة,,25.0,
807,2025-12-23,قيد يدوي رقم 807 - أنشئ بواسطة Kashif Ali,5214,مصاريف أخرى,24.0,,
807,2025-12-23,قيد يدوي رقم 807 - أنشئ بواسطة Kashif Ali,110101,النقدية في الخزينة,,24.0,
808,2025-12-23,قيد يدوي رقم 808 - أنشئ بواسطة Kashif Ali,110108,عهدة كاش عمران الشيخ,5880.0,,
808,2025-12-23,قيد يدوي رقم 808 - أنشئ بواسطة Kashif Ali,1107,شركة يسم للتجارة,,5880.0,
809,2025-12-23,قيد يدوي رقم 809 - أنشئ بواسطة Kashif Ali,5224,نفقات غاز الأكسجين,50.0,,
809,2025-12-23,قيد يدوي رقم 809 - أنشئ بواسطة Kashif Ali,110101,النقدية في الخزينة,,50.0,
810,2025-12-23,قيد يدوي رقم 810 - أنشئ بواسطة Kashif Ali,1109,جرد مواد الخردة,50.0,,
810,2025-12-23,قيد يدوي رقم 810 - أنشئ بواسطة Kashif Ali,110101,النقدية في الخزينة,,50.0,
899,2025-12-23,قيد يدوي رقم 899 - أنشئ بواسطة Kashif Ali,5208,الرسوم الحكومية,103.5,,
899,2025-12-23,قيد يدوي رقم 899 - أنشئ بواسطة Kashif Ali,1107,شركة يسم للتجارة,,103.5,
904,2025-12-23,قيد يدوي رقم 904 - أنشئ بواسطة Kashif Ali,5207,التأمينات الاجتماعية,416.74,,insurance 
904,2025-12-23,قيد يدوي رقم 904 - أنشئ بواسطة Kashif Ali,5208,الرسوم الحكومية,200.0,,Fahas Iqama 2 Employees
904,2025-12-23,قيد يدوي رقم 904 - أنشئ بواسطة Kashif Ali,1107,شركة يسم للتجارة,,416.74,insurance 
904,2025-12-23,قيد يدوي رقم 904 - أنشئ بواسطة Kashif Ali,1107,شركة يسم للتجارة,,200.0,Fahas Iqama 2 Employees
813,2025-12-24,قيد يدوي رقم 813 - أنشئ بواسطة Kashif Ali,5105,مصاريف وقود سيارات للموظفين,100.0,,
813,2025-12-24,قيد يدوي رقم 813 - أنشئ بواسطة Kashif Ali,110101,النقدية في الخزينة,,100.0,
815,2025-12-24,قيد يدوي رقم 815 - أنشئ بواسطة Kashif Ali,110512,محمد فیاض,150.0,,
815,2025-12-24,قيد يدوي رقم 815 - أنشئ بواسطة Kashif Ali,110101,النقدية في الخزينة,,150.0,
816,2025-12-24,قيد يدوي رقم 816 - أنشئ بواسطة Kashif Ali,110106,عهدة اسلام احمد,2160.0,,
816,2025-12-24,قيد يدوي رقم 816 - أنشئ بواسطة Kashif Ali,110108,عهدة كاش عمران الشيخ,,2160.0,
817,2025-12-24,قيد يدوي رقم 817 - أنشئ بواسطة Kashif Ali,5105,مصاريف وقود سيارات للموظفين,74.0,,
817,2025-12-24,قيد يدوي رقم 817 - أنشئ بواسطة Kashif Ali,5105,مصاريف وقود سيارات للموظفين,102.0,,
817,2025-12-24,قيد يدوي رقم 817 - أنشئ بواسطة Kashif Ali,110108,عهدة كاش عمران الشيخ,,74.0,
817,2025-12-24,قيد يدوي رقم 817 - أنشئ بواسطة Kashif Ali,110108,عهدة كاش عمران الشيخ,,102.0,
826,2025-12-24,قيد يدوي رقم 826 - أنشئ بواسطة Kashif Ali,5216,مصاريف صيانه عامه بالمصنع,50.0,,
826,2025-12-24,قيد يدوي رقم 826 - أنشئ بواسطة Kashif Ali,110101,النقدية في الخزينة,,50.0,
959,2025-12-24,قيد يدوي رقم 959 - أنشئ بواسطة Kashif Ali,5216,مصاريف صيانه عامه بالمصنع,2160.0,,
959,2025-12-24,قيد يدوي رقم 959 - أنشئ بواسطة Kashif Ali,110106,عهدة اسلام احمد,,2160.0,
814,2025-12-25,قيد يدوي رقم 814 - أنشئ بواسطة Kashif Ali,5225,مصاريف وقود الموظف,20.0,,
814,2025-12-25,قيد يدوي رقم 814 - أنشئ بواسطة Kashif Ali,110101,النقدية في الخزينة,,20.0,
900,2025-12-25,قيد يدوي رقم 900 - أنشئ بواسطة Kashif Ali,5216,مصاريف صيانه عامه بالمصنع,6839.0,,
900,2025-12-25,قيد يدوي رقم 900 - أنشئ بواسطة Kashif Ali,1107,شركة يسم للتجارة,,6839.0,
903,2025-12-26,قيد يدوي رقم 903 - أنشئ بواسطة Kashif Ali,5102,رواتب وأجور,6306.0,,
903,2025-12-26,قيد يدوي رقم 903 - أنشئ بواسطة Kashif Ali,1107,شركة يسم للتجارة,,6306.0,
824,2025-12-27,قيد يدوي رقم 824 - أنشئ بواسطة Kashif Ali,1109,جرد مواد الخردة,200.0,,
824,2025-12-27,قيد يدوي رقم 824 - أنشئ بواسطة Kashif Ali,110101,النقدية في الخزينة,,200.0,
825,2025-12-27,قيد يدوي رقم 825 - أنشئ بواسطة Kashif Ali,1109,جرد مواد الخردة,72.0,,
825,2025-12-27,قيد يدوي رقم 825 - أنشئ بواسطة Kashif Ali,110101,النقدية في الخزينة,,72.0,
820,2025-12-28,قيد يدوي رقم 820 - أنشئ بواسطة Kashif Ali,5225,مصاريف وقود الموظف,88.0,,
820,2025-12-28,قيد يدوي رقم 820 - أنشئ بواسطة Kashif Ali,110101,النقدية في الخزينة,,88.0,
822,2025-12-28,قيد يدوي رقم 822 - أنشئ بواسطة Kashif Ali,5224,نفقات غاز الأكسجين,32.0,,
822,2025-12-28,قيد يدوي رقم 822 - أنشئ بواسطة Kashif Ali,110101,النقدية في الخزينة,,32.0,
823,2025-12-28,قيد يدوي رقم 823 - أنشئ بواسطة Kashif Ali,1109,جرد مواد الخردة,50.0,,
823,2025-12-28,قيد يدوي رقم 823 - أنشئ بواسطة Kashif Ali,110101,النقدية في الخزينة,,50.0,
901,2025-12-28,قيد يدوي رقم 901 - أنشئ بواسطة Kashif Ali,5102,رواتب وأجور,31750.0,,
901,2025-12-28,قيد يدوي رقم 901 - أنشئ بواسطة Kashif Ali,2103,الرواتب المستحقة,,30750.0,
901,2025-12-28,قيد يدوي رقم 901 - أنشئ بواسطة Kashif Ali,110501,اشرف مروان الصايغ,,1000.0,
961,2025-12-28,قيد يدوي رقم 961 - أنشئ بواسطة Kashif Ali,5102,رواتب وأجور,284.15,,
961,2025-12-28,قيد يدوي رقم 961 - أنشئ بواسطة Kashif Ali,110106,عهدة اسلام احمد,,284.15,
1084,2025-12-28,قيد يدوي رقم 1084 - أنشئ بواسطة Kashif Ali,5102,رواتب وأجور,17000.0,,
1084,2025-12-28,قيد يدوي رقم 1084 - أنشئ بواسطة Kashif Ali,2103,الرواتب المستحقة,,17000.0,
818,2025-12-29,قيد يدوي رقم 818 - أنشئ بواسطة Kashif Ali,110101,النقدية في الخزينة,,98.0,
818,2025-12-29,قيد يدوي رقم 818 - أنشئ بواسطة Kashif Ali,5228,نفقات الأدوات,85.22,,
818,2025-12-29,قيد يدوي رقم 818 - أنشئ بواسطة Kashif Ali,2105,ضريبة القيمة المضافة المستحقة,12.78,,Invoice 15651
819,2025-12-29,قيد يدوي رقم 819 - أنشئ بواسطة Kashif Ali,5214,مصاريف أخرى,30.0,,
819,2025-12-29,قيد يدوي رقم 819 - أنشئ بواسطة Kashif Ali,110101,النقدية في الخزينة,,30.0,
902,2025-12-29,قيد يدوي رقم 902 - أنشئ بواسطة Kashif Ali,2103,الرواتب المستحقة,46750.0,,
902,2025-12-29,قيد يدوي رقم 902 - أنشئ بواسطة Kashif Ali,1107,شركة يسم للتجارة,,2500.0,
902,2025-12-29,قيد يدوي رقم 902 - أنشئ بواسطة Kashif Ali,1107,شركة يسم للتجارة,,1000.0,
902,2025-12-29,قيد يدوي رقم 902 - أنشئ بواسطة Kashif Ali,1107,شركة يسم للتجارة,,12500.0,
902,2025-12-29,قيد يدوي رقم 902 - أنشئ بواسطة Kashif Ali,1107,شركة يسم للتجارة,,3950.0,
902,2025-12-29,قيد يدوي رقم 902 - أنشئ بواسطة Kashif Ali,1107,شركة يسم للتجارة,,1000.0,
902,2025-12-29,قيد يدوي رقم 902 - أنشئ بواسطة Kashif Ali,1107,شركة يسم للتجارة,,17000.0,
902,2025-12-29,قيد يدوي رقم 902 - أنشئ بواسطة Kashif Ali,1107,شركة يسم للتجارة,,2000.0,
902,2025-12-29,قيد يدوي رقم 902 - أنشئ بواسطة Kashif Ali,1107,شركة يسم للتجارة,,2500.0,
902,2025-12-29,قيد يدوي رقم 902 - أنشئ بواسطة Kashif Ali,1107,شركة يسم للتجارة,,2300.0,
902,2025-12-29,قيد يدوي رقم 902 - أنشئ بواسطة Kashif Ali,1107,شركة يسم للتجارة,,2000.0,
821,2025-12-30,قيد يدوي رقم 821 - أنشئ بواسطة Kashif Ali,1109,جرد مواد الخردة,70.0,,
821,2025-12-30,قيد يدوي رقم 821 - أنشئ بواسطة Kashif Ali,110101,النقدية في الخزينة,,70.0,
827,2025-12-30,قيد يدوي رقم 827 - أنشئ بواسطة Kashif Ali,5214,مصاريف أخرى,25.0,,
827,2025-12-30,قيد يدوي رقم 827 - أنشئ بواسطة Kashif Ali,110101,النقدية في الخزينة,,25.0,
829,2025-12-30,قيد يدوي رقم 829 - أنشئ بواسطة Kashif Ali,5225,مصاريف وقود الموظف,20.0,,
829,2025-12-30,قيد يدوي رقم 829 - أنشئ بواسطة Kashif Ali,110101,النقدية في الخزينة,,20.0,
857,2025-12-30,قيد يدوي رقم 857 - أنشئ بواسطة Kashif Ali,5225,مصاريف وقود الموظف,20.0,,
857,2025-12-30,قيد يدوي رقم 857 - أنشئ بواسطة Kashif Ali,110101,النقدية في الخزينة,,20.0,
828,2025-12-31,قيد يدوي رقم 828 - أنشئ بواسطة Kashif Ali,1109,جرد مواد الخردة,290.0,,
828,2025-12-31,قيد يدوي رقم 828 - أنشئ بواسطة Kashif Ali,110101,النقدية في الخزينة,,290.0,
830,2025-12-31,قيد يدوي رقم 830 - أنشئ بواسطة Kashif Ali,110101,النقدية في الخزينة,1200.0,,
830,2025-12-31,قيد يدوي رقم 830 - أنشئ بواسطة Kashif Ali,110108,عهدة كاش عمران الشيخ,,1200.0,
906,2025-12-31,قيد يدوي رقم 906 - أنشئ بواسطة Kashif Ali,1107,شركة يسم للتجارة,165407.98,,
906,2025-12-31,قيد يدوي رقم 906 - أنشئ بواسطة Kashif Ali,3202,جاري الشريك سالم بالحارث,,165407.98,
958,2025-12-31,قيد يدوي رقم 958 - أنشئ بواسطة Kashif Ali,5102,رواتب وأجور,150.0,,
958,2025-12-31,قيد يدوي رقم 958 - أنشئ بواسطة Kashif Ali,110512,محمد فیاض,,150.0,
1355,2025-12-31,قيد يدوي رقم 1355 - أنشئ بواسطة Kashif Ali,1108,مخزون المواد الخام,222899.0,,
1355,2025-12-31,قيد يدوي رقم 1355 - أنشئ بواسطة Kashif Ali,1109,جرد مواد الخردة,107261.0,,
1355,2025-12-31,قيد يدوي رقم 1355 - أنشئ بواسطة Kashif Ali,5101,تكلفة البضائع المباعة الأجزاء,,330160.0,
1356,2025-12-31,قيد يدوي رقم 1356 - أنشئ بواسطة Kashif Ali,521502,مصروف إهلاك المعدات,108717.0,,
1356,2025-12-31,قيد يدوي رقم 1356 - أنشئ بواسطة Kashif Ali,521501,مصروف إهلاك المباني,144347.0,,
1356,2025-12-31,قيد يدوي رقم 1356 - أنشئ بواسطة Kashif Ali,210902,مجمع استهلاك المعدات,,108717.0,
1356,2025-12-31,قيد يدوي رقم 1356 - أنشئ بواسطة Kashif Ali,210901,مجمع استهلاك المباني,,144347.0,
1361,2025-12-31,قيد يدوي رقم 1361 - أنشئ بواسطة Kashif Ali,5101,تكلفة البضائع المباعة الأجزاء,3806.95,,
1361,2025-12-31,قيد يدوي رقم 1361 - أنشئ بواسطة Kashif Ali,5108,تكلفة البضائع المباعة من خردة الحديد,17675.22,,
1361,2025-12-31,قيد يدوي رقم 1361 - أنشئ بواسطة Kashif Ali,1108,مخزون المواد الخام,,3806.95,
1361,2025-12-31,قيد يدوي رقم 1361 - أنشئ بواسطة Kashif Ali,1109,جرد مواد الخردة,,17675.22,
1363,2025-12-31,قيد يدوي رقم 1363 - أنشئ بواسطة Kashif Ali,120105,مركبات,,42000.0,
1363,2025-12-31,قيد يدوي رقم 1363 - أنشئ بواسطة Kashif Ali,5216,مصاريف صيانه عامه بالمصنع,42000.0,,
1364,2025-12-31,قيد يدوي رقم 1364 - أنشئ بواسطة Kashif Ali,1103,المدينون,1000.0,,
1364,2025-12-31,قيد يدوي رقم 1364 - أنشئ بواسطة Kashif Ali,110101,النقدية في الخزينة,,1000.0,
1365,2025-12-31,قيد يدوي رقم 1365 - أنشئ بواسطة Kashif Ali,520101,مصاريف نهاية خدمة الموظف,8730.57,,
1365,2025-12-31,قيد يدوي رقم 1365 - أنشئ بواسطة Kashif Ali,2202,مخصص مكافأة نهاية الخدمة,,8730.57,
841,2026-01-01,قيد يدوي رقم 841 - أنشئ بواسطة Kashif Ali,5105,مصاريف وقود سيارات للموظفين,250.0,,
841,2026-01-01,قيد يدوي رقم 841 - أنشئ بواسطة Kashif Ali,110101,النقدية في الخزينة,,250.0,
842,2026-01-01,قيد يدوي رقم 842 - أنشئ بواسطة Kashif Ali,5105,مصاريف وقود سيارات للموظفين,220.0,,
842,2026-01-01,قيد يدوي رقم 842 - أنشئ بواسطة Kashif Ali,110101,النقدية في الخزينة,,220.0,
843,2026-01-01,قيد يدوي رقم 843 - أنشئ بواسطة Kashif Ali,5225,مصاريف وقود الموظف,30.0,,
843,2026-01-01,قيد يدوي رقم 843 - أنشئ بواسطة Kashif Ali,110101,النقدية في الخزينة,,30.0,
845,2026-01-01,قيد يدوي رقم 845 - أنشئ بواسطة Kashif Ali,5216,مصاريف صيانه عامه بالمصنع,100.0,,
845,2026-01-01,قيد يدوي رقم 845 - أنشئ بواسطة Kashif Ali,110101,النقدية في الخزينة,,100.0,
846,2026-01-01,قيد يدوي رقم 846 - أنشئ بواسطة Kashif Ali,5225,مصاريف وقود الموظف,71.0,,
846,2026-01-01,قيد يدوي رقم 846 - أنشئ بواسطة Kashif Ali,110101,النقدية في الخزينة,,71.0,
850,2026-01-01,قيد يدوي رقم 850 - أنشئ بواسطة Kashif Ali,5214,مصاريف أخرى,300.0,,
850,2026-01-01,قيد يدوي رقم 850 - أنشئ بواسطة Kashif Ali,110101,النقدية في الخزينة,,300.0,
856,2026-01-01,قيد يدوي رقم 856 - أنشئ بواسطة Kashif Ali,5214,مصاريف أخرى,20.0,,
856,2026-01-01,قيد يدوي رقم 856 - أنشئ بواسطة Kashif Ali,110101,النقدية في الخزينة,,20.0,
859,2026-01-01,قيد يدوي رقم 859 - أنشئ بواسطة Kashif Ali,110102,عهدة سالم,100680.0,,
859,2026-01-01,قيد يدوي رقم 859 - أنشئ بواسطة Kashif Ali,110101,النقدية في الخزينة,14500.0,,
859,2026-01-01,قيد يدوي رقم 859 - أنشئ بواسطة Kashif Ali,4102,الايرادات من بيع السكراب,,115180.0,
844,2026-01-02,قيد يدوي رقم 844 - أنشئ بواسطة Kashif Ali,5223,نفقات الإنترنت,52.0,,
844,2026-01-02,قيد يدوي رقم 844 - أنشئ بواسطة Kashif Ali,110101,النقدية في الخزينة,,52.0,
1091,2026-01-02,قيد يدوي رقم 1091 - أنشئ بواسطة Kashif Ali,2103,الرواتب المستحقة,1000.0,,
1091,2026-01-02,قيد يدوي رقم 1091 - أنشئ بواسطة Kashif Ali,1107,شركة يسم للتجارة,,1000.0,
811,2026-01-03,قيد يدوي رقم 811 - أنشئ بواسطة Kashif Ali,5208,الرسوم الحكومية,200.0,,
811,2026-01-03,قيد يدوي رقم 811 - أنشئ بواسطة Kashif Ali,110102,عهدة سالم,,200.0,
1092,2026-01-03,قيد يدوي رقم 1092 - أنشئ بواسطة Kashif Ali,5207,التأمينات الاجتماعية,3958.72,,
1092,2026-01-03,قيد يدوي رقم 1092 - أنشئ بواسطة Kashif Ali,1107,شركة يسم للتجارة,,3958.72,
831,2026-01-04,قيد يدوي رقم 831 - أنشئ بواسطة Kashif Ali,5205,عمولات وحوافز,1000.0,,
831,2026-01-04,قيد يدوي رقم 831 - أنشئ بواسطة Kashif Ali,5205,عمولات وحوافز,1000.0,,
831,2026-01-04,قيد يدوي رقم 831 - أنشئ بواسطة Kashif Ali,110101,النقدية في الخزينة,,1000.0,
831,2026-01-04,قيد يدوي رقم 831 - أنشئ بواسطة Kashif Ali,110101,النقدية في الخزينة,,1000.0,
854,2026-01-04,قيد يدوي رقم 854 - أنشئ بواسطة Kashif Ali,5225,مصاريف وقود الموظف,60.0,,
854,2026-01-04,قيد يدوي رقم 854 - أنشئ بواسطة Kashif Ali,110101,النقدية في الخزينة,,60.0,
835,2026-01-05,قيد يدوي رقم 835 - أنشئ بواسطة Kashif Ali,5206,تذاكر سفر,20.0,,
835,2026-01-05,قيد يدوي رقم 835 - أنشئ بواسطة Kashif Ali,110101,النقدية في الخزينة,,20.0,
839,2026-01-05,قيد يدوي رقم 839 - أنشئ بواسطة Kashif Ali,5224,نفقات غاز الأكسجين,52.46,,
839,2026-01-05,قيد يدوي رقم 839 - أنشئ بواسطة Kashif Ali,110101,النقدية في الخزينة,,52.46,
847,2026-01-05,قيد يدوي رقم 847 - أنشئ بواسطة Kashif Ali,1109,جرد مواد الخردة,40.0,,
847,2026-01-05,قيد يدوي رقم 847 - أنشئ بواسطة Kashif Ali,110101,النقدية في الخزينة,,40.0,
852,2026-01-05,قيد يدوي رقم 852 - أنشئ بواسطة Kashif Ali,5214,مصاريف أخرى,22.0,,
852,2026-01-05,قيد يدوي رقم 852 - أنشئ بواسطة Kashif Ali,110101,النقدية في الخزينة,,22.0,
853,2026-01-05,قيد يدوي رقم 853 - أنشئ بواسطة Kashif Ali,1109,جرد مواد الخردة,520.0,,
853,2026-01-05,قيد يدوي رقم 853 - أنشئ بواسطة Kashif Ali,110101,النقدية في الخزينة,,520.0,
832,2026-01-06,قيد يدوي رقم 832 - أنشئ بواسطة Kashif Ali,5226,صيانة مركبات الموظفين,95.0,,
832,2026-01-06,قيد يدوي رقم 832 - أنشئ بواسطة Kashif Ali,110101,النقدية في الخزينة,,95.0,
833,2026-01-06,قيد يدوي رقم 833 - أنشئ بواسطة Kashif Ali,5226,صيانة مركبات الموظفين,30.0,,
833,2026-01-06,قيد يدوي رقم 833 - أنشئ بواسطة Kashif Ali,110101,النقدية في الخزينة,,30.0,
834,2026-01-06,قيد يدوي رقم 834 - أنشئ بواسطة Kashif Ali,5211,مصاريف مكتبية ومطبوعات,40.0,,
834,2026-01-06,قيد يدوي رقم 834 - أنشئ بواسطة Kashif Ali,110101,النقدية في الخزينة,,40.0,
836,2026-01-06,قيد يدوي رقم 836 - أنشئ بواسطة Kashif Ali,5206,تذاكر سفر,15.0,,
836,2026-01-06,قيد يدوي رقم 836 - أنشئ بواسطة Kashif Ali,110101,النقدية في الخزينة,,15.0,
837,2026-01-06,قيد يدوي رقم 837 - أنشئ بواسطة Kashif Ali,5105,مصاريف وقود سيارات للموظفين,130.0,,
837,2026-01-06,قيد يدوي رقم 837 - أنشئ بواسطة Kashif Ali,110101,النقدية في الخزينة,,130.0,
838,2026-01-06,قيد يدوي رقم 838 - أنشئ بواسطة Kashif Ali,5226,صيانة مركبات الموظفين,72.0,,
838,2026-01-06,قيد يدوي رقم 838 - أنشئ بواسطة Kashif Ali,110101,النقدية في الخزينة,,72.0,
840,2026-01-06,قيد يدوي رقم 840 - أنشئ بواسطة Kashif Ali,5214,مصاريف أخرى,113.5,,
840,2026-01-06,قيد يدوي رقم 840 - أنشئ بواسطة Kashif Ali,2105,ضريبة القيمة المضافة المستحقة,17.03,,Invoice No. 3320933
840,2026-01-06,قيد يدوي رقم 840 - أنشئ بواسطة Kashif Ali,110101,النقدية في الخزينة,,130.53,
848,2026-01-06,قيد يدوي رقم 848 - أنشئ بواسطة Kashif Ali,1109,جرد مواد الخردة,422.0,,
848,2026-01-06,قيد يدوي رقم 848 - أنشئ بواسطة Kashif Ali,110101,النقدية في الخزينة,,422.0,
849,2026-01-06,قيد يدوي رقم 849 - أنشئ بواسطة Kashif Ali,1109,جرد مواد الخردة,157.0,,
849,2026-01-06,قيد يدوي رقم 849 - أنشئ بواسطة Kashif Ali,110101,النقدية في الخزينة,,157.0,
851,2026-01-06,قيد يدوي رقم 851 - أنشئ بواسطة Kashif Ali,5216,مصاريف صيانه عامه بالمصنع,400.0,,
851,2026-01-06,قيد يدوي رقم 851 - أنشئ بواسطة Kashif Ali,110101,النقدية في الخزينة,,200.0,
851,2026-01-06,قيد يدوي رقم 851 - أنشئ بواسطة Kashif Ali,110101,النقدية في الخزينة,,200.0,
855,2026-01-06,قيد يدوي رقم 855 - أنشئ بواسطة Kashif Ali,5214,مصاريف أخرى,24.6,,
855,2026-01-06,قيد يدوي رقم 855 - أنشئ بواسطة Kashif Ali,110101,النقدية في الخزينة,,24.6,
867,2026-01-06,قيد يدوي رقم 867 - أنشئ بواسطة Kashif Ali,5225,مصاريف وقود الموظف,71.0,,
867,2026-01-06,قيد يدوي رقم 867 - أنشئ بواسطة Kashif Ali,110101,النقدية في الخزينة,,71.0,
860,2026-01-07,قيد يدوي رقم 860 - أنشئ بواسطة Kashif Ali,5217,مصاريف مياه وكهرباء,970.0,,
860,2026-01-07,قيد يدوي رقم 860 - أنشئ بواسطة Kashif Ali,110101,النقدية في الخزينة,,970.0,
861,2026-01-07,قيد يدوي رقم 861 - أنشئ بواسطة Kashif Ali,1109,جرد مواد الخردة,54.0,,
861,2026-01-07,قيد يدوي رقم 861 - أنشئ بواسطة Kashif Ali,110101,النقدية في الخزينة,,54.0,
863,2026-01-07,قيد يدوي رقم 863 - أنشئ بواسطة Kashif Ali,1109,جرد مواد الخردة,800.0,,
863,2026-01-07,قيد يدوي رقم 863 - أنشئ بواسطة Kashif Ali,110101,النقدية في الخزينة,,800.0,
864,2026-01-07,قيد يدوي رقم 864 - أنشئ بواسطة Kashif Ali,1109,جرد مواد الخردة,15500.0,,
864,2026-01-07,قيد يدوي رقم 864 - أنشئ بواسطة Kashif Ali,110102,عهدة سالم,,15500.0,
866,2026-01-07,قيد يدوي رقم 866 - أنشئ بواسطة Kashif Ali,5206,تذاكر سفر,22.0,,
866,2026-01-07,قيد يدوي رقم 866 - أنشئ بواسطة Kashif Ali,110101,النقدية في الخزينة,,22.0,
868,2026-01-07,قيد يدوي رقم 868 - أنشئ بواسطة Kashif Ali,5228,نفقات الأدوات,30.0,,
868,2026-01-07,قيد يدوي رقم 868 - أنشئ بواسطة Kashif Ali,110101,النقدية في الخزينة,,30.0,
869,2026-01-07,قيد يدوي رقم 869 - أنشئ بواسطة Kashif Ali,1109,جرد مواد الخردة,1000.0,,
869,2026-01-07,قيد يدوي رقم 869 - أنشئ بواسطة Kashif Ali,110101,النقدية في الخزينة,,1000.0,
882,2026-01-07,قيد يدوي رقم 882 - أنشئ بواسطة Kashif Ali,1109,جرد مواد الخردة,800.0,,
882,2026-01-07,قيد يدوي رقم 882 - أنشئ بواسطة Kashif Ali,110102,عهدة سالم,,800.0,
885,2026-01-07,قيد يدوي رقم 885 - أنشئ بواسطة Kashif Ali,5216,مصاريف صيانه عامه بالمصنع,51.75,,
885,2026-01-07,قيد يدوي رقم 885 - أنشئ بواسطة Kashif Ali,110101,النقدية في الخزينة,,51.75,
862,2026-01-08,قيد يدوي رقم 862 - أنشئ بواسطة Kashif Ali,5105,مصاريف وقود سيارات للموظفين,110.0,,
862,2026-01-08,قيد يدوي رقم 862 - أنشئ بواسطة Kashif Ali,110101,النقدية في الخزينة,,110.0,
865,2026-01-08,قيد يدوي رقم 865 - أنشئ بواسطة Kashif Ali,5214,مصاريف أخرى,126.0,,
865,2026-01-08,قيد يدوي رقم 865 - أنشئ بواسطة Kashif Ali,110101,النقدية في الخزينة,,126.0,
870,2026-01-08,قيد يدوي رقم 870 - أنشئ بواسطة Kashif Ali,5105,مصاريف وقود سيارات للموظفين,110.0,,
870,2026-01-08,قيد يدوي رقم 870 - أنشئ بواسطة Kashif Ali,110101,النقدية في الخزينة,,110.0,
879,2026-01-08,قيد يدوي رقم 879 - أنشئ بواسطة Kashif Ali,120105,مركبات,1400.0,,
879,2026-01-08,قيد يدوي رقم 879 - أنشئ بواسطة Kashif Ali,110102,عهدة سالم,,1400.0,
880,2026-01-08,قيد يدوي رقم 880 - أنشئ بواسطة Kashif Ali,120105,مركبات,200.0,,
880,2026-01-08,قيد يدوي رقم 880 - أنشئ بواسطة Kashif Ali,110101,النقدية في الخزينة,,200.0,
881,2026-01-08,قيد يدوي رقم 881 - أنشئ بواسطة Kashif Ali,110106,عهدة اسلام احمد,1000.0,,
881,2026-01-08,قيد يدوي رقم 881 - أنشئ بواسطة Kashif Ali,110102,عهدة سالم,,1000.0,
883,2026-01-08,قيد يدوي رقم 883 - أنشئ بواسطة Kashif Ali,5214,مصاريف أخرى,330.0,,
883,2026-01-08,قيد يدوي رقم 883 - أنشئ بواسطة Kashif Ali,110102,عهدة سالم,,330.0,
884,2026-01-08,قيد يدوي رقم 884 - أنشئ بواسطة Kashif Ali,120105,مركبات,150.0,,
884,2026-01-08,قيد يدوي رقم 884 - أنشئ بواسطة Kashif Ali,110102,عهدة سالم,,150.0,
873,2026-01-09,قيد يدوي رقم 873 - أنشئ بواسطة Kashif Ali,5225,مصاريف وقود الموظف,54.0,,
873,2026-01-09,قيد يدوي رقم 873 - أنشئ بواسطة Kashif Ali,110101,النقدية في الخزينة,,54.0,
871,2026-01-10,قيد يدوي رقم 871 - أنشئ بواسطة Kashif Ali,5105,مصاريف وقود سيارات للموظفين,110.0,,
871,2026-01-10,قيد يدوي رقم 871 - أنشئ بواسطة Kashif Ali,110101,النقدية في الخزينة,,110.0,
874,2026-01-10,قيد يدوي رقم 874 - أنشئ بواسطة Kashif Ali,1109,جرد مواد الخردة,35.0,,
874,2026-01-10,قيد يدوي رقم 874 - أنشئ بواسطة Kashif Ali,110101,النقدية في الخزينة,,35.0,
875,2026-01-10,قيد يدوي رقم 875 - أنشئ بواسطة Kashif Ali,1109,جرد مواد الخردة,634.0,,
875,2026-01-10,قيد يدوي رقم 875 - أنشئ بواسطة Kashif Ali,110101,النقدية في الخزينة,,634.0,
876,2026-01-10,قيد يدوي رقم 876 - أنشئ بواسطة Kashif Ali,1109,جرد مواد الخردة,300.0,,
876,2026-01-10,قيد يدوي رقم 876 - أنشئ بواسطة Kashif Ali,110101,النقدية في الخزينة,,300.0,
877,2026-01-10,قيد يدوي رقم 877 - أنشئ بواسطة Kashif Ali,5105,مصاريف وقود سيارات للموظفين,230.0,,
877,2026-01-10,قيد يدوي رقم 877 - أنشئ بواسطة Kashif Ali,110101,النقدية في الخزينة,,230.0,
872,2026-01-11,قيد يدوي رقم 872 - أنشئ بواسطة Kashif Ali,5105,مصاريف وقود سيارات للموظفين,15.0,,
872,2026-01-11,قيد يدوي رقم 872 - أنشئ بواسطة Kashif Ali,110101,النقدية في الخزينة,,15.0,
878,2026-01-11,قيد يدوي رقم 878 - أنشئ بواسطة Kashif Ali,1109,جرد مواد الخردة,150.0,,
878,2026-01-11,قيد يدوي رقم 878 - أنشئ بواسطة Kashif Ali,110101,النقدية في الخزينة,,150.0,
889,2026-01-12,قيد يدوي رقم 889 - أنشئ بواسطة Kashif Ali,5225,مصاريف وقود الموظف,42.0,,
889,2026-01-12,قيد يدوي رقم 889 - أنشئ بواسطة Kashif Ali,110101,النقدية في الخزينة,,42.0,
890,2026-01-12,قيد يدوي رقم 890 - أنشئ بواسطة Kashif Ali,5206,تذاكر سفر,13.0,,
890,2026-01-12,قيد يدوي رقم 890 - أنشئ بواسطة Kashif Ali,110101,النقدية في الخزينة,,13.0,
886,2026-01-13,قيد يدوي رقم 886 - أنشئ بواسطة Kashif Ali,5225,مصاريف وقود الموظف,56.0,,
886,2026-01-13,قيد يدوي رقم 886 - أنشئ بواسطة Kashif Ali,110101,النقدية في الخزينة,,56.0,
887,2026-01-13,قيد يدوي رقم 887 - أنشئ بواسطة Kashif Ali,5206,تذاكر سفر,43.0,,
887,2026-01-13,قيد يدوي رقم 887 - أنشئ بواسطة Kashif Ali,110101,النقدية في الخزينة,,43.0,
888,2026-01-13,قيد يدوي رقم 888 - أنشئ بواسطة Kashif Ali,5214,مصاريف أخرى,141.0,,
888,2026-01-13,قيد يدوي رقم 888 - أنشئ بواسطة Kashif Ali,110101,النقدية في الخزينة,,141.0,
891,2026-01-13,قيد يدوي رقم 891 - أنشئ بواسطة Kashif Ali,5208,الرسوم الحكومية,3750.0,,
891,2026-01-13,قيد يدوي رقم 891 - أنشئ بواسطة Kashif Ali,110102,عهدة سالم,,3750.0,
892,2026-01-13,قيد يدوي رقم 892 - أنشئ بواسطة Kashif Ali,1109,جرد مواد الخردة,1000.0,,
892,2026-01-13,قيد يدوي رقم 892 - أنشئ بواسطة Kashif Ali,110101,النقدية في الخزينة,,1000.0,
893,2026-01-13,قيد يدوي رقم 893 - أنشئ بواسطة Kashif Ali,5206,تذاكر سفر,20.0,,
893,2026-01-13,قيد يدوي رقم 893 - أنشئ بواسطة Kashif Ali,110101,النقدية في الخزينة,,20.0,
894,2026-01-14,قيد يدوي رقم 894 - أنشئ بواسطة Kashif Ali,5225,مصاريف وقود الموظف,63.0,,
894,2026-01-14,قيد يدوي رقم 894 - أنشئ بواسطة Kashif Ali,110101,النقدية في الخزينة,,63.0,
895,2026-01-14,قيد يدوي رقم 895 - أنشئ بواسطة Kashif Ali,110101,النقدية في الخزينة,1999.0,,
895,2026-01-14,قيد يدوي رقم 895 - أنشئ بواسطة Kashif Ali,110102,عهدة سالم,,1999.0,
896,2026-01-14,قيد يدوي رقم 896 - أنشئ بواسطة Kashif Ali,5208,الرسوم الحكومية,690.0,,
896,2026-01-14,قيد يدوي رقم 896 - أنشئ بواسطة Kashif Ali,110101,النقدية في الخزينة,,690.0,
912,2026-01-14,قيد يدوي رقم 912 - أنشئ بواسطة Kashif Ali,5224,نفقات غاز الأكسجين,128.0,,
912,2026-01-14,قيد يدوي رقم 912 - أنشئ بواسطة Kashif Ali,110101,النقدية في الخزينة,,128.0,
941,2026-01-14,قيد يدوي رقم 941 - أنشئ بواسطة Kashif Ali,1109,جرد مواد الخردة,3000.0,,
941,2026-01-14,قيد يدوي رقم 941 - أنشئ بواسطة Kashif Ali,110102,عهدة سالم,,3000.0,
953,2026-01-14,قيد يدوي رقم 953 - أنشئ بواسطة Kashif Ali,5224,نفقات غاز الأكسجين,128.0,,
953,2026-01-14,قيد يدوي رقم 953 - أنشئ بواسطة Kashif Ali,110101,النقدية في الخزينة,,128.0,
907,2026-01-15,قيد يدوي رقم 907 - أنشئ بواسطة Kashif Ali,5225,مصاريف وقود الموظف,50.0,,
907,2026-01-15,قيد يدوي رقم 907 - أنشئ بواسطة Kashif Ali,110102,عهدة سالم,,50.0,
908,2026-01-15,قيد يدوي رقم 908 - أنشئ بواسطة Kashif Ali,5217,مصاريف مياه وكهرباء,2169.62,,
908,2026-01-15,قيد يدوي رقم 908 - أنشئ بواسطة Kashif Ali,1107,شركة يسم للتجارة,,2169.62,
909,2026-01-15,قيد يدوي رقم 909 - أنشئ بواسطة Kashif Ali,110108,عهدة كاش عمران الشيخ,2500.0,,
909,2026-01-15,قيد يدوي رقم 909 - أنشئ بواسطة Kashif Ali,110102,عهدة سالم,,2500.0,
910,2026-01-15,قيد يدوي رقم 910 - أنشئ بواسطة Kashif Ali,1109,جرد مواد الخردة,240.0,,
910,2026-01-15,قيد يدوي رقم 910 - أنشئ بواسطة Kashif Ali,110101,النقدية في الخزينة,,240.0,
911,2026-01-16,قيد يدوي رقم 911 - أنشئ بواسطة Kashif Ali,5225,مصاريف وقود الموظف,68.0,,
911,2026-01-16,قيد يدوي رقم 911 - أنشئ بواسطة Kashif Ali,110101,النقدية في الخزينة,,68.0,
913,2026-01-17,قيد يدوي رقم 913 - أنشئ بواسطة Kashif Ali,1109,جرد مواد الخردة,96.0,,
913,2026-01-17,قيد يدوي رقم 913 - أنشئ بواسطة Kashif Ali,110101,النقدية في الخزينة,,96.0,
914,2026-01-17,قيد يدوي رقم 914 - أنشئ بواسطة Kashif Ali,110101,النقدية في الخزينة,5001.0,,
914,2026-01-17,قيد يدوي رقم 914 - أنشئ بواسطة Kashif Ali,110102,عهدة سالم,,5001.0,
915,2026-01-17,قيد يدوي رقم 915 - أنشئ بواسطة Kashif Ali,1109,جرد مواد الخردة,1600.0,,
915,2026-01-17,قيد يدوي رقم 915 - أنشئ بواسطة Kashif Ali,110101,النقدية في الخزينة,,1600.0,
916,2026-01-17,قيد يدوي رقم 916 - أنشئ بواسطة Kashif Ali,1109,جرد مواد الخردة,1500.0,,
916,2026-01-17,قيد يدوي رقم 916 - أنشئ بواسطة Kashif Ali,110101,النقدية في الخزينة,,1500.0,
935,2026-01-17,قيد يدوي رقم 935 - أنشئ بواسطة Kashif Ali,1109,جرد مواد الخردة,3500.0,,
935,2026-01-17,قيد يدوي رقم 935 - أنشئ بواسطة Kashif Ali,110101,النقدية في الخزينة,,3500.0,
938,2026-01-17,قيد يدوي رقم 938 - أنشئ بواسطة Kashif Ali,1109,جرد مواد الخردة,7500.0,,
938,2026-01-17,قيد يدوي رقم 938 - أنشئ بواسطة Kashif Ali,110102,عهدة سالم,,7500.0,
939,2026-01-17,قيد يدوي رقم 939 - أنشئ بواسطة Kashif Ali,1109,جرد مواد الخردة,300.0,,
939,2026-01-17,قيد يدوي رقم 939 - أنشئ بواسطة Kashif Ali,110101,النقدية في الخزينة,,300.0,
940,2026-01-17,قيد يدوي رقم 940 - أنشئ بواسطة Kashif Ali,1109,جرد مواد الخردة,17000.0,,
940,2026-01-17,قيد يدوي رقم 940 - أنشئ بواسطة Kashif Ali,110102,عهدة سالم,,17000.0,
917,2026-01-18,قيد يدوي رقم 917 - أنشئ بواسطة Kashif Ali,5105,مصاريف وقود سيارات للموظفين,110.0,,
917,2026-01-18,قيد يدوي رقم 917 - أنشئ بواسطة Kashif Ali,110101,النقدية في الخزينة,,110.0,
918,2026-01-18,قيد يدوي رقم 918 - أنشئ بواسطة Kashif Ali,5214,مصاريف أخرى,17.5,,
918,2026-01-18,قيد يدوي رقم 918 - أنشئ بواسطة Kashif Ali,110101,النقدية في الخزينة,,17.5,
919,2026-01-18,قيد يدوي رقم 919 - أنشئ بواسطة Kashif Ali,1109,جرد مواد الخردة,360.0,,
919,2026-01-18,قيد يدوي رقم 919 - أنشئ بواسطة Kashif Ali,110101,النقدية في الخزينة,,360.0,
920,2026-01-18,قيد يدوي رقم 920 - أنشئ بواسطة Kashif Ali,110101,النقدية في الخزينة,15000.0,,
920,2026-01-18,قيد يدوي رقم 920 - أنشئ بواسطة Kashif Ali,110102,عهدة سالم,,15000.0,
922,2026-01-18,قيد يدوي رقم 922 - أنشئ بواسطة Kashif Ali,1109,جرد مواد الخردة,14600.0,,
922,2026-01-18,قيد يدوي رقم 922 - أنشئ بواسطة Kashif Ali,110102,عهدة سالم,,14600.0,
931,2026-01-18,قيد يدوي رقم 931 - أنشئ بواسطة Kashif Ali,1109,جرد مواد الخردة,15000.0,,
931,2026-01-18,قيد يدوي رقم 931 - أنشئ بواسطة Kashif Ali,110101,النقدية في الخزينة,,15000.0,
932,2026-01-18,قيد يدوي رقم 932 - أنشئ بواسطة Kashif Ali,1109,جرد مواد الخردة,1550.0,,
932,2026-01-18,قيد يدوي رقم 932 - أنشئ بواسطة Kashif Ali,110101,النقدية في الخزينة,,1550.0,
946,2026-01-18,قيد يدوي رقم 946 - أنشئ بواسطة Kashif Ali,1107,شركة يسم للتجارة,,300.0,
946,2026-01-18,قيد يدوي رقم 946 - أنشئ بواسطة Kashif Ali,110102,عهدة سالم,300.0,,
921,2026-01-19,قيد يدوي رقم 921 - أنشئ بواسطة Kashif Ali,1109,جرد مواد الخردة,13500.0,,
921,2026-01-19,قيد يدوي رقم 921 - أنشئ بواسطة Kashif Ali,1107,شركة يسم للتجارة,,13500.0,
924,2026-01-19,قيد يدوي رقم 924 - أنشئ بواسطة Kashif Ali,5105,مصاريف وقود سيارات للموظفين,100.0,,
924,2026-01-19,قيد يدوي رقم 924 - أنشئ بواسطة Kashif Ali,110101,النقدية في الخزينة,,100.0,
925,2026-01-19,قيد يدوي رقم 925 - أنشئ بواسطة Kashif Ali,1109,جرد مواد الخردة,6000.0,,
925,2026-01-19,قيد يدوي رقم 925 - أنشئ بواسطة Kashif Ali,1107,شركة يسم للتجارة,,6000.0,
926,2026-01-19,قيد يدوي رقم 926 - أنشئ بواسطة Kashif Ali,1109,جرد مواد الخردة,750.0,,
926,2026-01-19,قيد يدوي رقم 926 - أنشئ بواسطة Kashif Ali,110101,النقدية في الخزينة,,750.0,
927,2026-01-19,قيد يدوي رقم 927 - أنشئ بواسطة Kashif Ali,5225,مصاريف وقود الموظف,67.0,,
927,2026-01-19,قيد يدوي رقم 927 - أنشئ بواسطة Kashif Ali,110101,النقدية في الخزينة,,67.0,
928,2026-01-19,قيد يدوي رقم 928 - أنشئ بواسطة Kashif Ali,5206,تذاكر سفر,48.0,,
928,2026-01-19,قيد يدوي رقم 928 - أنشئ بواسطة Kashif Ali,110101,النقدية في الخزينة,,48.0,
929,2026-01-19,قيد يدوي رقم 929 - أنشئ بواسطة Kashif Ali,5214,مصاريف أخرى,16.0,,
929,2026-01-19,قيد يدوي رقم 929 - أنشئ بواسطة Kashif Ali,110101,النقدية في الخزينة,,16.0,
937,2026-01-19,قيد يدوي رقم 937 - أنشئ بواسطة Kashif Ali,1109,جرد مواد الخردة,3000.0,,
937,2026-01-19,قيد يدوي رقم 937 - أنشئ بواسطة Kashif Ali,1107,شركة يسم للتجارة,,3000.0,
923,2026-01-20,قيد يدوي رقم 923 - أنشئ بواسطة Kashif Ali,5105,مصاريف وقود سيارات للموظفين,135.0,,
923,2026-01-20,قيد يدوي رقم 923 - أنشئ بواسطة Kashif Ali,110101,النقدية في الخزينة,,135.0,
930,2026-01-20,قيد يدوي رقم 930 - أنشئ بواسطة Kashif Ali,5214,مصاريف أخرى,113.0,,
930,2026-01-20,قيد يدوي رقم 930 - أنشئ بواسطة Kashif Ali,110101,النقدية في الخزينة,,113.0,
933,2026-01-20,قيد يدوي رقم 933 - أنشئ بواسطة Kashif Ali,5105,مصاريف وقود سيارات للموظفين,100.0,,
933,2026-01-20,قيد يدوي رقم 933 - أنشئ بواسطة Kashif Ali,110101,النقدية في الخزينة,,100.0,
934,2026-01-20,قيد يدوي رقم 934 - أنشئ بواسطة Kashif Ali,1109,جرد مواد الخردة,507.0,,
934,2026-01-20,قيد يدوي رقم 934 - أنشئ بواسطة Kashif Ali,110101,النقدية في الخزينة,,507.0,
936,2026-01-21,قيد يدوي رقم 936 - أنشئ بواسطة Kashif Ali,1109,جرد مواد الخردة,10000.15,,
936,2026-01-21,قيد يدوي رقم 936 - أنشئ بواسطة Kashif Ali,110101,النقدية في الخزينة,5000.1,,
936,2026-01-21,قيد يدوي رقم 936 - أنشئ بواسطة Kashif Ali,1109,جرد مواد الخردة,10000.15,,
936,2026-01-21,قيد يدوي رقم 936 - أنشئ بواسطة Kashif Ali,1107,شركة يسم للتجارة,,10000.15,
936,2026-01-21,قيد يدوي رقم 936 - أنشئ بواسطة Kashif Ali,1107,شركة يسم للتجارة,,10000.15,
936,2026-01-21,قيد يدوي رقم 936 - أنشئ بواسطة Kashif Ali,1107,شركة يسم للتجارة,,5000.1,
942,2026-01-21,قيد يدوي رقم 942 - أنشئ بواسطة Kashif Ali,1109,جرد مواد الخردة,970.0,,
942,2026-01-21,قيد يدوي رقم 942 - أنشئ بواسطة Kashif Ali,110101,النقدية في الخزينة,,970.0,
943,2026-01-21,قيد يدوي رقم 943 - أنشئ بواسطة Kashif Ali,1109,جرد مواد الخردة,420.0,,
943,2026-01-21,قيد يدوي رقم 943 - أنشئ بواسطة Kashif Ali,110101,النقدية في الخزينة,,420.0,
944,2026-01-21,قيد يدوي رقم 944 - أنشئ بواسطة Kashif Ali,1109,جرد مواد الخردة,1100.0,,
944,2026-01-21,قيد يدوي رقم 944 - أنشئ بواسطة Kashif Ali,110101,النقدية في الخزينة,,1100.0,
945,2026-01-21,قيد يدوي رقم 945 - أنشئ بواسطة Kashif Ali,5105,مصاريف وقود سيارات للموظفين,100.0,,
945,2026-01-21,قيد يدوي رقم 945 - أنشئ بواسطة Kashif Ali,110101,النقدية في الخزينة,,100.0,
947,2026-01-21,قيد يدوي رقم 947 - أنشئ بواسطة Kashif Ali,5225,مصاريف وقود الموظف,50.0,,
947,2026-01-21,قيد يدوي رقم 947 - أنشئ بواسطة Kashif Ali,5206,تذاكر سفر,20.0,,
947,2026-01-21,قيد يدوي رقم 947 - أنشئ بواسطة Kashif Ali,110101,النقدية في الخزينة,,50.0,
947,2026-01-21,قيد يدوي رقم 947 - أنشئ بواسطة Kashif Ali,110101,النقدية في الخزينة,,20.0,
948,2026-01-21,قيد يدوي رقم 948 - أنشئ بواسطة Kashif Ali,1109,جرد مواد الخردة,750.0,,
948,2026-01-21,قيد يدوي رقم 948 - أنشئ بواسطة Kashif Ali,110101,النقدية في الخزينة,,750.0,
949,2026-01-21,قيد يدوي رقم 949 - أنشئ بواسطة Kashif Ali,5225,مصاريف وقود الموظف,92.0,,
949,2026-01-21,قيد يدوي رقم 949 - أنشئ بواسطة Kashif Ali,110101,النقدية في الخزينة,,92.0,
950,2026-01-21,قيد يدوي رقم 950 - أنشئ بواسطة Kashif Ali,1109,جرد مواد الخردة,735.0,,
950,2026-01-21,قيد يدوي رقم 950 - أنشئ بواسطة Kashif Ali,110101,النقدية في الخزينة,,735.0,
951,2026-01-21,قيد يدوي رقم 951 - أنشئ بواسطة Kashif Ali,1109,جرد مواد الخردة,140.0,,
951,2026-01-21,قيد يدوي رقم 951 - أنشئ بواسطة Kashif Ali,110101,النقدية في الخزينة,,140.0,
952,2026-01-22,قيد يدوي رقم 952 - أنشئ بواسطة Kashif Ali,5224,نفقات غاز الأكسجين,26.23,,
952,2026-01-22,قيد يدوي رقم 952 - أنشئ بواسطة Kashif Ali,110101,النقدية في الخزينة,,26.23,
956,2026-01-22,قيد يدوي رقم 956 - أنشئ بواسطة Kashif Ali,1109,جرد مواد الخردة,420.0,,
956,2026-01-22,قيد يدوي رقم 956 - أنشئ بواسطة Kashif Ali,110101,النقدية في الخزينة,,420.0,
960,2026-01-22,قيد يدوي رقم 960 - أنشئ بواسطة Kashif Ali,110106,عهدة اسلام احمد,,1000.0,
960,2026-01-22,قيد يدوي رقم 960 - أنشئ بواسطة Kashif Ali,5226,صيانة مركبات الموظفين,1000.0,,
954,2026-01-24,قيد يدوي رقم 954 - أنشئ بواسطة Kashif Ali,5105,مصاريف وقود سيارات للموظفين,100.0,,
954,2026-01-24,قيد يدوي رقم 954 - أنشئ بواسطة Kashif Ali,110101,النقدية في الخزينة,,100.0,
955,2026-01-24,قيد يدوي رقم 955 - أنشئ بواسطة Kashif Ali,5105,مصاريف وقود سيارات للموظفين,125.0,,
955,2026-01-24,قيد يدوي رقم 955 - أنشئ بواسطة Kashif Ali,110101,النقدية في الخزينة,,125.0,
957,2026-01-24,قيد يدوي رقم 957 - أنشئ بواسطة Kashif Ali,1109,جرد مواد الخردة,11.0,,
957,2026-01-24,قيد يدوي رقم 957 - أنشئ بواسطة Kashif Ali,110101,النقدية في الخزينة,,11.0,
962,2026-01-24,قيد يدوي رقم 962 - أنشئ بواسطة Kashif Ali,5225,مصاريف وقود الموظف,70.0,,
962,2026-01-24,قيد يدوي رقم 962 - أنشئ بواسطة Kashif Ali,110101,النقدية في الخزينة,,70.0,
963,2026-01-25,قيد يدوي رقم 963 - أنشئ بواسطة Kashif Ali,5225,مصاريف وقود الموظف,30.0,,
963,2026-01-25,قيد يدوي رقم 963 - أنشئ بواسطة Kashif Ali,110101,النقدية في الخزينة,,30.0,
964,2026-01-25,قيد يدوي رقم 964 - أنشئ بواسطة Kashif Ali,110101,النقدية في الخزينة,5000.0,,
964,2026-01-25,قيد يدوي رقم 964 - أنشئ بواسطة Kashif Ali,1107,شركة يسم للتجارة,,5000.0,
965,2026-01-25,قيد يدوي رقم 965 - أنشئ بواسطة Kashif Ali,110504,علا (مدير الإنتاج),2500.0,,
965,2026-01-25,قيد يدوي رقم 965 - أنشئ بواسطة Kashif Ali,110101,النقدية في الخزينة,,2500.0,
966,2026-01-25,قيد يدوي رقم 966 - أنشئ بواسطة Kashif Ali,5225,مصاريف وقود الموظف,68.0,,
966,2026-01-25,قيد يدوي رقم 966 - أنشئ بواسطة Kashif Ali,110504,علا (مدير الإنتاج),,68.0,
967,2026-01-26,قيد يدوي رقم 967 - أنشئ بواسطة Kashif Ali,5225,مصاريف وقود الموظف,200.0,,
967,2026-01-26,قيد يدوي رقم 967 - أنشئ بواسطة Kashif Ali,110101,النقدية في الخزينة,,200.0,
968,2026-01-26,قيد يدوي رقم 968 - أنشئ بواسطة Kashif Ali,110102,عهدة سالم,28000.0,,
968,2026-01-26,قيد يدوي رقم 968 - أنشئ بواسطة Kashif Ali,4102,الايرادات من بيع السكراب,,28000.0,
969,2026-01-26,قيد يدوي رقم 969 - أنشئ بواسطة Kashif Ali,5214,مصاريف أخرى,19.5,,
969,2026-01-26,قيد يدوي رقم 969 - أنشئ بواسطة Kashif Ali,110504,علا (مدير الإنتاج),,19.5,
970,2026-01-26,قيد يدوي رقم 970 - أنشئ بواسطة Kashif Ali,1109,جرد مواد الخردة,180.0,,
970,2026-01-26,قيد يدوي رقم 970 - أنشئ بواسطة Kashif Ali,110504,علا (مدير الإنتاج),,180.0,
971,2026-01-26,قيد يدوي رقم 971 - أنشئ بواسطة Kashif Ali,5225,مصاريف وقود الموظف,100.0,,
971,2026-01-26,قيد يدوي رقم 971 - أنشئ بواسطة Kashif Ali,110504,علا (مدير الإنتاج),,100.0,
975,2026-01-26,قيد يدوي رقم 975 - أنشئ بواسطة Kashif Ali,5206,تذاكر سفر,14.0,,
975,2026-01-26,قيد يدوي رقم 975 - أنشئ بواسطة Kashif Ali,110101,النقدية في الخزينة,,14.0,
976,2026-01-26,قيد يدوي رقم 976 - أنشئ بواسطة Kashif Ali,5225,مصاريف وقود الموظف,50.0,,
976,2026-01-26,قيد يدوي رقم 976 - أنشئ بواسطة Kashif Ali,110101,النقدية في الخزينة,,50.0,
972,2026-01-27,قيد يدوي رقم 972 - أنشئ بواسطة Kashif Ali,5105,مصاريف وقود سيارات للموظفين,100.0,,
972,2026-01-27,قيد يدوي رقم 972 - أنشئ بواسطة Kashif Ali,110504,علا (مدير الإنتاج),,100.0,
973,2026-01-27,قيد يدوي رقم 973 - أنشئ بواسطة Kashif Ali,5105,مصاريف وقود سيارات للموظفين,125.0,,
973,2026-01-27,قيد يدوي رقم 973 - أنشئ بواسطة Kashif Ali,110504,علا (مدير الإنتاج),,125.0,
974,2026-01-27,قيد يدوي رقم 974 - أنشئ بواسطة Kashif Ali,5214,مصاريف أخرى,11.0,,
974,2026-01-27,قيد يدوي رقم 974 - أنشئ بواسطة Kashif Ali,5226,صيانة مركبات الموظفين,5.0,,
974,2026-01-27,قيد يدوي رقم 974 - أنشئ بواسطة Kashif Ali,110504,علا (مدير الإنتاج),,16.0,
977,2026-01-27,قيد يدوي رقم 977 - أنشئ بواسطة Kashif Ali,110102,عهدة سالم,26900.0,,
977,2026-01-27,قيد يدوي رقم 977 - أنشئ بواسطة Kashif Ali,4102,الايرادات من بيع السكراب,,26900.0,
997,2026-01-27,قيد يدوي رقم 997 - أنشئ بواسطة Kashif Ali,5206,تذاكر سفر,3000.0,,
997,2026-01-27,قيد يدوي رقم 997 - أنشئ بواسطة Kashif Ali,110102,عهدة سالم,,3000.0,
978,2026-01-28,قيد يدوي رقم 978 - أنشئ بواسطة Kashif Ali,5225,مصاريف وقود الموظف,20.0,,
978,2026-01-28,قيد يدوي رقم 978 - أنشئ بواسطة Kashif Ali,110101,النقدية في الخزينة,,20.0,
979,2026-01-28,قيد يدوي رقم 979 - أنشئ بواسطة Kashif Ali,5105,مصاريف وقود سيارات للموظفين,100.0,,
979,2026-01-28,قيد يدوي رقم 979 - أنشئ بواسطة Kashif Ali,110504,علا (مدير الإنتاج),,100.0,
980,2026-01-28,قيد يدوي رقم 980 - أنشئ بواسطة Kashif Ali,5105,مصاريف وقود سيارات للموظفين,100.0,,
980,2026-01-28,قيد يدوي رقم 980 - أنشئ بواسطة Kashif Ali,110504,علا (مدير الإنتاج),,100.0,
994,2026-01-28,قيد يدوي رقم 994 - أنشئ بواسطة Kashif Ali,5225,مصاريف وقود الموظف,20.0,,
994,2026-01-28,قيد يدوي رقم 994 - أنشئ بواسطة Kashif Ali,110101,النقدية في الخزينة,,20.0,
998,2026-01-28,قيد يدوي رقم 998 - أنشئ بواسطة Kashif Ali,5214,مصاريف أخرى,3400.0,,
998,2026-01-28,قيد يدوي رقم 998 - أنشئ بواسطة Kashif Ali,110102,عهدة سالم,,3400.0,
1103,2026-01-28,قيد يدوي رقم 1103 - أنشئ بواسطة Kashif Ali,110106,عهدة اسلام احمد,1900.0,,
1103,2026-01-28,قيد يدوي رقم 1103 - أنشئ بواسطة Kashif Ali,1107,شركة يسم للتجارة,,1900.0,
981,2026-01-29,قيد يدوي رقم 981 - أنشئ بواسطة Kashif Ali,5105,مصاريف وقود سيارات للموظفين,125.0,,
981,2026-01-29,قيد يدوي رقم 981 - أنشئ بواسطة Kashif Ali,110504,علا (مدير الإنتاج),,125.0,
982,2026-01-29,قيد يدوي رقم 982 - أنشئ بواسطة Kashif Ali,5105,مصاريف وقود سيارات للموظفين,100.0,,
982,2026-01-29,قيد يدوي رقم 982 - أنشئ بواسطة Kashif Ali,110504,علا (مدير الإنتاج),,100.0,
983,2026-01-29,قيد يدوي رقم 983 - أنشئ بواسطة Kashif Ali,5224,نفقات غاز الأكسجين,128.0,,
983,2026-01-29,قيد يدوي رقم 983 - أنشئ بواسطة Kashif Ali,110504,علا (مدير الإنتاج),,128.0,
984,2026-01-29,قيد يدوي رقم 984 - أنشئ بواسطة Kashif Ali,1109,جرد مواد الخردة,162.0,,
984,2026-01-29,قيد يدوي رقم 984 - أنشئ بواسطة Kashif Ali,110504,علا (مدير الإنتاج),,162.0,
992,2026-01-29,قيد يدوي رقم 992 - أنشئ بواسطة Kashif Ali,5225,مصاريف وقود الموظف,80.0,,
992,2026-01-29,قيد يدوي رقم 992 - أنشئ بواسطة Kashif Ali,110101,النقدية في الخزينة,,80.0,
985,2026-01-31,قيد يدوي رقم 985 - أنشئ بواسطة Kashif Ali,5105,مصاريف وقود سيارات للموظفين,125.0,,
985,2026-01-31,قيد يدوي رقم 985 - أنشئ بواسطة Kashif Ali,5105,مصاريف وقود سيارات للموظفين,130.0,,
985,2026-01-31,قيد يدوي رقم 985 - أنشئ بواسطة Kashif Ali,110504,علا (مدير الإنتاج),,130.0,
985,2026-01-31,قيد يدوي رقم 985 - أنشئ بواسطة Kashif Ali,110504,علا (مدير الإنتاج),,125.0,
986,2026-01-31,قيد يدوي رقم 986 - أنشئ بواسطة Kashif Ali,5211,مصاريف مكتبية ومطبوعات,18.0,,
986,2026-01-31,قيد يدوي رقم 986 - أنشئ بواسطة Kashif Ali,110504,علا (مدير الإنتاج),,18.0,
995,2026-01-31,قيد يدوي رقم 995 - أنشئ بواسطة Kashif Ali,5225,مصاريف وقود الموظف,95.0,,
995,2026-01-31,قيد يدوي رقم 995 - أنشئ بواسطة Kashif Ali,110101,النقدية في الخزينة,,95.0,
1087,2026-01-31,قيد يدوي رقم 1087 - أنشئ بواسطة Kashif Ali,5102,رواتب وأجور,6590.0,,
1087,2026-01-31,قيد يدوي رقم 1087 - أنشئ بواسطة Kashif Ali,2103,الرواتب المستحقة,,6590.0,
1088,2026-01-31,قيد يدوي رقم 1088 - أنشئ بواسطة Kashif Ali,5102,رواتب وأجور,17000.0,,
1088,2026-01-31,قيد يدوي رقم 1088 - أنشئ بواسطة Kashif Ali,2103,الرواتب المستحقة,,17000.0,
1089,2026-01-31,قيد يدوي رقم 1089 - أنشئ بواسطة Kashif Ali,2103,الرواتب المستحقة,40390.0,,Siddique
1089,2026-01-31,قيد يدوي رقم 1089 - أنشئ بواسطة Kashif Ali,1107,شركة يسم للتجارة,,17000.0,
1089,2026-01-31,قيد يدوي رقم 1089 - أنشئ بواسطة Kashif Ali,1107,شركة يسم للتجارة,,16800.0,
1089,2026-01-31,قيد يدوي رقم 1089 - أنشئ بواسطة Kashif Ali,1107,شركة يسم للتجارة,,6590.0,
1093,2026-01-31,قيد يدوي رقم 1093 - أنشئ بواسطة Kashif Ali,5102,رواتب وأجور,31700.0,,
1093,2026-01-31,قيد يدوي رقم 1093 - أنشئ بواسطة Kashif Ali,110501,اشرف مروان الصايغ,,1000.0,
1093,2026-01-31,قيد يدوي رقم 1093 - أنشئ بواسطة Kashif Ali,2103,الرواتب المستحقة,,30700.0,
1104,2026-01-31,قيد يدوي رقم 1104 - أنشئ بواسطة Kashif Ali,1107,شركة يسم للتجارة,102218.74,,
1104,2026-01-31,قيد يدوي رقم 1104 - أنشئ بواسطة Kashif Ali,3202,جاري الشريك سالم بالحارث,,102218.74,
1795,2026-01-31,قيد يدوي رقم 1795 - أنشئ بواسطة Kashif Ali,5108,تكلفة البضائع المباعة من خردة الحديد,239041.08,,
1795,2026-01-31,قيد يدوي رقم 1795 - أنشئ بواسطة Kashif Ali,1109,جرد مواد الخردة,,239041.08,
988,2026-02-01,قيد يدوي رقم 988 - أنشئ بواسطة Kashif Ali,5105,مصاريف وقود سيارات للموظفين,100.0,,
988,2026-02-01,قيد يدوي رقم 988 - أنشئ بواسطة Kashif Ali,110504,علا (مدير الإنتاج),,100.0,
989,2026-02-01,قيد يدوي رقم 989 - أنشئ بواسطة Kashif Ali,1109,جرد مواد الخردة,41.0,,
989,2026-02-01,قيد يدوي رقم 989 - أنشئ بواسطة Kashif Ali,110504,علا (مدير الإنتاج),,41.0,
990,2026-02-01,قيد يدوي رقم 990 - أنشئ بواسطة Kashif Ali,1109,جرد مواد الخردة,200.0,,
990,2026-02-01,قيد يدوي رقم 990 - أنشئ بواسطة Kashif Ali,110504,علا (مدير الإنتاج),,200.0,
1000,2026-02-01,قيد يدوي رقم 1000 - أنشئ بواسطة Kashif Ali,110101,النقدية في الخزينة,3000.0,,
1000,2026-02-01,قيد يدوي رقم 1000 - أنشئ بواسطة Kashif Ali,110102,عهدة سالم,,3000.0,
1001,2026-02-01,قيد يدوي رقم 1001 - أنشئ بواسطة Kashif Ali,5222,رسوم تجديد اقامات ونقل موظفين,2000.0,,
1001,2026-02-01,قيد يدوي رقم 1001 - أنشئ بواسطة Kashif Ali,110101,النقدية في الخزينة,,2000.0,
1090,2026-02-01,قيد يدوي رقم 1090 - أنشئ بواسطة Kashif Ali,2103,الرواتب المستحقة,5000.0,,
1090,2026-02-01,قيد يدوي رقم 1090 - أنشئ بواسطة Kashif Ali,1107,شركة يسم للتجارة,,2000.0,
1090,2026-02-01,قيد يدوي رقم 1090 - أنشئ بواسطة Kashif Ali,1107,شركة يسم للتجارة,,1000.0,
1090,2026-02-01,قيد يدوي رقم 1090 - أنشئ بواسطة Kashif Ali,1107,شركة يسم للتجارة,,1000.0,
1090,2026-02-01,قيد يدوي رقم 1090 - أنشئ بواسطة Kashif Ali,1107,شركة يسم للتجارة,,1000.0,
991,2026-02-02,قيد يدوي رقم 991 - أنشئ بواسطة Kashif Ali,5224,نفقات غاز الأكسجين,52.25,,
991,2026-02-02,قيد يدوي رقم 991 - أنشئ بواسطة Kashif Ali,110504,علا (مدير الإنتاج),,52.25,
993,2026-02-02,قيد يدوي رقم 993 - أنشئ بواسطة Kashif Ali,5225,مصاريف وقود الموظف,85.76,,
993,2026-02-02,قيد يدوي رقم 993 - أنشئ بواسطة Kashif Ali,110101,النقدية في الخزينة,,85.76,
999,2026-02-02,قيد يدوي رقم 999 - أنشئ بواسطة Kashif Ali,5206,تذاكر سفر,400.0,,
999,2026-02-02,قيد يدوي رقم 999 - أنشئ بواسطة Kashif Ali,110102,عهدة سالم,,400.0,
1002,2026-02-02,قيد يدوي رقم 1002 - أنشئ بواسطة Kashif Ali,5206,تذاكر سفر,300.0,,
1002,2026-02-02,قيد يدوي رقم 1002 - أنشئ بواسطة Kashif Ali,110102,عهدة سالم,,300.0,
1003,2026-02-02,قيد يدوي رقم 1003 - أنشئ بواسطة Kashif Ali,110101,النقدية في الخزينة,5000.0,,
1003,2026-02-02,قيد يدوي رقم 1003 - أنشئ بواسطة Kashif Ali,110101,النقدية في الخزينة,4500.0,,
1003,2026-02-02,قيد يدوي رقم 1003 - أنشئ بواسطة Kashif Ali,110102,عهدة سالم,,5000.0,
1003,2026-02-02,قيد يدوي رقم 1003 - أنشئ بواسطة Kashif Ali,110102,عهدة سالم,,4500.0,
1004,2026-02-02,قيد يدوي رقم 1004 - أنشئ بواسطة Kashif Ali,2103,الرواتب المستحقة,2500.0,,Ibrahim
1004,2026-02-02,قيد يدوي رقم 1004 - أنشئ بواسطة Kashif Ali,2103,الرواتب المستحقة,2300.0,,Fuad
1004,2026-02-02,قيد يدوي رقم 1004 - أنشئ بواسطة Kashif Ali,2103,الرواتب المستحقة,2300.0,,Amr
1004,2026-02-02,قيد يدوي رقم 1004 - أنشئ بواسطة Kashif Ali,2103,الرواتب المستحقة,1800.0,,Fayyaz
1004,2026-02-02,قيد يدوي رقم 1004 - أنشئ بواسطة Kashif Ali,110101,النقدية في الخزينة,,8900.0,
1295,2026-02-02,قيد يدوي رقم 1295 - أنشئ بواسطة Kashif Ali,5207,التأمينات الاجتماعية,3936.0,,
1295,2026-02-02,قيد يدوي رقم 1295 - أنشئ بواسطة Kashif Ali,1107,شركة يسم للتجارة,,3936.0,
996,2026-02-03,قيد يدوي رقم 996 - أنشئ بواسطة Kashif Ali,5214,مصاريف أخرى,33.0,,
996,2026-02-03,قيد يدوي رقم 996 - أنشئ بواسطة Kashif Ali,110101,النقدية في الخزينة,,33.0,
1005,2026-02-03,قيد يدوي رقم 1005 - أنشئ بواسطة Kashif Ali,1109,جرد مواد الخردة,4530.0,,
1005,2026-02-03,قيد يدوي رقم 1005 - أنشئ بواسطة Kashif Ali,110101,النقدية في الخزينة,,4530.0,
1006,2026-02-03,قيد يدوي رقم 1006 - أنشئ بواسطة Kashif Ali,5105,مصاريف وقود سيارات للموظفين,100.0,,
1006,2026-02-03,قيد يدوي رقم 1006 - أنشئ بواسطة Kashif Ali,110504,علا (مدير الإنتاج),,100.0,
1007,2026-02-03,قيد يدوي رقم 1007 - أنشئ بواسطة Kashif Ali,1107,شركة يسم للتجارة,,2588.0,
1007,2026-02-03,قيد يدوي رقم 1007 - أنشئ بواسطة Kashif Ali,5208,الرسوم الحكومية,2588.0,,
1008,2026-02-03,قيد يدوي رقم 1008 - أنشئ بواسطة Kashif Ali,5224,نفقات غاز الأكسجين,128.0,,
1008,2026-02-03,قيد يدوي رقم 1008 - أنشئ بواسطة Kashif Ali,110504,علا (مدير الإنتاج),,128.0,
1009,2026-02-03,قيد يدوي رقم 1009 - أنشئ بواسطة Kashif Ali,1109,جرد مواد الخردة,68.0,,
1009,2026-02-03,قيد يدوي رقم 1009 - أنشئ بواسطة Kashif Ali,110504,علا (مدير الإنتاج),,68.0,
1020,2026-02-03,قيد يدوي رقم 1020 - أنشئ بواسطة Kashif Ali,5214,مصاريف أخرى,5.5,,
1020,2026-02-03,قيد يدوي رقم 1020 - أنشئ بواسطة Kashif Ali,110101,النقدية في الخزينة,,5.5,
1010,2026-02-04,قيد يدوي رقم 1010 - أنشئ بواسطة Kashif Ali,5225,مصاريف وقود الموظف,93.0,,
1010,2026-02-04,قيد يدوي رقم 1010 - أنشئ بواسطة Kashif Ali,110101,النقدية في الخزينة,,93.0,
1012,2026-02-04,قيد يدوي رقم 1012 - أنشئ بواسطة Kashif Ali,5214,مصاريف أخرى,600.0,,
1012,2026-02-04,قيد يدوي رقم 1012 - أنشئ بواسطة Kashif Ali,110101,النقدية في الخزينة,,600.0,
1013,2026-02-04,قيد يدوي رقم 1013 - أنشئ بواسطة Kashif Ali,5206,تذاكر سفر,100.0,,
1013,2026-02-04,قيد يدوي رقم 1013 - أنشئ بواسطة Kashif Ali,110101,النقدية في الخزينة,,100.0,
1014,2026-02-04,قيد يدوي رقم 1014 - أنشئ بواسطة Kashif Ali,110102,عهدة سالم,29000.0,,
1014,2026-02-04,قيد يدوي رقم 1014 - أنشئ بواسطة Kashif Ali,4102,الايرادات من بيع السكراب,,29000.0,
1016,2026-02-04,قيد يدوي رقم 1016 - أنشئ بواسطة Kashif Ali,5216,مصاريف صيانه عامه بالمصنع,10.0,,
1016,2026-02-04,قيد يدوي رقم 1016 - أنشئ بواسطة Kashif Ali,110504,علا (مدير الإنتاج),,10.0,
1017,2026-02-04,قيد يدوي رقم 1017 - أنشئ بواسطة Kashif Ali,5224,نفقات غاز الأكسجين,125.0,,
1017,2026-02-04,قيد يدوي رقم 1017 - أنشئ بواسطة Kashif Ali,110504,علا (مدير الإنتاج),,125.0,
1018,2026-02-04,قيد يدوي رقم 1018 - أنشئ بواسطة Kashif Ali,5105,مصاريف وقود سيارات للموظفين,100.0,,
1018,2026-02-04,قيد يدوي رقم 1018 - أنشئ بواسطة Kashif Ali,110504,علا (مدير الإنتاج),,100.0,
1022,2026-02-04,قيد يدوي رقم 1022 - أنشئ بواسطة Kashif Ali,5225,مصاريف وقود الموظف,93.0,,
1022,2026-02-04,قيد يدوي رقم 1022 - أنشئ بواسطة Kashif Ali,110101,النقدية في الخزينة,,93.0,
1024,2026-02-04,قيد يدوي رقم 1024 - أنشئ بواسطة Kashif Ali,110101,النقدية في الخزينة,5000.0,,
1024,2026-02-04,قيد يدوي رقم 1024 - أنشئ بواسطة Kashif Ali,110102,عهدة سالم,,5000.0,
1011,2026-02-05,قيد يدوي رقم 1011 - أنشئ بواسطة Kashif Ali,5214,مصاريف أخرى,200.0,,
1011,2026-02-05,قيد يدوي رقم 1011 - أنشئ بواسطة Kashif Ali,110101,النقدية في الخزينة,,200.0,
1015,2026-02-05,قيد يدوي رقم 1015 - أنشئ بواسطة Kashif Ali,110102,عهدة سالم,,500.0,
1015,2026-02-05,قيد يدوي رقم 1015 - أنشئ بواسطة Kashif Ali,110504,علا (مدير الإنتاج),500.0,,
1019,2026-02-05,قيد يدوي رقم 1019 - أنشئ بواسطة Kashif Ali,1109,جرد مواد الخردة,453.5,,
1019,2026-02-05,قيد يدوي رقم 1019 - أنشئ بواسطة Kashif Ali,110504,علا (مدير الإنتاج),,453.5,
1021,2026-02-05,قيد يدوي رقم 1021 - أنشئ بواسطة Kashif Ali,2105,ضريبة القيمة المضافة المستحقة,10.5,,
1021,2026-02-05,قيد يدوي رقم 1021 - أنشئ بواسطة Kashif Ali,5226,صيانة مركبات الموظفين,70.0,,Invoice No 577 Al Wasam Traders
1021,2026-02-05,قيد يدوي رقم 1021 - أنشئ بواسطة Kashif Ali,110101,النقدية في الخزينة,,80.5,
1026,2026-02-05,قيد يدوي رقم 1026 - أنشئ بواسطة Kashif Ali,5226,صيانة مركبات الموظفين,287.0,,
1026,2026-02-05,قيد يدوي رقم 1026 - أنشئ بواسطة Kashif Ali,2105,ضريبة القيمة المضافة المستحقة,43.05,,Invoiceno. 01008197\1210010001 Sonnaa Alreyada Al arbia Co
1026,2026-02-05,قيد يدوي رقم 1026 - أنشئ بواسطة Kashif Ali,110101,النقدية في الخزينة,,330.05,
1027,2026-02-05,قيد يدوي رقم 1027 - أنشئ بواسطة Kashif Ali,5226,صيانة مركبات الموظفين,20.0,,
1027,2026-02-05,قيد يدوي رقم 1027 - أنشئ بواسطة Kashif Ali,110101,النقدية في الخزينة,,20.0,
1028,2026-02-05,قيد يدوي رقم 1028 - أنشئ بواسطة Kashif Ali,5226,صيانة مركبات الموظفين,300.0,,
1028,2026-02-05,قيد يدوي رقم 1028 - أنشئ بواسطة Kashif Ali,110101,النقدية في الخزينة,,300.0,
1029,2026-02-05,قيد يدوي رقم 1029 - أنشئ بواسطة Kashif Ali,5226,صيانة مركبات الموظفين,35.0,,
1029,2026-02-05,قيد يدوي رقم 1029 - أنشئ بواسطة Kashif Ali,110101,النقدية في الخزينة,,35.0,
1030,2026-02-05,قيد يدوي رقم 1030 - أنشئ بواسطة Kashif Ali,5226,صيانة مركبات الموظفين,70.0,,
1030,2026-02-05,قيد يدوي رقم 1030 - أنشئ بواسطة Kashif Ali,110101,النقدية في الخزينة,,70.0,
1032,2026-02-07,قيد يدوي رقم 1032 - أنشئ بواسطة Kashif Ali,5225,مصاريف وقود الموظف,106.0,,
1032,2026-02-07,قيد يدوي رقم 1032 - أنشئ بواسطة Kashif Ali,110101,النقدية في الخزينة,,106.0,
1025,2026-02-08,قيد يدوي رقم 1025 - أنشئ بواسطة Kashif Ali,110504,علا (مدير الإنتاج),2000.0,,
1025,2026-02-08,قيد يدوي رقم 1025 - أنشئ بواسطة Kashif Ali,110101,النقدية في الخزينة,,2000.0,
1031,2026-02-08,قيد يدوي رقم 1031 - أنشئ بواسطة Kashif Ali,5225,مصاريف وقود الموظف,106.0,,
1031,2026-02-08,قيد يدوي رقم 1031 - أنشئ بواسطة Kashif Ali,110101,النقدية في الخزينة,,106.0,
1033,2026-02-08,قيد يدوي رقم 1033 - أنشئ بواسطة Kashif Ali,5222,رسوم تجديد اقامات ونقل موظفين,1250.0,,
1033,2026-02-08,قيد يدوي رقم 1033 - أنشئ بواسطة Kashif Ali,110101,النقدية في الخزينة,,1250.0,
1034,2026-02-08,قيد يدوي رقم 1034 - أنشئ بواسطة Kashif Ali,5214,مصاريف أخرى,285.0,,
1034,2026-02-08,قيد يدوي رقم 1034 - أنشئ بواسطة Kashif Ali,110101,النقدية في الخزينة,,285.0,
1039,2026-02-08,قيد يدوي رقم 1039 - أنشئ بواسطة Kashif Ali,5105,مصاريف وقود سيارات للموظفين,50.0,,
1039,2026-02-08,قيد يدوي رقم 1039 - أنشئ بواسطة Kashif Ali,110504,علا (مدير الإنتاج),,50.0,
1040,2026-02-08,قيد يدوي رقم 1040 - أنشئ بواسطة Kashif Ali,5225,مصاريف وقود الموظف,70.0,,
1040,2026-02-08,قيد يدوي رقم 1040 - أنشئ بواسطة Kashif Ali,110504,علا (مدير الإنتاج),,70.0,
1041,2026-02-08,قيد يدوي رقم 1041 - أنشئ بواسطة Kashif Ali,5216,مصاريف صيانه عامه بالمصنع,105.8,,
1041,2026-02-08,قيد يدوي رقم 1041 - أنشئ بواسطة Kashif Ali,110504,علا (مدير الإنتاج),,105.8,
1042,2026-02-08,قيد يدوي رقم 1042 - أنشئ بواسطة Kashif Ali,5216,مصاريف صيانه عامه بالمصنع,121.03,,
1042,2026-02-08,قيد يدوي رقم 1042 - أنشئ بواسطة Kashif Ali,110504,علا (مدير الإنتاج),,121.03,
1023,2026-02-09,قيد يدوي رقم 1023 - أنشئ بواسطة Kashif Ali,110102,عهدة سالم,19700.0,,
1023,2026-02-09,قيد يدوي رقم 1023 - أنشئ بواسطة Kashif Ali,4102,الايرادات من بيع السكراب,,19700.0,
1035,2026-02-09,قيد يدوي رقم 1035 - أنشئ بواسطة Kashif Ali,110101,النقدية في الخزينة,5000.0,,
1035,2026-02-09,قيد يدوي رقم 1035 - أنشئ بواسطة Kashif Ali,110102,عهدة سالم,,5000.0,
1036,2026-02-09,قيد يدوي رقم 1036 - أنشئ بواسطة Kashif Ali,5216,مصاريف صيانه عامه بالمصنع,587.0,,
1036,2026-02-09,قيد يدوي رقم 1036 - أنشئ بواسطة Kashif Ali,110101,النقدية في الخزينة,,587.0,
1037,2026-02-09,قيد يدوي رقم 1037 - أنشئ بواسطة Kashif Ali,110102,عهدة سالم,,2600.0,
1037,2026-02-09,قيد يدوي رقم 1037 - أنشئ بواسطة Kashif Ali,1107,شركة يسم للتجارة,2600.0,,
1038,2026-02-09,قيد يدوي رقم 1038 - أنشئ بواسطة Kashif Ali,5214,مصاريف أخرى,3250.0,,
1038,2026-02-09,قيد يدوي رقم 1038 - أنشئ بواسطة Kashif Ali,110102,عهدة سالم,,3250.0,
1043,2026-02-09,قيد يدوي رقم 1043 - أنشئ بواسطة Kashif Ali,5224,نفقات غاز الأكسجين,52.46,,
1043,2026-02-09,قيد يدوي رقم 1043 - أنشئ بواسطة Kashif Ali,110504,علا (مدير الإنتاج),,52.46,
1044,2026-02-09,قيد يدوي رقم 1044 - أنشئ بواسطة Kashif Ali,5216,مصاريف صيانه عامه بالمصنع,15.58,,
1044,2026-02-09,قيد يدوي رقم 1044 - أنشئ بواسطة Kashif Ali,110504,علا (مدير الإنتاج),,15.58,
1064,2026-02-09,قيد يدوي رقم 1064 - أنشئ بواسطة Kashif Ali,5214,مصاريف أخرى,10000.0,,
1064,2026-02-09,قيد يدوي رقم 1064 - أنشئ بواسطة Kashif Ali,110102,عهدة سالم,,10000.0,
1056,2026-02-10,قيد يدوي رقم 1056 - أنشئ بواسطة Kashif Ali,5216,مصاريف صيانه عامه بالمصنع,100.0,,
1056,2026-02-10,قيد يدوي رقم 1056 - أنشئ بواسطة Kashif Ali,110101,النقدية في الخزينة,,100.0,
1045,2026-02-11,قيد يدوي رقم 1045 - أنشئ بواسطة Kashif Ali,5216,مصاريف صيانه عامه بالمصنع,798.0,,
1045,2026-02-11,قيد يدوي رقم 1045 - أنشئ بواسطة Kashif Ali,110504,علا (مدير الإنتاج),,798.0,
1046,2026-02-11,قيد يدوي رقم 1046 - أنشئ بواسطة Kashif Ali,1109,جرد مواد الخردة,300.0,,
1046,2026-02-11,قيد يدوي رقم 1046 - أنشئ بواسطة Kashif Ali,110504,علا (مدير الإنتاج),,300.0,
1047,2026-02-11,قيد يدوي رقم 1047 - أنشئ بواسطة Kashif Ali,1109,جرد مواد الخردة,110.0,,
1047,2026-02-11,قيد يدوي رقم 1047 - أنشئ بواسطة Kashif Ali,110504,علا (مدير الإنتاج),,110.0,
1048,2026-02-11,قيد يدوي رقم 1048 - أنشئ بواسطة Kashif Ali,5225,مصاريف وقود الموظف,93.0,,
1048,2026-02-11,قيد يدوي رقم 1048 - أنشئ بواسطة Kashif Ali,110101,النقدية في الخزينة,,93.0,
1049,2026-02-11,قيد يدوي رقم 1049 - أنشئ بواسطة Kashif Ali,5206,تذاكر سفر,43.0,,
1049,2026-02-11,قيد يدوي رقم 1049 - أنشئ بواسطة Kashif Ali,110101,النقدية في الخزينة,,43.0,
1051,2026-02-11,قيد يدوي رقم 1051 - أنشئ بواسطة Kashif Ali,5214,مصاريف أخرى,100.0,,
1051,2026-02-11,قيد يدوي رقم 1051 - أنشئ بواسطة Kashif Ali,110101,النقدية في الخزينة,,100.0,
1052,2026-02-11,قيد يدوي رقم 1052 - أنشئ بواسطة Kashif Ali,5216,مصاريف صيانه عامه بالمصنع,455.65,,
1052,2026-02-11,قيد يدوي رقم 1052 - أنشئ بواسطة Kashif Ali,2105,ضريبة القيمة المضافة المستحقة,68.35,,Invoice No. 2259 safa yunbu Est.
1052,2026-02-11,قيد يدوي رقم 1052 - أنشئ بواسطة Kashif Ali,110101,النقدية في الخزينة,,524.0,
1053,2026-02-11,قيد يدوي رقم 1053 - أنشئ بواسطة Kashif Ali,5216,مصاريف صيانه عامه بالمصنع,20.0,,
1053,2026-02-11,قيد يدوي رقم 1053 - أنشئ بواسطة Kashif Ali,110101,النقدية في الخزينة,,20.0,
1054,2026-02-11,قيد يدوي رقم 1054 - أنشئ بواسطة Kashif Ali,5216,مصاريف صيانه عامه بالمصنع,112.0,,
1054,2026-02-11,قيد يدوي رقم 1054 - أنشئ بواسطة Kashif Ali,2105,ضريبة القيمة المضافة المستحقة,16.8,,Invoice No. 145235 Al Bizaily Rayan Khalid Aiza Al Bizaily
1054,2026-02-11,قيد يدوي رقم 1054 - أنشئ بواسطة Kashif Ali,110101,النقدية في الخزينة,,128.8,
1055,2026-02-11,قيد يدوي رقم 1055 - أنشئ بواسطة Kashif Ali,5216,مصاريف صيانه عامه بالمصنع,100.0,,
1055,2026-02-11,قيد يدوي رقم 1055 - أنشئ بواسطة Kashif Ali,2105,ضريبة القيمة المضافة المستحقة,15.0,,Invoice No. 4354 Rawayie Yanbu Est.
1055,2026-02-11,قيد يدوي رقم 1055 - أنشئ بواسطة Kashif Ali,110101,النقدية في الخزينة,,115.0,
1050,2026-02-12,قيد يدوي رقم 1050 - أنشئ بواسطة Kashif Ali,5105,مصاريف وقود سيارات للموظفين,640.0,,
1050,2026-02-12,قيد يدوي رقم 1050 - أنشئ بواسطة Kashif Ali,110101,النقدية في الخزينة,,640.0,
1057,2026-02-12,قيد يدوي رقم 1057 - أنشئ بواسطة Kashif Ali,5225,مصاريف وقود الموظف,100.0,,
1057,2026-02-12,قيد يدوي رقم 1057 - أنشئ بواسطة Kashif Ali,110101,النقدية في الخزينة,,100.0,
1058,2026-02-12,قيد يدوي رقم 1058 - أنشئ بواسطة Kashif Ali,5216,مصاريف صيانه عامه بالمصنع,160.0,,
1058,2026-02-12,قيد يدوي رقم 1058 - أنشئ بواسطة Kashif Ali,110101,النقدية في الخزينة,,160.0,
1072,2026-02-12,قيد يدوي رقم 1072 - أنشئ بواسطة Kashif Ali,5216,مصاريف صيانه عامه بالمصنع,1350.0,,
1072,2026-02-12,قيد يدوي رقم 1072 - أنشئ بواسطة Kashif Ali,110101,النقدية في الخزينة,,1350.0,
1083,2026-02-14,قيد يدوي رقم 1083 - أنشئ بواسطة Kashif Ali,5225,مصاريف وقود الموظف,50.0,,
1083,2026-02-14,قيد يدوي رقم 1083 - أنشئ بواسطة Kashif Ali,110504,علا (مدير الإنتاج),,50.0,
1061,2026-02-15,قيد يدوي رقم 1061 - أنشئ بواسطة Kashif Ali,110101,النقدية في الخزينة,5000.0,,
1061,2026-02-15,قيد يدوي رقم 1061 - أنشئ بواسطة Kashif Ali,110102,عهدة سالم,,5000.0,
1062,2026-02-15,قيد يدوي رقم 1062 - أنشئ بواسطة Kashif Ali,5214,مصاريف أخرى,9600.0,,
1062,2026-02-15,قيد يدوي رقم 1062 - أنشئ بواسطة Kashif Ali,110102,عهدة سالم,,9600.0,
1081,2026-02-15,قيد يدوي رقم 1081 - أنشئ بواسطة Kashif Ali,5105,مصاريف وقود سيارات للموظفين,100.0,,
1081,2026-02-15,قيد يدوي رقم 1081 - أنشئ بواسطة Kashif Ali,110504,علا (مدير الإنتاج),,100.0,
1082,2026-02-15,قيد يدوي رقم 1082 - أنشئ بواسطة Kashif Ali,5105,مصاريف وقود سيارات للموظفين,80.0,,
1082,2026-02-15,قيد يدوي رقم 1082 - أنشئ بواسطة Kashif Ali,110504,علا (مدير الإنتاج),,80.0,
1059,2026-02-16,قيد يدوي رقم 1059 - أنشئ بواسطة Kashif Ali,1109,جرد مواد الخردة,20000.0,,
1059,2026-02-16,قيد يدوي رقم 1059 - أنشئ بواسطة Kashif Ali,1107,شركة يسم للتجارة,,20000.0,
1063,2026-02-16,قيد يدوي رقم 1063 - أنشئ بواسطة Kashif Ali,110504,علا (مدير الإنتاج),5000.0,,
1063,2026-02-16,قيد يدوي رقم 1063 - أنشئ بواسطة Kashif Ali,110102,عهدة سالم,,5000.0,
1065,2026-02-16,قيد يدوي رقم 1065 - أنشئ بواسطة Kashif Ali,110102,عهدة سالم,47200.0,,
1065,2026-02-16,قيد يدوي رقم 1065 - أنشئ بواسطة Kashif Ali,4102,الايرادات من بيع السكراب,,47200.0,
1060,2026-02-17,قيد يدوي رقم 1060 - أنشئ بواسطة Kashif Ali,1109,جرد مواد الخردة,13000.0,,
1060,2026-02-17,قيد يدوي رقم 1060 - أنشئ بواسطة Kashif Ali,1107,شركة يسم للتجارة,,13000.0,
1066,2026-02-17,قيد يدوي رقم 1066 - أنشئ بواسطة Kashif Ali,1109,جرد مواد الخردة,2400.0,,
1066,2026-02-17,قيد يدوي رقم 1066 - أنشئ بواسطة Kashif Ali,110504,علا (مدير الإنتاج),,2400.0,
1067,2026-02-17,قيد يدوي رقم 1067 - أنشئ بواسطة Kashif Ali,5206,تذاكر سفر,85.0,,
1067,2026-02-17,قيد يدوي رقم 1067 - أنشئ بواسطة Kashif Ali,110504,علا (مدير الإنتاج),,85.0,
1068,2026-02-17,قيد يدوي رقم 1068 - أنشئ بواسطة Kashif Ali,5225,مصاريف وقود الموظف,100.0,,
1068,2026-02-17,قيد يدوي رقم 1068 - أنشئ بواسطة Kashif Ali,110504,علا (مدير الإنتاج),,100.0,
1069,2026-02-17,قيد يدوي رقم 1069 - أنشئ بواسطة Kashif Ali,1109,جرد مواد الخردة,1550.0,,
1069,2026-02-17,قيد يدوي رقم 1069 - أنشئ بواسطة Kashif Ali,110504,علا (مدير الإنتاج),,1550.0,
1070,2026-02-17,قيد يدوي رقم 1070 - أنشئ بواسطة Kashif Ali,5214,مصاريف أخرى,129.0,,
1070,2026-02-17,قيد يدوي رقم 1070 - أنشئ بواسطة Kashif Ali,110504,علا (مدير الإنتاج),,129.0,
1075,2026-02-17,قيد يدوي رقم 1075 - أنشئ بواسطة Kashif Ali,5206,تذاكر سفر,16.5,,
1075,2026-02-17,قيد يدوي رقم 1075 - أنشئ بواسطة Kashif Ali,110101,النقدية في الخزينة,,16.5,
1077,2026-02-17,قيد يدوي رقم 1077 - أنشئ بواسطة Kashif Ali,5226,صيانة مركبات الموظفين,120.0,,
1077,2026-02-17,قيد يدوي رقم 1077 - أنشئ بواسطة Kashif Ali,110101,النقدية في الخزينة,,120.0,
1079,2026-02-17,قيد يدوي رقم 1079 - أنشئ بواسطة Kashif Ali,5206,تذاكر سفر,350.0,,
1079,2026-02-17,قيد يدوي رقم 1079 - أنشئ بواسطة Kashif Ali,110101,النقدية في الخزينة,,350.0,
1071,2026-02-18,قيد يدوي رقم 1071 - أنشئ بواسطة Kashif Ali,5217,مصاريف مياه وكهرباء,752.0,,
1071,2026-02-18,قيد يدوي رقم 1071 - أنشئ بواسطة Kashif Ali,110101,النقدية في الخزينة,,752.0,
1073,2026-02-18,قيد يدوي رقم 1073 - أنشئ بواسطة Kashif Ali,1109,جرد مواد الخردة,140.0,,
1073,2026-02-18,قيد يدوي رقم 1073 - أنشئ بواسطة Kashif Ali,110101,النقدية في الخزينة,,140.0,
1074,2026-02-18,قيد يدوي رقم 1074 - أنشئ بواسطة Kashif Ali,5225,مصاريف وقود الموظف,150.0,,
1074,2026-02-18,قيد يدوي رقم 1074 - أنشئ بواسطة Kashif Ali,110101,النقدية في الخزينة,,150.0,
1076,2026-02-18,قيد يدوي رقم 1076 - أنشئ بواسطة Kashif Ali,5225,مصاريف وقود الموظف,238.0,,
1076,2026-02-18,قيد يدوي رقم 1076 - أنشئ بواسطة Kashif Ali,110101,النقدية في الخزينة,,238.0,
1078,2026-02-19,قيد يدوي رقم 1078 - أنشئ بواسطة Kashif Ali,5223,نفقات الإنترنت,402.5,,
1078,2026-02-19,قيد يدوي رقم 1078 - أنشئ بواسطة Kashif Ali,110101,النقدية في الخزينة,,402.5,
1080,2026-02-19,قيد يدوي رقم 1080 - أنشئ بواسطة Kashif Ali,5225,مصاريف وقود الموظف,50.0,,
1080,2026-02-19,قيد يدوي رقم 1080 - أنشئ بواسطة Kashif Ali,110504,علا (مدير الإنتاج),,50.0,
1085,2026-02-19,قيد يدوي رقم 1085 - أنشئ بواسطة Kashif Ali,110101,النقدية في الخزينة,5000.0,,
1085,2026-02-19,قيد يدوي رقم 1085 - أنشئ بواسطة Kashif Ali,110102,عهدة سالم,,5000.0,
1086,2026-02-19,قيد يدوي رقم 1086 - أنشئ بواسطة Kashif Ali,5211,مصاريف مكتبية ومطبوعات,35.0,,
1086,2026-02-19,قيد يدوي رقم 1086 - أنشئ بواسطة Kashif Ali,110101,النقدية في الخزينة,,35.0,
1101,2026-02-19,قيد يدوي رقم 1101 - أنشئ بواسطة Kashif Ali,5214,مصاريف أخرى,500.0,,
1101,2026-02-19,قيد يدوي رقم 1101 - أنشئ بواسطة Kashif Ali,110101,النقدية في الخزينة,,500.0,
1105,2026-02-20,قيد يدوي رقم 1105 - أنشئ بواسطة Kashif Ali,110102,عهدة سالم,,13000.0,
1105,2026-02-20,قيد يدوي رقم 1105 - أنشئ بواسطة Kashif Ali,110102,عهدة سالم,,20000.0,
1105,2026-02-20,قيد يدوي رقم 1105 - أنشئ بواسطة Kashif Ali,1107,شركة يسم للتجارة,13000.0,,
1105,2026-02-20,قيد يدوي رقم 1105 - أنشئ بواسطة Kashif Ali,1107,شركة يسم للتجارة,20000.0,,
1097,2026-02-21,قيد يدوي رقم 1097 - أنشئ بواسطة Kashif Ali,120103,المعدات,449.0,,Washing Machine
1097,2026-02-21,قيد يدوي رقم 1097 - أنشئ بواسطة Kashif Ali,120103,المعدات,752.0,,Fridge
1097,2026-02-21,قيد يدوي رقم 1097 - أنشئ بواسطة Kashif Ali,110101,النقدية في الخزينة,,1201.0,
1102,2026-02-21,قيد يدوي رقم 1102 - أنشئ بواسطة Kashif Ali,5217,مصاريف مياه وكهرباء,240.0,,
1102,2026-02-21,قيد يدوي رقم 1102 - أنشئ بواسطة Kashif Ali,110101,النقدية في الخزينة,,240.0,
1107,2026-02-21,قيد يدوي رقم 1107 - أنشئ بواسطة Kashif Ali,5208,الرسوم الحكومية,2287.0,,
1107,2026-02-21,قيد يدوي رقم 1107 - أنشئ بواسطة Kashif Ali,1107,شركة يسم للتجارة,,2287.0,
1115,2026-02-21,قيد يدوي رقم 1115 - أنشئ بواسطة Kashif Ali,5226,صيانة مركبات الموظفين,30.0,,
1115,2026-02-21,قيد يدوي رقم 1115 - أنشئ بواسطة Kashif Ali,110101,النقدية في الخزينة,,30.0,
1116,2026-02-21,قيد يدوي رقم 1116 - أنشئ بواسطة Kashif Ali,5225,مصاريف وقود الموظف,86.0,,
1116,2026-02-21,قيد يدوي رقم 1116 - أنشئ بواسطة Kashif Ali,110101,النقدية في الخزينة,,86.0,
1121,2026-02-21,قيد يدوي رقم 1121 - أنشئ بواسطة Kashif Ali,5226,صيانة مركبات الموظفين,110.0,,
1121,2026-02-21,قيد يدوي رقم 1121 - أنشئ بواسطة Kashif Ali,110101,النقدية في الخزينة,,110.0,
1094,2026-02-22,قيد يدوي رقم 1094 - أنشئ بواسطة Kashif Ali,5216,مصاريف صيانه عامه بالمصنع,258.75,,
1094,2026-02-22,قيد يدوي رقم 1094 - أنشئ بواسطة Kashif Ali,5216,مصاريف صيانه عامه بالمصنع,23.0,,
1094,2026-02-22,قيد يدوي رقم 1094 - أنشئ بواسطة Kashif Ali,110101,النقدية في الخزينة,,281.75,
1098,2026-02-22,قيد يدوي رقم 1098 - أنشئ بواسطة Kashif Ali,5214,مصاريف أخرى,597.0,,
1098,2026-02-22,قيد يدوي رقم 1098 - أنشئ بواسطة Kashif Ali,110101,النقدية في الخزينة,,597.0,
1099,2026-02-22,قيد يدوي رقم 1099 - أنشئ بواسطة Kashif Ali,5217,مصاريف مياه وكهرباء,680.0,,
1099,2026-02-22,قيد يدوي رقم 1099 - أنشئ بواسطة Kashif Ali,110101,النقدية في الخزينة,,680.0,
1106,2026-02-23,قيد يدوي رقم 1106 - أنشئ بواسطة Kashif Ali,5229,تأمين المركبات,4187.27,,
1106,2026-02-23,قيد يدوي رقم 1106 - أنشئ بواسطة Kashif Ali,1107,شركة يسم للتجارة,,4187.27,
1113,2026-02-23,قيد يدوي رقم 1113 - أنشئ بواسطة Kashif Ali,5225,مصاريف وقود الموظف,50.0,,
1113,2026-02-23,قيد يدوي رقم 1113 - أنشئ بواسطة Kashif Ali,110101,النقدية في الخزينة,,50.0,
1095,2026-02-24,قيد يدوي رقم 1095 - أنشئ بواسطة Kashif Ali,1109,جرد مواد الخردة,1000.0,,
1095,2026-02-24,قيد يدوي رقم 1095 - أنشئ بواسطة Kashif Ali,110101,النقدية في الخزينة,,1000.0,
1096,2026-02-24,قيد يدوي رقم 1096 - أنشئ بواسطة Kashif Ali,5225,مصاريف وقود الموظف,50.0,,
1096,2026-02-24,قيد يدوي رقم 1096 - أنشئ بواسطة Kashif Ali,110102,عهدة سالم,,50.0,
1100,2026-02-24,قيد يدوي رقم 1100 - أنشئ بواسطة Kashif Ali,5225,مصاريف وقود الموظف,100.0,,
1100,2026-02-24,قيد يدوي رقم 1100 - أنشئ بواسطة Kashif Ali,110101,النقدية في الخزينة,,100.0,
1108,2026-02-24,قيد يدوي رقم 1108 - أنشئ بواسطة Kashif Ali,5208,الرسوم الحكومية,1265.0,,
1108,2026-02-24,قيد يدوي رقم 1108 - أنشئ بواسطة Kashif Ali,1107,شركة يسم للتجارة,,1265.0,
1112,2026-02-24,قيد يدوي رقم 1112 - أنشئ بواسطة Kashif Ali,110101,النقدية في الخزينة,6000.0,,
1112,2026-02-24,قيد يدوي رقم 1112 - أنشئ بواسطة Kashif Ali,110102,عهدة سالم,,6000.0,
1122,2026-02-24,قيد يدوي رقم 1122 - أنشئ بواسطة Kashif Ali,5216,مصاريف صيانه عامه بالمصنع,90.0,,
1122,2026-02-24,قيد يدوي رقم 1122 - أنشئ بواسطة Kashif Ali,2105,ضريبة القيمة المضافة المستحقة,13.5,,Invoice No. 04032 Saleh Awaid Al Otaibi 
1122,2026-02-24,قيد يدوي رقم 1122 - أنشئ بواسطة Kashif Ali,110101,النقدية في الخزينة,,103.5,
1123,2026-02-24,قيد يدوي رقم 1123 - أنشئ بواسطة Kashif Ali,5216,مصاريف صيانه عامه بالمصنع,3566.0,,
1123,2026-02-24,قيد يدوي رقم 1123 - أنشئ بواسطة Kashif Ali,2105,ضريبة القيمة المضافة المستحقة,534.9,,Invoice No. ACC-SINV-2026-00043 Abdullah Ahmed Abdullah Ali Al Zehrani Al Tijara
1123,2026-02-24,قيد يدوي رقم 1123 - أنشئ بواسطة Kashif Ali,110101,النقدية في الخزينة,,4100.9,
1124,2026-02-24,قيد يدوي رقم 1124 - أنشئ بواسطة Kashif Ali,5216,مصاريف صيانه عامه بالمصنع,34.78,,
1124,2026-02-24,قيد يدوي رقم 1124 - أنشئ بواسطة Kashif Ali,2105,ضريبة القيمة المضافة المستحقة,5.22,,Invoice No ACC-PSINV-2026-00736 ACM.CO LTD
1124,2026-02-24,قيد يدوي رقم 1124 - أنشئ بواسطة Kashif Ali,110101,النقدية في الخزينة,,40.0,
1125,2026-02-24,قيد يدوي رقم 1125 - أنشئ بواسطة Kashif Ali,5216,مصاريف صيانه عامه بالمصنع,117.4,,
1125,2026-02-24,قيد يدوي رقم 1125 - أنشئ بواسطة Kashif Ali,2105,ضريبة القيمة المضافة المستحقة,17.61,,Invoice No.631 NAFT ARBIA TRADING COMPANY
1125,2026-02-24,قيد يدوي رقم 1125 - أنشئ بواسطة Kashif Ali,110101,النقدية في الخزينة,,135.01,
1126,2026-02-24,قيد يدوي رقم 1126 - أنشئ بواسطة Kashif Ali,5216,مصاريف صيانه عامه بالمصنع,1435.22,,
1126,2026-02-24,قيد يدوي رقم 1126 - أنشئ بواسطة Kashif Ali,110101,النقدية في الخزينة,,1650.44,
1126,2026-02-24,قيد يدوي رقم 1126 - أنشئ بواسطة Kashif Ali,2105,ضريبة القيمة المضافة المستحقة,215.22,,Invoice No. 630 Naft Arbia Trading company 
1127,2026-02-24,قيد يدوي رقم 1127 - أنشئ بواسطة Kashif Ali,5226,صيانة مركبات الموظفين,10.0,,
1127,2026-02-24,قيد يدوي رقم 1127 - أنشئ بواسطة Kashif Ali,110101,النقدية في الخزينة,,10.0,
1109,2026-02-25,قيد يدوي رقم 1109 - أنشئ بواسطة Kashif Ali,5217,مصاريف مياه وكهرباء,811.02,,
1109,2026-02-25,قيد يدوي رقم 1109 - أنشئ بواسطة Kashif Ali,1107,شركة يسم للتجارة,,811.02,
1110,2026-02-25,قيد يدوي رقم 1110 - أنشئ بواسطة Kashif Ali,2103,الرواتب المستحقة,1000.0,,Islam
1110,2026-02-25,قيد يدوي رقم 1110 - أنشئ بواسطة Kashif Ali,2103,الرواتب المستحقة,4500.0,,Kashif
1110,2026-02-25,قيد يدوي رقم 1110 - أنشئ بواسطة Kashif Ali,2103,الرواتب المستحقة,5000.0,,
1110,2026-02-25,قيد يدوي رقم 1110 - أنشئ بواسطة Kashif Ali,2103,الرواتب المستحقة,2300.0,,
1110,2026-02-25,قيد يدوي رقم 1110 - أنشئ بواسطة Kashif Ali,2103,الرواتب المستحقة,2000.0,,
1110,2026-02-25,قيد يدوي رقم 1110 - أنشئ بواسطة Kashif Ali,2103,الرواتب المستحقة,4000.0,,
1110,2026-02-25,قيد يدوي رقم 1110 - أنشئ بواسطة Kashif Ali,2103,الرواتب المستحقة,2000.0,,
1110,2026-02-25,قيد يدوي رقم 1110 - أنشئ بواسطة Kashif Ali,1107,شركة يسم للتجارة,,1000.0,
1110,2026-02-25,قيد يدوي رقم 1110 - أنشئ بواسطة Kashif Ali,1107,شركة يسم للتجارة,,19800.0,
1111,2026-02-25,قيد يدوي رقم 1111 - أنشئ بواسطة Kashif Ali,1107,شركة يسم للتجارة,20000.0,,
1111,2026-02-25,قيد يدوي رقم 1111 - أنشئ بواسطة Kashif Ali,110102,عهدة سالم,,20000.0,
1117,2026-02-25,قيد يدوي رقم 1117 - أنشئ بواسطة Kashif Ali,5216,مصاريف صيانه عامه بالمصنع,550.0,,
1117,2026-02-25,قيد يدوي رقم 1117 - أنشئ بواسطة Kashif Ali,110101,النقدية في الخزينة,,550.0,
1118,2026-02-25,قيد يدوي رقم 1118 - أنشئ بواسطة Kashif Ali,5225,مصاريف وقود الموظف,71.05,,
1118,2026-02-25,قيد يدوي رقم 1118 - أنشئ بواسطة Kashif Ali,110101,النقدية في الخزينة,,71.05,
1119,2026-02-25,قيد يدوي رقم 1119 - أنشئ بواسطة Kashif Ali,5224,نفقات غاز الأكسجين,52.46,,
1119,2026-02-25,قيد يدوي رقم 1119 - أنشئ بواسطة Kashif Ali,110101,النقدية في الخزينة,,52.46,
1114,2026-02-26,قيد يدوي رقم 1114 - أنشئ بواسطة Kashif Ali,110101,النقدية في الخزينة,5000.0,,
1114,2026-02-26,قيد يدوي رقم 1114 - أنشئ بواسطة Kashif Ali,110102,عهدة سالم,,5000.0,
1120,2026-02-26,قيد يدوي رقم 1120 - أنشئ بواسطة Kashif Ali,5225,مصاريف وقود الموظف,85.02,,
1120,2026-02-26,قيد يدوي رقم 1120 - أنشئ بواسطة Kashif Ali,110101,النقدية في الخزينة,,85.02,
1128,2026-02-26,قيد يدوي رقم 1128 - أنشئ بواسطة Kashif Ali,5226,صيانة مركبات الموظفين,1700.0,,
1128,2026-02-26,قيد يدوي رقم 1128 - أنشئ بواسطة Kashif Ali,110101,النقدية في الخزينة,,1700.0,
1129,2026-02-26,قيد يدوي رقم 1129 - أنشئ بواسطة Kashif Ali,5216,مصاريف صيانه عامه بالمصنع,2300.0,,
1129,2026-02-26,قيد يدوي رقم 1129 - أنشئ بواسطة Kashif Ali,110101,النقدية في الخزينة,,2300.0,
1131,2026-02-26,قيد يدوي رقم 1131 - أنشئ بواسطة Kashif Ali,5105,مصاريف وقود سيارات للموظفين,100.0,,
1131,2026-02-26,قيد يدوي رقم 1131 - أنشئ بواسطة Kashif Ali,110504,علا (مدير الإنتاج),,100.0,
1132,2026-02-26,قيد يدوي رقم 1132 - أنشئ بواسطة Kashif Ali,5216,مصاريف صيانه عامه بالمصنع,150.0,,
1132,2026-02-26,قيد يدوي رقم 1132 - أنشئ بواسطة Kashif Ali,110504,علا (مدير الإنتاج),,150.0,
1134,2026-02-26,قيد يدوي رقم 1134 - أنشئ بواسطة Kashif Ali,5214,مصاريف أخرى,70.0,,
1134,2026-02-26,قيد يدوي رقم 1134 - أنشئ بواسطة Kashif Ali,110101,النقدية في الخزينة,,70.0,
1140,2026-02-27,قيد يدوي رقم 1140 - أنشئ بواسطة Kashif Ali,5214,مصاريف أخرى,690.0,,
1140,2026-02-27,قيد يدوي رقم 1140 - أنشئ بواسطة Kashif Ali,110504,علا (مدير الإنتاج),,690.0,
1130,2026-02-28,قيد يدوي رقم 1130 - أنشئ بواسطة Kashif Ali,5206,تذاكر سفر,50.0,,
1130,2026-02-28,قيد يدوي رقم 1130 - أنشئ بواسطة Kashif Ali,110101,النقدية في الخزينة,,50.0,
1136,2026-02-28,قيد يدوي رقم 1136 - أنشئ بواسطة Kashif Ali,5105,مصاريف وقود سيارات للموظفين,100.0,,
1136,2026-02-28,قيد يدوي رقم 1136 - أنشئ بواسطة Kashif Ali,110504,علا (مدير الإنتاج),,100.0,
1139,2026-02-28,قيد يدوي رقم 1139 - أنشئ بواسطة Kashif Ali,5216,مصاريف صيانه عامه بالمصنع,150.0,,
1139,2026-02-28,قيد يدوي رقم 1139 - أنشئ بواسطة Kashif Ali,110504,علا (مدير الإنتاج),,150.0,
1148,2026-02-28,قيد يدوي رقم 1148 - أنشئ بواسطة Kashif Ali,5102,رواتب وأجور,51600.0,,
1148,2026-02-28,قيد يدوي رقم 1148 - أنشئ بواسطة Kashif Ali,2103,الرواتب المستحقة,,48700.0,
1148,2026-02-28,قيد يدوي رقم 1148 - أنشئ بواسطة Kashif Ali,110501,اشرف مروان الصايغ,,1000.0,
1148,2026-02-28,قيد يدوي رقم 1148 - أنشئ بواسطة Kashif Ali,110106,عهدة اسلام احمد,,1900.0,
1149,2026-02-28,قيد يدوي رقم 1149 - أنشئ بواسطة Kashif Ali,1109,جرد مواد الخردة,5000.0,,
1149,2026-02-28,قيد يدوي رقم 1149 - أنشئ بواسطة Kashif Ali,110104,عهدة اشرف الصايغ,,5000.0,
1176,2026-02-28,قيد يدوي رقم 1176 - أنشئ بواسطة Kashif Ali,5216,مصاريف صيانه عامه بالمصنع,500.0,,
1176,2026-02-28,قيد يدوي رقم 1176 - أنشئ بواسطة Kashif Ali,110102,عهدة سالم,,500.0,
1223,2026-02-28,قيد يدوي رقم 1223 - أنشئ بواسطة Kashif Ali,3202,جاري الشريك سالم بالحارث,29000.0,,
1223,2026-02-28,قيد يدوي رقم 1223 - أنشئ بواسطة Kashif Ali,110108,عهدة كاش عمران الشيخ,,29000.0,
1796,2026-02-28,قيد يدوي رقم 1796 - أنشئ بواسطة Kashif Ali,5108,تكلفة البضائع المباعة من خردة الحديد,48792.5,,
1796,2026-02-28,قيد يدوي رقم 1796 - أنشئ بواسطة Kashif Ali,1109,جرد مواد الخردة,,48792.5,
1133,2026-03-01,قيد يدوي رقم 1133 - أنشئ بواسطة Kashif Ali,110101,النقدية في الخزينة,5000.0,,
1133,2026-03-01,قيد يدوي رقم 1133 - أنشئ بواسطة Kashif Ali,110102,عهدة سالم,,5000.0,
1135,2026-03-01,قيد يدوي رقم 1135 - أنشئ بواسطة Kashif Ali,110101,النقدية في الخزينة,,500.0,
1135,2026-03-01,قيد يدوي رقم 1135 - أنشئ بواسطة Kashif Ali,110504,علا (مدير الإنتاج),500.0,,
1141,2026-03-01,قيد يدوي رقم 1141 - أنشئ بواسطة Kashif Ali,5225,مصاريف وقود الموظف,50.0,,
1141,2026-03-01,قيد يدوي رقم 1141 - أنشئ بواسطة Kashif Ali,110101,النقدية في الخزينة,,50.0,
1144,2026-03-01,قيد يدوي رقم 1144 - أنشئ بواسطة Kashif Ali,5214,مصاريف أخرى,3333.0,,
1144,2026-03-01,قيد يدوي رقم 1144 - أنشئ بواسطة Kashif Ali,110101,النقدية في الخزينة,,3333.0,
1147,2026-03-01,قيد يدوي رقم 1147 - أنشئ بواسطة Kashif Ali,2103,الرواتب المستحقة,27900.0,,
1147,2026-03-01,قيد يدوي رقم 1147 - أنشئ بواسطة Kashif Ali,1107,شركة يسم للتجارة,,27900.0,
1137,2026-03-02,قيد يدوي رقم 1137 - أنشئ بواسطة Kashif Ali,5105,مصاريف وقود سيارات للموظفين,100.0,,
1137,2026-03-02,قيد يدوي رقم 1137 - أنشئ بواسطة Kashif Ali,110504,علا (مدير الإنتاج),,100.0,
1138,2026-03-02,قيد يدوي رقم 1138 - أنشئ بواسطة Kashif Ali,5224,نفقات غاز الأكسجين,26.23,,
1138,2026-03-02,قيد يدوي رقم 1138 - أنشئ بواسطة Kashif Ali,110504,علا (مدير الإنتاج),,26.23,
1142,2026-03-02,قيد يدوي رقم 1142 - أنشئ بواسطة Kashif Ali,5225,مصاريف وقود الموظف,90.0,,
1142,2026-03-02,قيد يدوي رقم 1142 - أنشئ بواسطة Kashif Ali,110101,النقدية في الخزينة,,90.0,
1143,2026-03-02,قيد يدوي رقم 1143 - أنشئ بواسطة Kashif Ali,5214,مصاريف أخرى,8.0,,
1143,2026-03-02,قيد يدوي رقم 1143 - أنشئ بواسطة Kashif Ali,110504,علا (مدير الإنتاج),,8.0,
1145,2026-03-02,قيد يدوي رقم 1145 - أنشئ بواسطة Kashif Ali,110504,علا (مدير الإنتاج),1000.0,,
1145,2026-03-02,قيد يدوي رقم 1145 - أنشئ بواسطة Kashif Ali,110101,النقدية في الخزينة,,1000.0,
1158,2026-03-02,قيد يدوي رقم 1158 - أنشئ بواسطة Kashif Ali,5105,مصاريف وقود سيارات للموظفين,100.0,,
1158,2026-03-02,قيد يدوي رقم 1158 - أنشئ بواسطة Kashif Ali,110504,علا (مدير الإنتاج),,100.0,
1159,2026-03-02,قيد يدوي رقم 1159 - أنشئ بواسطة Kashif Ali,5225,مصاريف وقود الموظف,85.0,,
1159,2026-03-02,قيد يدوي رقم 1159 - أنشئ بواسطة Kashif Ali,110504,علا (مدير الإنتاج),,85.0,
1146,2026-03-03,قيد يدوي رقم 1146 - أنشئ بواسطة Kashif Ali,5214,مصاريف أخرى,200.0,,
1146,2026-03-03,قيد يدوي رقم 1146 - أنشئ بواسطة Kashif Ali,110101,النقدية في الخزينة,,200.0,
1155,2026-03-03,قيد يدوي رقم 1155 - أنشئ بواسطة Kashif Ali,5105,مصاريف وقود سيارات للموظفين,100.0,,
1155,2026-03-03,قيد يدوي رقم 1155 - أنشئ بواسطة Kashif Ali,110504,علا (مدير الإنتاج),,100.0,
1156,2026-03-03,قيد يدوي رقم 1156 - أنشئ بواسطة Kashif Ali,5224,نفقات غاز الأكسجين,160.0,,
1156,2026-03-03,قيد يدوي رقم 1156 - أنشئ بواسطة Kashif Ali,110504,علا (مدير الإنتاج),,160.0,
1160,2026-03-03,قيد يدوي رقم 1160 - أنشئ بواسطة Kashif Ali,5224,نفقات غاز الأكسجين,52.0,,
1160,2026-03-03,قيد يدوي رقم 1160 - أنشئ بواسطة Kashif Ali,110504,علا (مدير الإنتاج),,52.0,
1150,2026-03-04,قيد يدوي رقم 1150 - أنشئ بواسطة Kashif Ali,110513,عامر سليمان محمد,300.0,,
1150,2026-03-04,قيد يدوي رقم 1150 - أنشئ بواسطة Kashif Ali,110101,النقدية في الخزينة,,300.0,
1151,2026-03-05,قيد يدوي رقم 1151 - أنشئ بواسطة Kashif Ali,110504,علا (مدير الإنتاج),1500.0,,
1151,2026-03-05,قيد يدوي رقم 1151 - أنشئ بواسطة Kashif Ali,110101,النقدية في الخزينة,,1500.0,
1152,2026-03-05,قيد يدوي رقم 1152 - أنشئ بواسطة Kashif Ali,110102,عهدة سالم,28050.0,,
1152,2026-03-05,قيد يدوي رقم 1152 - أنشئ بواسطة Kashif Ali,4102,الايرادات من بيع السكراب,,28050.0,
1153,2026-03-05,قيد يدوي رقم 1153 - أنشئ بواسطة Kashif Ali,110504,علا (مدير الإنتاج),1500.0,,
1153,2026-03-05,قيد يدوي رقم 1153 - أنشئ بواسطة Kashif Ali,110101,النقدية في الخزينة,,1500.0,
1161,2026-03-05,قيد يدوي رقم 1161 - أنشئ بواسطة Kashif Ali,5216,مصاريف صيانه عامه بالمصنع,30.0,,
1161,2026-03-05,قيد يدوي رقم 1161 - أنشئ بواسطة Kashif Ali,110504,علا (مدير الإنتاج),,30.0,
1163,2026-03-05,قيد يدوي رقم 1163 - أنشئ بواسطة Kashif Ali,1109,جرد مواد الخردة,1100.0,,
1163,2026-03-05,قيد يدوي رقم 1163 - أنشئ بواسطة Kashif Ali,110504,علا (مدير الإنتاج),,1100.0,
1164,2026-03-05,قيد يدوي رقم 1164 - أنشئ بواسطة Kashif Ali,1109,جرد مواد الخردة,1600.0,,
1164,2026-03-05,قيد يدوي رقم 1164 - أنشئ بواسطة Kashif Ali,110504,علا (مدير الإنتاج),,1600.0,
1165,2026-03-05,قيد يدوي رقم 1165 - أنشئ بواسطة Kashif Ali,5214,مصاريف أخرى,20.0,,
1165,2026-03-05,قيد يدوي رقم 1165 - أنشئ بواسطة Kashif Ali,110504,علا (مدير الإنتاج),,20.0,
1166,2026-03-05,قيد يدوي رقم 1166 - أنشئ بواسطة Kashif Ali,110101,النقدية في الخزينة,5000.0,,
1166,2026-03-05,قيد يدوي رقم 1166 - أنشئ بواسطة Kashif Ali,110102,عهدة سالم,,5000.0,
1167,2026-03-05,قيد يدوي رقم 1167 - أنشئ بواسطة Kashif Ali,5225,مصاريف وقود الموظف,100.0,,
1167,2026-03-05,قيد يدوي رقم 1167 - أنشئ بواسطة Kashif Ali,110101,النقدية في الخزينة,,100.0,
1169,2026-03-05,قيد يدوي رقم 1169 - أنشئ بواسطة Kashif Ali,1109,جرد مواد الخردة,18000.0,,
1169,2026-03-05,قيد يدوي رقم 1169 - أنشئ بواسطة Kashif Ali,110102,عهدة سالم,,18000.0,
1154,2026-03-07,قيد يدوي رقم 1154 - أنشئ بواسطة Kashif Ali,5225,مصاريف وقود الموظف,40.0,,
1154,2026-03-07,قيد يدوي رقم 1154 - أنشئ بواسطة Kashif Ali,110504,علا (مدير الإنتاج),,40.0,
1157,2026-03-07,قيد يدوي رقم 1157 - أنشئ بواسطة Kashif Ali,5105,مصاريف وقود سيارات للموظفين,100.0,,
1157,2026-03-07,قيد يدوي رقم 1157 - أنشئ بواسطة Kashif Ali,110504,علا (مدير الإنتاج),,100.0,
1162,2026-03-07,قيد يدوي رقم 1162 - أنشئ بواسطة Kashif Ali,5206,تذاكر سفر,40.0,,
1162,2026-03-07,قيد يدوي رقم 1162 - أنشئ بواسطة Kashif Ali,110504,علا (مدير الإنتاج),,40.0,
1168,2026-03-07,قيد يدوي رقم 1168 - أنشئ بواسطة Kashif Ali,5206,تذاكر سفر,100.0,,
1168,2026-03-07,قيد يدوي رقم 1168 - أنشئ بواسطة Kashif Ali,110101,النقدية في الخزينة,,100.0,
1177,2026-03-07,قيد يدوي رقم 1177 - أنشئ بواسطة Kashif Ali,5225,مصاريف وقود الموظف,60.06,,
1177,2026-03-07,قيد يدوي رقم 1177 - أنشئ بواسطة Kashif Ali,110504,علا (مدير الإنتاج),,60.06,
1170,2026-03-08,قيد يدوي رقم 1170 - أنشئ بواسطة Kashif Ali,1109,جرد مواد الخردة,9000.0,,
1170,2026-03-08,قيد يدوي رقم 1170 - أنشئ بواسطة Kashif Ali,110102,عهدة سالم,,9000.0,
1171,2026-03-08,قيد يدوي رقم 1171 - أنشئ بواسطة Kashif Ali,110101,النقدية في الخزينة,3000.0,,
1171,2026-03-08,قيد يدوي رقم 1171 - أنشئ بواسطة Kashif Ali,110102,عهدة سالم,,3000.0,
1172,2026-03-08,قيد يدوي رقم 1172 - أنشئ بواسطة Kashif Ali,110504,علا (مدير الإنتاج),1000.0,,
1172,2026-03-08,قيد يدوي رقم 1172 - أنشئ بواسطة Kashif Ali,110101,النقدية في الخزينة,,1000.0,
1173,2026-03-08,قيد يدوي رقم 1173 - أنشئ بواسطة Kashif Ali,5226,صيانة مركبات الموظفين,185.0,,
1173,2026-03-08,قيد يدوي رقم 1173 - أنشئ بواسطة Kashif Ali,110101,النقدية في الخزينة,,185.0,
1174,2026-03-08,قيد يدوي رقم 1174 - أنشئ بواسطة Kashif Ali,5225,مصاريف وقود الموظف,89.03,,
1174,2026-03-08,قيد يدوي رقم 1174 - أنشئ بواسطة Kashif Ali,110101,النقدية في الخزينة,,89.03,
1175,2026-03-08,قيد يدوي رقم 1175 - أنشئ بواسطة Kashif Ali,5105,مصاريف وقود سيارات للموظفين,100.0,,
1175,2026-03-08,قيد يدوي رقم 1175 - أنشئ بواسطة Kashif Ali,110101,النقدية في الخزينة,,100.0,
1179,2026-03-08,قيد يدوي رقم 1179 - أنشئ بواسطة Kashif Ali,1109,جرد مواد الخردة,1370.0,,
1179,2026-03-08,قيد يدوي رقم 1179 - أنشئ بواسطة Kashif Ali,110504,علا (مدير الإنتاج),,1370.0,
1178,2026-03-09,قيد يدوي رقم 1178 - أنشئ بواسطة Kashif Ali,5214,مصاريف أخرى,6.0,,
1178,2026-03-09,قيد يدوي رقم 1178 - أنشئ بواسطة Kashif Ali,110504,علا (مدير الإنتاج),,6.0,
1180,2026-03-09,قيد يدوي رقم 1180 - أنشئ بواسطة Kashif Ali,5214,مصاريف أخرى,69.0,,
1180,2026-03-09,قيد يدوي رقم 1180 - أنشئ بواسطة Kashif Ali,110101,النقدية في الخزينة,,69.0,
1181,2026-03-09,قيد يدوي رقم 1181 - أنشئ بواسطة Kashif Ali,5214,مصاريف أخرى,10.0,,
1181,2026-03-09,قيد يدوي رقم 1181 - أنشئ بواسطة Kashif Ali,110101,النقدية في الخزينة,,10.0,
1182,2026-03-09,قيد يدوي رقم 1182 - أنشئ بواسطة Kashif Ali,5214,مصاريف أخرى,38.0,,
1182,2026-03-09,قيد يدوي رقم 1182 - أنشئ بواسطة Kashif Ali,110101,النقدية في الخزينة,,38.0,
1183,2026-03-09,قيد يدوي رقم 1183 - أنشئ بواسطة Kashif Ali,5214,مصاريف أخرى,20.0,,
1183,2026-03-09,قيد يدوي رقم 1183 - أنشئ بواسطة Kashif Ali,110504,علا (مدير الإنتاج),,20.0,
1184,2026-03-09,قيد يدوي رقم 1184 - أنشئ بواسطة Kashif Ali,5214,مصاريف أخرى,50.0,,
1184,2026-03-09,قيد يدوي رقم 1184 - أنشئ بواسطة Kashif Ali,110504,علا (مدير الإنتاج),,50.0,
1185,2026-03-10,قيد يدوي رقم 1185 - أنشئ بواسطة Kashif Ali,5225,مصاريف وقود الموظف,130.0,,
1185,2026-03-10,قيد يدوي رقم 1185 - أنشئ بواسطة Kashif Ali,110101,النقدية في الخزينة,,130.0,
1186,2026-03-11,قيد يدوي رقم 1186 - أنشئ بواسطة Kashif Ali,5216,مصاريف صيانه عامه بالمصنع,150.0,,
1186,2026-03-11,قيد يدوي رقم 1186 - أنشئ بواسطة Kashif Ali,110101,النقدية في الخزينة,,150.0,
1187,2026-03-11,قيد يدوي رقم 1187 - أنشئ بواسطة Kashif Ali,5224,نفقات غاز الأكسجين,60.0,,
1187,2026-03-11,قيد يدوي رقم 1187 - أنشئ بواسطة Kashif Ali,110101,النقدية في الخزينة,,60.0,
1188,2026-03-11,قيد يدوي رقم 1188 - أنشئ بواسطة Kashif Ali,5105,مصاريف وقود سيارات للموظفين,100.0,,
1188,2026-03-11,قيد يدوي رقم 1188 - أنشئ بواسطة Kashif Ali,110504,علا (مدير الإنتاج),,100.0,
1189,2026-03-11,قيد يدوي رقم 1189 - أنشئ بواسطة Kashif Ali,110504,علا (مدير الإنتاج),1000.0,,
1189,2026-03-11,قيد يدوي رقم 1189 - أنشئ بواسطة Kashif Ali,110101,النقدية في الخزينة,,1000.0,
1190,2026-03-11,قيد يدوي رقم 1190 - أنشئ بواسطة Kashif Ali,5224,نفقات غاز الأكسجين,96.0,,
1190,2026-03-11,قيد يدوي رقم 1190 - أنشئ بواسطة Kashif Ali,110101,النقدية في الخزينة,,96.0,
1191,2026-03-12,قيد يدوي رقم 1191 - أنشئ بواسطة Kashif Ali,5203,مصاريف تسويقية ودعائية,338.0,,
1191,2026-03-12,قيد يدوي رقم 1191 - أنشئ بواسطة Kashif Ali,110101,النقدية في الخزينة,,338.0,
1192,2026-03-12,قيد يدوي رقم 1192 - أنشئ بواسطة Kashif Ali,5219,مصروف نقل ومواصلات,1000.0,,
1192,2026-03-12,قيد يدوي رقم 1192 - أنشئ بواسطة Kashif Ali,110101,النقدية في الخزينة,,1000.0,
1193,2026-03-12,قيد يدوي رقم 1193 - أنشئ بواسطة Kashif Ali,5222,رسوم تجديد اقامات ونقل موظفين,120.0,,
1193,2026-03-12,قيد يدوي رقم 1193 - أنشئ بواسطة Kashif Ali,110101,النقدية في الخزينة,,120.0,
1195,2026-03-12,قيد يدوي رقم 1195 - أنشئ بواسطة Kashif Ali,5225,مصاريف وقود الموظف,90.0,,
1195,2026-03-12,قيد يدوي رقم 1195 - أنشئ بواسطة Kashif Ali,110101,النقدية في الخزينة,,90.0,
1194,2026-03-13,قيد يدوي رقم 1194 - أنشئ بواسطة Kashif Ali,5214,مصاريف أخرى,50.0,,
1194,2026-03-13,قيد يدوي رقم 1194 - أنشئ بواسطة Kashif Ali,110101,النقدية في الخزينة,,50.0,
1204,2026-03-14,قيد يدوي رقم 1204 - أنشئ بواسطة Kashif Ali,5208,الرسوم الحكومية,2000.0,,
1204,2026-03-14,قيد يدوي رقم 1204 - أنشئ بواسطة Kashif Ali,110102,عهدة سالم,,2000.0,
1196,2026-03-15,قيد يدوي رقم 1196 - أنشئ بواسطة Kashif Ali,5225,مصاريف وقود الموظف,50.0,,
1196,2026-03-15,قيد يدوي رقم 1196 - أنشئ بواسطة Kashif Ali,5226,صيانة مركبات الموظفين,120.0,,
1196,2026-03-15,قيد يدوي رقم 1196 - أنشئ بواسطة Kashif Ali,110101,النقدية في الخزينة,,170.0,
1201,2026-03-15,قيد يدوي رقم 1201 - أنشئ بواسطة Kashif Ali,5225,مصاريف وقود الموظف,50.0,,
1201,2026-03-15,قيد يدوي رقم 1201 - أنشئ بواسطة Kashif Ali,110101,النقدية في الخزينة,,50.0,
1203,2026-03-15,قيد يدوي رقم 1203 - أنشئ بواسطة Kashif Ali,110102,عهدة سالم,27150.0,,
1203,2026-03-15,قيد يدوي رقم 1203 - أنشئ بواسطة Kashif Ali,4102,الايرادات من بيع السكراب,,27150.0,
1208,2026-03-15,قيد يدوي رقم 1208 - أنشئ بواسطة Kashif Ali,5208,الرسوم الحكومية,57.5,,
1208,2026-03-15,قيد يدوي رقم 1208 - أنشئ بواسطة Kashif Ali,110102,عهدة سالم,,57.5,
1296,2026-03-15,قيد يدوي رقم 1296 - أنشئ بواسطة Kashif Ali,5208,الرسوم الحكومية,57.5,,
1296,2026-03-15,قيد يدوي رقم 1296 - أنشئ بواسطة Kashif Ali,1107,شركة يسم للتجارة,,57.5,
1297,2026-03-15,قيد يدوي رقم 1297 - أنشئ بواسطة Kashif Ali,5207,التأمينات الاجتماعية,3936.0,,
1297,2026-03-15,قيد يدوي رقم 1297 - أنشئ بواسطة Kashif Ali,1107,شركة يسم للتجارة,,3936.0,
1197,2026-03-16,قيد يدوي رقم 1197 - أنشئ بواسطة Kashif Ali,110101,النقدية في الخزينة,4000.0,,
1197,2026-03-16,قيد يدوي رقم 1197 - أنشئ بواسطة Kashif Ali,110102,عهدة سالم,,4000.0,
1198,2026-03-16,قيد يدوي رقم 1198 - أنشئ بواسطة Kashif Ali,1109,جرد مواد الخردة,9000.0,,
1198,2026-03-16,قيد يدوي رقم 1198 - أنشئ بواسطة Kashif Ali,110102,عهدة سالم,,9000.0,
1199,2026-03-16,قيد يدوي رقم 1199 - أنشئ بواسطة Kashif Ali,1109,جرد مواد الخردة,8000.0,,
1199,2026-03-16,قيد يدوي رقم 1199 - أنشئ بواسطة Kashif Ali,110102,عهدة سالم,,8000.0,
1200,2026-03-16,قيد يدوي رقم 1200 - أنشئ بواسطة Kashif Ali,110504,علا (مدير الإنتاج),3000.0,,
1200,2026-03-16,قيد يدوي رقم 1200 - أنشئ بواسطة Kashif Ali,110101,النقدية في الخزينة,,300.0,
1200,2026-03-16,قيد يدوي رقم 1200 - أنشئ بواسطة Kashif Ali,110101,النقدية في الخزينة,,2700.0,
1202,2026-03-16,قيد يدوي رقم 1202 - أنشئ بواسطة Kashif Ali,110102,عهدة سالم,25018.0,,
1202,2026-03-16,قيد يدوي رقم 1202 - أنشئ بواسطة Kashif Ali,4102,الايرادات من بيع السكراب,,25018.0,
1206,2026-03-16,قيد يدوي رقم 1206 - أنشئ بواسطة Kashif Ali,5214,مصاريف أخرى,100.0,,
1206,2026-03-16,قيد يدوي رقم 1206 - أنشئ بواسطة Kashif Ali,110101,النقدية في الخزينة,,100.0,
1207,2026-03-16,قيد يدوي رقم 1207 - أنشئ بواسطة Kashif Ali,5203,مصاريف تسويقية ودعائية,1750.0,,
1207,2026-03-16,قيد يدوي رقم 1207 - أنشئ بواسطة Kashif Ali,110102,عهدة سالم,,1750.0,
1205,2026-03-17,قيد يدوي رقم 1205 - أنشئ بواسطة Kashif Ali,5208,الرسوم الحكومية,5200.0,,
1205,2026-03-17,قيد يدوي رقم 1205 - أنشئ بواسطة Kashif Ali,110102,عهدة سالم,,5200.0,
1209,2026-03-17,قيد يدوي رقم 1209 - أنشئ بواسطة Kashif Ali,1109,جرد مواد الخردة,22800.0,,
1209,2026-03-17,قيد يدوي رقم 1209 - أنشئ بواسطة Kashif Ali,110102,عهدة سالم,,22800.0,
1210,2026-03-17,قيد يدوي رقم 1210 - أنشئ بواسطة Kashif Ali,110101,النقدية في الخزينة,9000.0,,
1210,2026-03-17,قيد يدوي رقم 1210 - أنشئ بواسطة Kashif Ali,110102,عهدة سالم,,9000.0,
1211,2026-03-17,قيد يدوي رقم 1211 - أنشئ بواسطة Kashif Ali,110504,علا (مدير الإنتاج),2700.0,,
1211,2026-03-17,قيد يدوي رقم 1211 - أنشئ بواسطة Kashif Ali,110101,النقدية في الخزينة,,2700.0,
1212,2026-03-17,قيد يدوي رقم 1212 - أنشئ بواسطة Kashif Ali,110505,إبراهيم عبد الله (سائق بروكلين),1000.0,,
1212,2026-03-17,قيد يدوي رقم 1212 - أنشئ بواسطة Kashif Ali,110101,النقدية في الخزينة,,1000.0,
1213,2026-03-17,قيد يدوي رقم 1213 - أنشئ بواسطة Kashif Ali,110511,فؤاد عبدالله قاسم,1000.0,,
1213,2026-03-17,قيد يدوي رقم 1213 - أنشئ بواسطة Kashif Ali,110101,النقدية في الخزينة,,1000.0,
1214,2026-03-17,قيد يدوي رقم 1214 - أنشئ بواسطة Kashif Ali,110513,عامر سليمان محمد,1000.0,,
1214,2026-03-17,قيد يدوي رقم 1214 - أنشئ بواسطة Kashif Ali,110101,النقدية في الخزينة,,1000.0,
1221,2026-03-17,قيد يدوي رقم 1221 - أنشئ بواسطة Kashif Ali,1109,جرد مواد الخردة,3200.0,,carriage cost
1221,2026-03-17,قيد يدوي رقم 1221 - أنشئ بواسطة Kashif Ali,1109,جرد مواد الخردة,2000.0,,Loading charges 
1221,2026-03-17,قيد يدوي رقم 1221 - أنشئ بواسطة Kashif Ali,110504,علا (مدير الإنتاج),,3200.0,carriage cost
1221,2026-03-17,قيد يدوي رقم 1221 - أنشئ بواسطة Kashif Ali,110504,علا (مدير الإنتاج),,2000.0,loading charges
1298,2026-03-17,قيد يدوي رقم 1298 - أنشئ بواسطة Kashif Ali,5208,الرسوم الحكومية,324.0,,
1298,2026-03-17,قيد يدوي رقم 1298 - أنشئ بواسطة Kashif Ali,1107,شركة يسم للتجارة,,324.0,
1304,2026-03-17,قيد يدوي رقم 1304 - أنشئ بواسطة Kashif Ali,1107,شركة يسم للتجارة,2000.0,,
1304,2026-03-17,قيد يدوي رقم 1304 - أنشئ بواسطة Kashif Ali,110102,عهدة سالم,,2000.0,
1215,2026-03-18,قيد يدوي رقم 1215 - أنشئ بواسطة Kashif Ali,5225,مصاريف وقود الموظف,85.0,,
1215,2026-03-18,قيد يدوي رقم 1215 - أنشئ بواسطة Kashif Ali,110101,النقدية في الخزينة,,85.0,
1216,2026-03-18,قيد يدوي رقم 1216 - أنشئ بواسطة Kashif Ali,5214,مصاريف أخرى,30.0,,
1216,2026-03-18,قيد يدوي رقم 1216 - أنشئ بواسطة Kashif Ali,110101,النقدية في الخزينة,,30.0,
1217,2026-03-18,قيد يدوي رقم 1217 - أنشئ بواسطة Kashif Ali,5105,مصاريف وقود سيارات للموظفين,745.0,,
1217,2026-03-18,قيد يدوي رقم 1217 - أنشئ بواسطة Kashif Ali,5225,مصاريف وقود الموظف,156.0,,
1217,2026-03-18,قيد يدوي رقم 1217 - أنشئ بواسطة Kashif Ali,110504,علا (مدير الإنتاج),,901.0,
1218,2026-03-18,قيد يدوي رقم 1218 - أنشئ بواسطة Kashif Ali,5216,مصاريف صيانه عامه بالمصنع,80.0,,
1218,2026-03-18,قيد يدوي رقم 1218 - أنشئ بواسطة Kashif Ali,110504,علا (مدير الإنتاج),,80.0,
1219,2026-03-18,قيد يدوي رقم 1219 - أنشئ بواسطة Kashif Ali,5206,تذاكر سفر,70.0,,
1219,2026-03-18,قيد يدوي رقم 1219 - أنشئ بواسطة Kashif Ali,110504,علا (مدير الإنتاج),,70.0,
1220,2026-03-18,قيد يدوي رقم 1220 - أنشئ بواسطة Kashif Ali,5214,مصاريف أخرى,50.0,,
1220,2026-03-18,قيد يدوي رقم 1220 - أنشئ بواسطة Kashif Ali,110504,علا (مدير الإنتاج),,50.0,
1224,2026-03-18,قيد يدوي رقم 1224 - أنشئ بواسطة Kashif Ali,5223,نفقات الإنترنت,402.5,,
1224,2026-03-18,قيد يدوي رقم 1224 - أنشئ بواسطة Kashif Ali,110101,النقدية في الخزينة,,402.5,
1225,2026-03-18,قيد يدوي رقم 1225 - أنشئ بواسطة Kashif Ali,110106,عهدة اسلام احمد,100.0,,
1225,2026-03-18,قيد يدوي رقم 1225 - أنشئ بواسطة Kashif Ali,110101,النقدية في الخزينة,,100.0,
1228,2026-03-18,قيد يدوي رقم 1228 - أنشئ بواسطة Kashif Ali,5226,صيانة مركبات الموظفين,2000.0,,
1228,2026-03-18,قيد يدوي رقم 1228 - أنشئ بواسطة Kashif Ali,110101,النقدية في الخزينة,,2000.0,
1229,2026-03-18,قيد يدوي رقم 1229 - أنشئ بواسطة Kashif Ali,5225,مصاريف وقود الموظف,150.0,,
1229,2026-03-18,قيد يدوي رقم 1229 - أنشئ بواسطة Kashif Ali,110101,النقدية في الخزينة,,150.0,
1230,2026-03-18,قيد يدوي رقم 1230 - أنشئ بواسطة Kashif Ali,5214,مصاريف أخرى,200.0,,
1230,2026-03-18,قيد يدوي رقم 1230 - أنشئ بواسطة Kashif Ali,110101,النقدية في الخزينة,,200.0,
1231,2026-03-20,قيد يدوي رقم 1231 - أنشئ بواسطة Kashif Ali,5226,صيانة مركبات الموظفين,45.0,,
1231,2026-03-20,قيد يدوي رقم 1231 - أنشئ بواسطة Kashif Ali,110101,النقدية في الخزينة,,45.0,
1232,2026-03-23,قيد يدوي رقم 1232 - أنشئ بواسطة Kashif Ali,5226,صيانة مركبات الموظفين,20.0,,
1232,2026-03-23,قيد يدوي رقم 1232 - أنشئ بواسطة Kashif Ali,110101,النقدية في الخزينة,,20.0,
1238,2026-03-25,قيد يدوي رقم 1238 - أنشئ بواسطة Kashif Ali,5105,مصاريف وقود سيارات للموظفين,100.0,,
1238,2026-03-25,قيد يدوي رقم 1238 - أنشئ بواسطة Kashif Ali,110504,علا (مدير الإنتاج),,100.0,
1242,2026-03-25,قيد يدوي رقم 1242 - أنشئ بواسطة Kashif Ali,5224,نفقات غاز الأكسجين,52.0,,
1242,2026-03-25,قيد يدوي رقم 1242 - أنشئ بواسطة Kashif Ali,110504,علا (مدير الإنتاج),,52.0,
1226,2026-03-26,قيد يدوي رقم 1226 - أنشئ بواسطة Kashif Ali,5225,مصاريف وقود الموظف,100.0,,
1226,2026-03-26,قيد يدوي رقم 1226 - أنشئ بواسطة Kashif Ali,110101,النقدية في الخزينة,,100.0,
1227,2026-03-26,قيد يدوي رقم 1227 - أنشئ بواسطة Kashif Ali,110504,علا (مدير الإنتاج),300.0,,
1227,2026-03-26,قيد يدوي رقم 1227 - أنشئ بواسطة Kashif Ali,110101,النقدية في الخزينة,,300.0,
1236,2026-03-26,قيد يدوي رقم 1236 - أنشئ بواسطة Kashif Ali,5105,مصاريف وقود سيارات للموظفين,100.0,,
1236,2026-03-26,قيد يدوي رقم 1236 - أنشئ بواسطة Kashif Ali,110504,علا (مدير الإنتاج),,100.0,
1239,2026-03-26,قيد يدوي رقم 1239 - أنشئ بواسطة Kashif Ali,5105,مصاريف وقود سيارات للموظفين,100.0,,
1239,2026-03-26,قيد يدوي رقم 1239 - أنشئ بواسطة Kashif Ali,110504,علا (مدير الإنتاج),,100.0,
1240,2026-03-26,قيد يدوي رقم 1240 - أنشئ بواسطة Kashif Ali,5225,مصاريف وقود الموظف,50.0,,
1240,2026-03-26,قيد يدوي رقم 1240 - أنشئ بواسطة Kashif Ali,110504,علا (مدير الإنتاج),,50.0,
1261,2026-03-26,قيد يدوي رقم 1261 - أنشئ بواسطة Kashif Ali,5214,مصاريف أخرى,192.0,,
1261,2026-03-26,قيد يدوي رقم 1261 - أنشئ بواسطة Kashif Ali,110101,النقدية في الخزينة,,192.0,
1250,2026-03-27,قيد يدوي رقم 1250 - أنشئ بواسطة Kashif Ali,5105,مصاريف وقود سيارات للموظفين,100.0,,
1250,2026-03-27,قيد يدوي رقم 1250 - أنشئ بواسطة Kashif Ali,110504,علا (مدير الإنتاج),,100.0,
1241,2026-03-28,قيد يدوي رقم 1241 - أنشئ بواسطة Kashif Ali,5105,مصاريف وقود سيارات للموظفين,100.0,,
1241,2026-03-28,قيد يدوي رقم 1241 - أنشئ بواسطة Kashif Ali,110504,علا (مدير الإنتاج),,100.0,
1284,2026-03-28,قيد يدوي رقم 1284 - أنشئ بواسطة Kashif Ali,5225,مصاريف وقود الموظف,90.0,,
1284,2026-03-28,قيد يدوي رقم 1284 - أنشئ بواسطة Kashif Ali,110101,النقدية في الخزينة,,90.0,
1235,2026-03-29,قيد يدوي رقم 1235 - أنشئ بواسطة Kashif Ali,110504,علا (مدير الإنتاج),1000.0,,
1235,2026-03-29,قيد يدوي رقم 1235 - أنشئ بواسطة Kashif Ali,110102,عهدة سالم,,1000.0,
1237,2026-03-29,قيد يدوي رقم 1237 - أنشئ بواسطة Kashif Ali,5105,مصاريف وقود سيارات للموظفين,100.0,,
1237,2026-03-29,قيد يدوي رقم 1237 - أنشئ بواسطة Kashif Ali,110504,علا (مدير الإنتاج),,100.0,
1262,2026-03-29,قيد يدوي رقم 1262 - أنشئ بواسطة Kashif Ali,5217,مصاريف مياه وكهرباء,510.0,,
1262,2026-03-29,قيد يدوي رقم 1262 - أنشئ بواسطة Kashif Ali,110101,النقدية في الخزينة,,510.0,
1301,2026-03-29,قيد يدوي رقم 1301 - أنشئ بواسطة Kashif Ali,2103,الرواتب المستحقة,19800.0,,
1301,2026-03-29,قيد يدوي رقم 1301 - أنشئ بواسطة Kashif Ali,1107,شركة يسم للتجارة,,19800.0,
1302,2026-03-29,قيد يدوي رقم 1302 - أنشئ بواسطة Kashif Ali,2103,الرواتب المستحقة,26000.0,,
1302,2026-03-29,قيد يدوي رقم 1302 - أنشئ بواسطة Kashif Ali,1107,شركة يسم للتجارة,,26200.0,
1302,2026-03-29,قيد يدوي رقم 1302 - أنشئ بواسطة Kashif Ali,110512,محمد فیاض,200.0,,
1243,2026-03-30,قيد يدوي رقم 1243 - أنشئ بواسطة Kashif Ali,5214,مصاريف أخرى,15.0,,
1243,2026-03-30,قيد يدوي رقم 1243 - أنشئ بواسطة Kashif Ali,110504,علا (مدير الإنتاج),,15.0,
1246,2026-03-30,قيد يدوي رقم 1246 - أنشئ بواسطة Kashif Ali,5105,مصاريف وقود سيارات للموظفين,100.0,,
1246,2026-03-30,قيد يدوي رقم 1246 - أنشئ بواسطة Kashif Ali,110504,علا (مدير الإنتاج),,100.0,
1276,2026-03-30,قيد يدوي رقم 1276 - أنشئ بواسطة Kashif Ali,2103,الرواتب المستحقة,1000.0,,
1276,2026-03-30,قيد يدوي رقم 1276 - أنشئ بواسطة Kashif Ali,110102,عهدة سالم,,1000.0,
1244,2026-03-31,قيد يدوي رقم 1244 - أنشئ بواسطة Kashif Ali,5105,مصاريف وقود سيارات للموظفين,100.0,,
1244,2026-03-31,قيد يدوي رقم 1244 - أنشئ بواسطة Kashif Ali,110504,علا (مدير الإنتاج),,100.0,
1245,2026-03-31,قيد يدوي رقم 1245 - أنشئ بواسطة Kashif Ali,5225,مصاريف وقود الموظف,69.0,,
1245,2026-03-31,قيد يدوي رقم 1245 - أنشئ بواسطة Kashif Ali,110504,علا (مدير الإنتاج),,69.0,
1247,2026-03-31,قيد يدوي رقم 1247 - أنشئ بواسطة Kashif Ali,5214,مصاريف أخرى,17.0,,
1247,2026-03-31,قيد يدوي رقم 1247 - أنشئ بواسطة Kashif Ali,110504,علا (مدير الإنتاج),,17.0,
1248,2026-03-31,قيد يدوي رقم 1248 - أنشئ بواسطة Kashif Ali,5224,نفقات غاز الأكسجين,52.0,,
1248,2026-03-31,قيد يدوي رقم 1248 - أنشئ بواسطة Kashif Ali,110504,علا (مدير الإنتاج),,52.0,
1263,2026-03-31,قيد يدوي رقم 1263 - أنشئ بواسطة Kashif Ali,5217,مصاريف مياه وكهرباء,100.0,,
1263,2026-03-31,قيد يدوي رقم 1263 - أنشئ بواسطة Kashif Ali,110101,النقدية في الخزينة,,100.0,
1274,2026-03-31,قيد يدوي رقم 1274 - أنشئ بواسطة Kashif Ali,110102,عهدة سالم,21000.0,,
1274,2026-03-31,قيد يدوي رقم 1274 - أنشئ بواسطة Kashif Ali,4102,الايرادات من بيع السكراب,,21000.0,
1285,2026-03-31,قيد يدوي رقم 1285 - أنشئ بواسطة Kashif Ali,5225,مصاريف وقود الموظف,100.0,,
1285,2026-03-31,قيد يدوي رقم 1285 - أنشئ بواسطة Kashif Ali,110101,النقدية في الخزينة,,100.0,
1300,2026-03-31,قيد يدوي رقم 1300 - أنشئ بواسطة Kashif Ali,5102,رواتب وأجور,51200.0,,
1300,2026-03-31,قيد يدوي رقم 1300 - أنشئ بواسطة Kashif Ali,110501,اشرف مروان الصايغ,,1000.0,
1300,2026-03-31,قيد يدوي رقم 1300 - أنشئ بواسطة Kashif Ali,110505,إبراهيم عبد الله (سائق بروكلين),,1000.0,
1300,2026-03-31,قيد يدوي رقم 1300 - أنشئ بواسطة Kashif Ali,110511,فؤاد عبدالله قاسم,,1000.0,
1300,2026-03-31,قيد يدوي رقم 1300 - أنشئ بواسطة Kashif Ali,110513,عامر سليمان محمد,,1300.0,
1300,2026-03-31,قيد يدوي رقم 1300 - أنشئ بواسطة Kashif Ali,110106,عهدة اسلام احمد,,100.0,
1300,2026-03-31,قيد يدوي رقم 1300 - أنشئ بواسطة Kashif Ali,2103,الرواتب المستحقة,,46800.0,
1303,2026-03-31,قيد يدوي رقم 1303 - أنشئ بواسطة Kashif Ali,110506,أمير حسن كليب,1000.0,,
1303,2026-03-31,قيد يدوي رقم 1303 - أنشئ بواسطة Kashif Ali,1107,شركة يسم للتجارة,,1000.0,
1307,2026-03-31,قيد يدوي رقم 1307 - أنشئ بواسطة Kashif Ali,1107,شركة يسم للتجارة,95491.79,,
1307,2026-03-31,قيد يدوي رقم 1307 - أنشئ بواسطة Kashif Ali,3202,جاري الشريك سالم بالحارث,,95491.79,
1797,2026-03-31,قيد يدوي رقم 1797 - أنشئ بواسطة Kashif Ali,5108,تكلفة البضائع المباعة من خردة الحديد,76070.0,,
1797,2026-03-31,قيد يدوي رقم 1797 - أنشئ بواسطة Kashif Ali,1109,جرد مواد الخردة,,76070.0,
1826,2026-03-31,قيد يدوي رقم 1826 - أنشئ بواسطة Kashif Ali,5106,مصاريف إيجار أرض المصنع,3961.23,,
1826,2026-03-31,قيد يدوي رقم 1826 - أنشئ بواسطة Kashif Ali,2102,مصروفات مستحقة,,3961.23,
1249,2026-04-01,قيد يدوي رقم 1249 - أنشئ بواسطة Kashif Ali,5105,مصاريف وقود سيارات للموظفين,100.0,,
1249,2026-04-01,قيد يدوي رقم 1249 - أنشئ بواسطة Kashif Ali,110504,علا (مدير الإنتاج),,100.0,
1257,2026-04-02,قيد يدوي رقم 1257 - أنشئ بواسطة Kashif Ali,110102,عهدة سالم,22590.0,,
1257,2026-04-02,قيد يدوي رقم 1257 - أنشئ بواسطة Kashif Ali,4102,الايرادات من بيع السكراب,,22590.0,
1260,2026-04-02,قيد يدوي رقم 1260 - أنشئ بواسطة Kashif Ali,5225,مصاريف وقود الموظف,100.0,,
1260,2026-04-02,قيد يدوي رقم 1260 - أنشئ بواسطة Kashif Ali,5214,مصاريف أخرى,33.0,,
1260,2026-04-02,قيد يدوي رقم 1260 - أنشئ بواسطة Kashif Ali,110101,النقدية في الخزينة,,133.0,
1275,2026-04-02,قيد يدوي رقم 1275 - أنشئ بواسطة Kashif Ali,110102,عهدة سالم,20815.0,,
1275,2026-04-02,قيد يدوي رقم 1275 - أنشئ بواسطة Kashif Ali,4102,الايرادات من بيع السكراب,,20815.0,
1399,2026-04-02,قيد يدوي رقم 1399 - أنشئ بواسطة Kashif Ali,5225,مصاريف وقود الموظف,94.0,,
1399,2026-04-02,قيد يدوي رقم 1399 - أنشئ بواسطة Kashif Ali,110101,النقدية في الخزينة,,94.0,
1233,2026-04-04,قيد يدوي رقم 1233 - أنشئ بواسطة Kashif Ali,5208,الرسوم الحكومية,5700.0,,
1233,2026-04-04,قيد يدوي رقم 1233 - أنشئ بواسطة Kashif Ali,110102,عهدة سالم,,5700.0,
1234,2026-04-04,قيد يدوي رقم 1234 - أنشئ بواسطة Kashif Ali,110504,علا (مدير الإنتاج),1000.0,,
1234,2026-04-04,قيد يدوي رقم 1234 - أنشئ بواسطة Kashif Ali,110102,عهدة سالم,,1000.0,
1251,2026-04-04,قيد يدوي رقم 1251 - أنشئ بواسطة Kashif Ali,5105,مصاريف وقود سيارات للموظفين,100.0,,
1251,2026-04-04,قيد يدوي رقم 1251 - أنشئ بواسطة Kashif Ali,5225,مصاريف وقود الموظف,70.0,,
1251,2026-04-04,قيد يدوي رقم 1251 - أنشئ بواسطة Kashif Ali,5224,نفقات غاز الأكسجين,60.0,,
1251,2026-04-04,قيد يدوي رقم 1251 - أنشئ بواسطة Kashif Ali,110504,علا (مدير الإنتاج),,100.0,
1251,2026-04-04,قيد يدوي رقم 1251 - أنشئ بواسطة Kashif Ali,110504,علا (مدير الإنتاج),,70.0,
1251,2026-04-04,قيد يدوي رقم 1251 - أنشئ بواسطة Kashif Ali,110504,علا (مدير الإنتاج),,60.0,
1252,2026-04-04,قيد يدوي رقم 1252 - أنشئ بواسطة Kashif Ali,1109,جرد مواد الخردة,800.0,,
1252,2026-04-04,قيد يدوي رقم 1252 - أنشئ بواسطة Kashif Ali,110504,علا (مدير الإنتاج),,800.0,
1255,2026-04-04,قيد يدوي رقم 1255 - أنشئ بواسطة Kashif Ali,5214,مصاريف أخرى,20.0,,
1255,2026-04-04,قيد يدوي رقم 1255 - أنشئ بواسطة Kashif Ali,110504,علا (مدير الإنتاج),,20.0,
1258,2026-04-04,قيد يدوي رقم 1258 - أنشئ بواسطة Kashif Ali,5214,مصاريف أخرى,100.0,,
1258,2026-04-04,قيد يدوي رقم 1258 - أنشئ بواسطة Kashif Ali,110101,النقدية في الخزينة,,100.0,
1259,2026-04-04,قيد يدوي رقم 1259 - أنشئ بواسطة Kashif Ali,5214,مصاريف أخرى,90.0,,
1259,2026-04-04,قيد يدوي رقم 1259 - أنشئ بواسطة Kashif Ali,110101,النقدية في الخزينة,,90.0,
1253,2026-04-05,قيد يدوي رقم 1253 - أنشئ بواسطة Kashif Ali,1109,جرد مواد الخردة,1600.0,,
1253,2026-04-05,قيد يدوي رقم 1253 - أنشئ بواسطة Kashif Ali,110504,علا (مدير الإنتاج),,1600.0,
1254,2026-04-05,قيد يدوي رقم 1254 - أنشئ بواسطة Kashif Ali,110101,النقدية في الخزينة,5000.0,,
1254,2026-04-05,قيد يدوي رقم 1254 - أنشئ بواسطة Kashif Ali,1107,شركة يسم للتجارة,,5000.0,
1256,2026-04-05,قيد يدوي رقم 1256 - أنشئ بواسطة Kashif Ali,5214,مصاريف أخرى,20.0,,
1256,2026-04-05,قيد يدوي رقم 1256 - أنشئ بواسطة Kashif Ali,110504,علا (مدير الإنتاج),,20.0,
1264,2026-04-05,قيد يدوي رقم 1264 - أنشئ بواسطة Kashif Ali,5222,رسوم تجديد اقامات ونقل موظفين,5000.0,,
1264,2026-04-05,قيد يدوي رقم 1264 - أنشئ بواسطة Kashif Ali,110102,عهدة سالم,,5000.0,
1265,2026-04-05,قيد يدوي رقم 1265 - أنشئ بواسطة Kashif Ali,5225,مصاريف وقود الموظف,100.0,,
1265,2026-04-05,قيد يدوي رقم 1265 - أنشئ بواسطة Kashif Ali,110102,عهدة سالم,,100.0,
1266,2026-04-05,قيد يدوي رقم 1266 - أنشئ بواسطة Kashif Ali,5216,مصاريف صيانه عامه بالمصنع,1500.0,,
1266,2026-04-05,قيد يدوي رقم 1266 - أنشئ بواسطة Kashif Ali,110102,عهدة سالم,,1500.0,
1267,2026-04-05,قيد يدوي رقم 1267 - أنشئ بواسطة Kashif Ali,1107,شركة يسم للتجارة,50000.0,,
1267,2026-04-05,قيد يدوي رقم 1267 - أنشئ بواسطة Kashif Ali,110102,عهدة سالم,,50000.0,
1268,2026-04-05,قيد يدوي رقم 1268 - أنشئ بواسطة Kashif Ali,1109,جرد مواد الخردة,8000.0,,
1268,2026-04-05,قيد يدوي رقم 1268 - أنشئ بواسطة Kashif Ali,1109,جرد مواد الخردة,16500.0,,
1268,2026-04-05,قيد يدوي رقم 1268 - أنشئ بواسطة Kashif Ali,1107,شركة يسم للتجارة,,8000.0,
1268,2026-04-05,قيد يدوي رقم 1268 - أنشئ بواسطة Kashif Ali,1107,شركة يسم للتجارة,,16500.0,
1269,2026-04-05,قيد يدوي رقم 1269 - أنشئ بواسطة Kashif Ali,110504,علا (مدير الإنتاج),4000.0,,
1269,2026-04-05,قيد يدوي رقم 1269 - أنشئ بواسطة Kashif Ali,110101,النقدية في الخزينة,,4000.0,
1270,2026-04-05,قيد يدوي رقم 1270 - أنشئ بواسطة Kashif Ali,5222,رسوم تجديد اقامات ونقل موظفين,1000.0,,
1270,2026-04-05,قيد يدوي رقم 1270 - أنشئ بواسطة Kashif Ali,110101,النقدية في الخزينة,,1000.0,
1279,2026-04-05,قيد يدوي رقم 1279 - أنشئ بواسطة Kashif Ali,1109,جرد مواد الخردة,1600.0,,
1279,2026-04-05,قيد يدوي رقم 1279 - أنشئ بواسطة Kashif Ali,110504,علا (مدير الإنتاج),,1600.0,
1288,2026-04-05,قيد يدوي رقم 1288 - أنشئ بواسطة Kashif Ali,5225,مصاريف وقود الموظف,50.0,,
1288,2026-04-05,قيد يدوي رقم 1288 - أنشئ بواسطة Kashif Ali,110504,علا (مدير الإنتاج),,50.0,
1290,2026-04-05,قيد يدوي رقم 1290 - أنشئ بواسطة Kashif Ali,5225,مصاريف وقود الموظف,50.0,,
1290,2026-04-05,قيد يدوي رقم 1290 - أنشئ بواسطة Kashif Ali,110504,علا (مدير الإنتاج),,50.0,
1271,2026-04-06,قيد يدوي رقم 1271 - أنشئ بواسطة Kashif Ali,1109,جرد مواد الخردة,20000.0,,
1271,2026-04-06,قيد يدوي رقم 1271 - أنشئ بواسطة Kashif Ali,1107,شركة يسم للتجارة,,20000.0,
1272,2026-04-06,قيد يدوي رقم 1272 - أنشئ بواسطة Kashif Ali,5214,مصاريف أخرى,500.0,,
1272,2026-04-06,قيد يدوي رقم 1272 - أنشئ بواسطة Kashif Ali,1107,شركة يسم للتجارة,,500.0,
1273,2026-04-06,قيد يدوي رقم 1273 - أنشئ بواسطة Kashif Ali,5225,مصاريف وقود الموظف,150.0,,
1273,2026-04-06,قيد يدوي رقم 1273 - أنشئ بواسطة Kashif Ali,110102,عهدة سالم,,150.0,
1277,2026-04-06,قيد يدوي رقم 1277 - أنشئ بواسطة Kashif Ali,5214,مصاريف أخرى,95.0,,
1277,2026-04-06,قيد يدوي رقم 1277 - أنشئ بواسطة Kashif Ali,110101,النقدية في الخزينة,,95.0,
1281,2026-04-06,قيد يدوي رقم 1281 - أنشئ بواسطة Kashif Ali,5226,صيانة مركبات الموظفين,50.0,,
1281,2026-04-06,قيد يدوي رقم 1281 - أنشئ بواسطة Kashif Ali,110101,النقدية في الخزينة,,50.0,
1286,2026-04-06,قيد يدوي رقم 1286 - أنشئ بواسطة Kashif Ali,5214,مصاريف أخرى,1500.0,,
1286,2026-04-06,قيد يدوي رقم 1286 - أنشئ بواسطة Kashif Ali,1107,شركة يسم للتجارة,,1500.0,
1287,2026-04-06,قيد يدوي رقم 1287 - أنشئ بواسطة Kashif Ali,5105,مصاريف وقود سيارات للموظفين,100.0,,
1287,2026-04-06,قيد يدوي رقم 1287 - أنشئ بواسطة Kashif Ali,110504,علا (مدير الإنتاج),,100.0,
1291,2026-04-06,قيد يدوي رقم 1291 - أنشئ بواسطة Kashif Ali,5224,نفقات غاز الأكسجين,150.0,,
1291,2026-04-06,قيد يدوي رقم 1291 - أنشئ بواسطة Kashif Ali,110504,علا (مدير الإنتاج),,150.0,
1315,2026-04-06,قيد يدوي رقم 1315 - أنشئ بواسطة Kashif Ali,1109,جرد مواد الخردة,2600.0,,
1315,2026-04-06,قيد يدوي رقم 1315 - أنشئ بواسطة Kashif Ali,110110,المصروفات النثرية مع أولا,,2600.0,
1457,2026-04-06,قيد يدوي رقم 1457 - أنشئ بواسطة Kashif Ali,5207,التأمينات الاجتماعية,3936.0,,
1457,2026-04-06,قيد يدوي رقم 1457 - أنشئ بواسطة Kashif Ali,1107,شركة يسم للتجارة,,3936.0,
1283,2026-04-07,قيد يدوي رقم 1283 - أنشئ بواسطة Kashif Ali,5225,مصاريف وقود الموظف,96.0,,
1283,2026-04-07,قيد يدوي رقم 1283 - أنشئ بواسطة Kashif Ali,110101,النقدية في الخزينة,,96.0,
1289,2026-04-07,قيد يدوي رقم 1289 - أنشئ بواسطة Kashif Ali,5225,مصاريف وقود الموظف,52.46,,
1289,2026-04-07,قيد يدوي رقم 1289 - أنشئ بواسطة Kashif Ali,110504,علا (مدير الإنتاج),,52.46,
1278,2026-04-08,قيد يدوي رقم 1278 - أنشئ بواسطة Kashif Ali,5214,مصاريف أخرى,350.0,,
1278,2026-04-08,قيد يدوي رقم 1278 - أنشئ بواسطة Kashif Ali,110504,علا (مدير الإنتاج),,350.0,
1280,2026-04-08,قيد يدوي رقم 1280 - أنشئ بواسطة Kashif Ali,5225,مصاريف وقود الموظف,200.0,,
1280,2026-04-08,قيد يدوي رقم 1280 - أنشئ بواسطة Kashif Ali,110102,عهدة سالم,,200.0,
1282,2026-04-08,قيد يدوي رقم 1282 - أنشئ بواسطة Kashif Ali,5206,تذاكر سفر,90.0,,
1282,2026-04-08,قيد يدوي رقم 1282 - أنشئ بواسطة Kashif Ali,110101,النقدية في الخزينة,,90.0,
1292,2026-04-08,قيد يدوي رقم 1292 - أنشئ بواسطة Kashif Ali,5105,مصاريف وقود سيارات للموظفين,100.0,,
1292,2026-04-08,قيد يدوي رقم 1292 - أنشئ بواسطة Kashif Ali,110504,علا (مدير الإنتاج),,100.0,
1323,2026-04-08,قيد يدوي رقم 1323 - أنشئ بواسطة Kashif Ali,110102,عهدة سالم,600.0,,
1323,2026-04-08,قيد يدوي رقم 1323 - أنشئ بواسطة Kashif Ali,4101,إيرادات قطع الغيار,,600.0,
1324,2026-04-08,قيد يدوي رقم 1324 - أنشئ بواسطة Kashif Ali,110102,عهدة سالم,1500.0,,
1324,2026-04-08,قيد يدوي رقم 1324 - أنشئ بواسطة Kashif Ali,4101,إيرادات قطع الغيار,,1500.0,
1293,2026-04-09,قيد يدوي رقم 1293 - أنشئ بواسطة Kashif Ali,5225,مصاريف وقود الموظف,94.0,,
1293,2026-04-09,قيد يدوي رقم 1293 - أنشئ بواسطة Kashif Ali,110101,النقدية في الخزينة,,94.0,
1294,2026-04-09,قيد يدوي رقم 1294 - أنشئ بواسطة Kashif Ali,110101,النقدية في الخزينة,867.5,,
1294,2026-04-09,قيد يدوي رقم 1294 - أنشئ بواسطة Kashif Ali,110102,عهدة سالم,,867.5,
1305,2026-04-09,قيد يدوي رقم 1305 - أنشئ بواسطة Kashif Ali,110102,عهدة سالم,1000.0,,
1305,2026-04-09,قيد يدوي رقم 1305 - أنشئ بواسطة Kashif Ali,4101,إيرادات قطع الغيار,,1000.0,
1306,2026-04-09,قيد يدوي رقم 1306 - أنشئ بواسطة Kashif Ali,5216,مصاريف صيانه عامه بالمصنع,2500.0,,
1306,2026-04-09,قيد يدوي رقم 1306 - أنشئ بواسطة Kashif Ali,110102,عهدة سالم,,2500.0,
1328,2026-04-09,قيد يدوي رقم 1328 - أنشئ بواسطة Kashif Ali,5216,مصاريف صيانه عامه بالمصنع,316.0,,
1328,2026-04-09,قيد يدوي رقم 1328 - أنشئ بواسطة Kashif Ali,110504,علا (مدير الإنتاج),,316.0,
1331,2026-04-09,قيد يدوي رقم 1331 - أنشئ بواسطة Kashif Ali,5105,مصاريف وقود سيارات للموظفين,100.0,,
1331,2026-04-09,قيد يدوي رقم 1331 - أنشئ بواسطة Kashif Ali,110110,المصروفات النثرية مع أولا,,100.0,
1398,2026-04-09,قيد يدوي رقم 1398 - أنشئ بواسطة Kashif Ali,5216,مصاريف صيانه عامه بالمصنع,200.0,,
1398,2026-04-09,قيد يدوي رقم 1398 - أنشئ بواسطة Kashif Ali,110101,النقدية في الخزينة,,200.0,
1299,2026-04-10,قيد يدوي رقم 1299 - أنشئ بواسطة Kashif Ali,5223,نفقات الإنترنت,405.0,,
1299,2026-04-10,قيد يدوي رقم 1299 - أنشئ بواسطة Kashif Ali,110101,النقدية في الخزينة,,405.0,
1348,2026-04-10,قيد يدوي رقم 1348 - أنشئ بواسطة Kashif Ali,5214,مصاريف أخرى,59.0,,
1348,2026-04-10,قيد يدوي رقم 1348 - أنشئ بواسطة Kashif Ali,110101,النقدية في الخزينة,,59.0,
1397,2026-04-10,قيد يدوي رقم 1397 - أنشئ بواسطة Kashif Ali,5225,مصاريف وقود الموظف,172.0,,
1397,2026-04-10,قيد يدوي رقم 1397 - أنشئ بواسطة Kashif Ali,110101,النقدية في الخزينة,,172.0,
1308,2026-04-11,قيد يدوي رقم 1308 - أنشئ بواسطة Kashif Ali,1109,جرد مواد الخردة,300.0,,
1308,2026-04-11,قيد يدوي رقم 1308 - أنشئ بواسطة Kashif Ali,110101,النقدية في الخزينة,,300.0,
1329,2026-04-11,قيد يدوي رقم 1329 - أنشئ بواسطة Kashif Ali,5224,نفقات غاز الأكسجين,60.0,,
1329,2026-04-11,قيد يدوي رقم 1329 - أنشئ بواسطة Kashif Ali,110504,علا (مدير الإنتاج),,60.0,
1330,2026-04-11,قيد يدوي رقم 1330 - أنشئ بواسطة Kashif Ali,110101,النقدية في الخزينة,47.13,,
1330,2026-04-11,قيد يدوي رقم 1330 - أنشئ بواسطة Kashif Ali,110504,علا (مدير الإنتاج),,47.13,
1309,2026-04-12,قيد يدوي رقم 1309 - أنشئ بواسطة Kashif Ali,5216,مصاريف صيانه عامه بالمصنع,200.0,,
1309,2026-04-12,قيد يدوي رقم 1309 - أنشئ بواسطة Kashif Ali,110101,النقدية في الخزينة,,200.0,
1310,2026-04-12,قيد يدوي رقم 1310 - أنشئ بواسطة Kashif Ali,5217,مصاريف مياه وكهرباء,120.0,,
1310,2026-04-12,قيد يدوي رقم 1310 - أنشئ بواسطة Kashif Ali,110101,النقدية في الخزينة,,120.0,
1311,2026-04-12,قيد يدوي رقم 1311 - أنشئ بواسطة Kashif Ali,110102,عهدة سالم,33807.0,,
1311,2026-04-12,قيد يدوي رقم 1311 - أنشئ بواسطة Kashif Ali,4102,الايرادات من بيع السكراب,,33807.0,
1332,2026-04-12,قيد يدوي رقم 1332 - أنشئ بواسطة Kashif Ali,5105,مصاريف وقود سيارات للموظفين,100.0,,
1332,2026-04-12,قيد يدوي رقم 1332 - أنشئ بواسطة Kashif Ali,110110,المصروفات النثرية مع أولا,,100.0,
1333,2026-04-12,قيد يدوي رقم 1333 - أنشئ بواسطة Kashif Ali,5225,مصاريف وقود الموظف,68.0,,
1333,2026-04-12,قيد يدوي رقم 1333 - أنشئ بواسطة Kashif Ali,110110,المصروفات النثرية مع أولا,,68.0,
1333,2026-04-12,قيد يدوي رقم 1333 - أنشئ بواسطة Kashif Ali,1103,المدينون,25000.05,,
1333,2026-04-12,قيد يدوي رقم 1333 - أنشئ بواسطة Kashif Ali,2105,ضريبة القيمة المضافة المستحقة,,3260.88,
1333,2026-04-12,قيد يدوي رقم 1333 - أنشئ بواسطة Kashif Ali,4102,الايرادات من بيع السكراب,,21739.17,
1333,2026-04-12,قيد يدوي رقم 1333 - أنشئ بواسطة Kashif Ali,110202,بنك الراجحي,25000.05,,
1333,2026-04-12,قيد يدوي رقم 1333 - أنشئ بواسطة Kashif Ali,1103,المدينون,,25000.05,
1333,2026-04-12,قيد يدوي رقم 1333 - أنشئ بواسطة Kashif Ali,5225,مصاريف وقود الموظف,68.0,,
1333,2026-04-12,قيد يدوي رقم 1333 - أنشئ بواسطة Kashif Ali,110110,المصروفات النثرية مع أولا,,68.0,
1333,2026-04-12,قيد يدوي رقم 1333 - أنشئ بواسطة Kashif Ali,1103,المدينون,25000.05,,
1333,2026-04-12,قيد يدوي رقم 1333 - أنشئ بواسطة Kashif Ali,2105,ضريبة القيمة المضافة المستحقة,,3260.88,
1333,2026-04-12,قيد يدوي رقم 1333 - أنشئ بواسطة Kashif Ali,4102,الايرادات من بيع السكراب,,21739.17,
1333,2026-04-12,قيد يدوي رقم 1333 - أنشئ بواسطة Kashif Ali,110202,بنك الراجحي,25000.05,,
1333,2026-04-12,قيد يدوي رقم 1333 - أنشئ بواسطة Kashif Ali,1103,المدينون,,25000.05,
1333,2026-04-12,قيد يدوي رقم 1333 - أنشئ بواسطة Kashif Ali,5225,مصاريف وقود الموظف,68.0,,
1333,2026-04-12,قيد يدوي رقم 1333 - أنشئ بواسطة Kashif Ali,110110,المصروفات النثرية مع أولا,,68.0,
1333,2026-04-12,قيد يدوي رقم 1333 - أنشئ بواسطة Kashif Ali,1103,المدينون,25000.05,,
1333,2026-04-12,قيد يدوي رقم 1333 - أنشئ بواسطة Kashif Ali,2105,ضريبة القيمة المضافة المستحقة,,3260.88,
1333,2026-04-12,قيد يدوي رقم 1333 - أنشئ بواسطة Kashif Ali,4102,الايرادات من بيع السكراب,,21739.17,
1333,2026-04-12,قيد يدوي رقم 1333 - أنشئ بواسطة Kashif Ali,110202,بنك الراجحي,25000.05,,
1333,2026-04-12,قيد يدوي رقم 1333 - أنشئ بواسطة Kashif Ali,1103,المدينون,,25000.05,
1341,2026-04-12,قيد يدوي رقم 1341 - أنشئ بواسطة Kashif Ali,5225,مصاريف وقود الموظف,69.0,,
1341,2026-04-12,قيد يدوي رقم 1341 - أنشئ بواسطة Kashif Ali,110110,المصروفات النثرية مع أولا,,69.0,
1354,2026-04-12,قيد يدوي رقم 1354 - أنشئ بواسطة Kashif Ali,5214,مصاريف أخرى,100.0,,
1354,2026-04-12,قيد يدوي رقم 1354 - أنشئ بواسطة Kashif Ali,110110,المصروفات النثرية مع أولا,,100.0,
1312,2026-04-13,قيد يدوي رقم 1312 - أنشئ بواسطة Kashif Ali,5225,مصاريف وقود الموظف,100.0,,
1312,2026-04-13,قيد يدوي رقم 1312 - أنشئ بواسطة Kashif Ali,110101,النقدية في الخزينة,,100.0,
1334,2026-04-13,قيد يدوي رقم 1334 - أنشئ بواسطة Kashif Ali,5105,مصاريف وقود سيارات للموظفين,50.0,,
1334,2026-04-13,قيد يدوي رقم 1334 - أنشئ بواسطة Kashif Ali,110110,المصروفات النثرية مع أولا,,50.0,
1344,2026-04-13,قيد يدوي رقم 1344 - أنشئ بواسطة Kashif Ali,110110,المصروفات النثرية مع أولا,1000.0,,
1344,2026-04-13,قيد يدوي رقم 1344 - أنشئ بواسطة Kashif Ali,110101,النقدية في الخزينة,,1000.0,
1314,2026-04-14,قيد يدوي رقم 1314 - أنشئ بواسطة Kashif Ali,1109,جرد مواد الخردة,19200.0,,
1314,2026-04-14,قيد يدوي رقم 1314 - أنشئ بواسطة Kashif Ali,110202,بنك الراجحي,,19200.0,
1316,2026-04-14,قيد يدوي رقم 1316 - أنشئ بواسطة Kashif Ali,110110,المصروفات النثرية مع أولا,4000.0,,
1316,2026-04-14,قيد يدوي رقم 1316 - أنشئ بواسطة Kashif Ali,110102,عهدة سالم,,4000.0,
1325,2026-04-14,قيد يدوي رقم 1325 - أنشئ بواسطة Kashif Ali,110109,نقداً مع شعيب,80.0,,
1325,2026-04-14,قيد يدوي رقم 1325 - أنشئ بواسطة Kashif Ali,110101,النقدية في الخزينة,,80.0,
1327,2026-04-14,قيد يدوي رقم 1327 - أنشئ بواسطة Kashif Ali,1109,جرد مواد الخردة,2650.0,,
1327,2026-04-14,قيد يدوي رقم 1327 - أنشئ بواسطة Kashif Ali,110110,المصروفات النثرية مع أولا,,2650.0,
1335,2026-04-14,قيد يدوي رقم 1335 - أنشئ بواسطة Kashif Ali,5214,مصاريف أخرى,58.0,,
1335,2026-04-14,قيد يدوي رقم 1335 - أنشئ بواسطة Kashif Ali,110110,المصروفات النثرية مع أولا,,58.0,
1346,2026-04-14,قيد يدوي رقم 1346 - أنشئ بواسطة Kashif Ali,5225,مصاريف وقود الموظف,85.0,,
1346,2026-04-14,قيد يدوي رقم 1346 - أنشئ بواسطة Kashif Ali,110109,نقداً مع شعيب,,85.0,
1317,2026-04-15,قيد يدوي رقم 1317 - أنشئ بواسطة Kashif Ali,110110,المصروفات النثرية مع أولا,2500.0,,
1317,2026-04-15,قيد يدوي رقم 1317 - أنشئ بواسطة Kashif Ali,110102,عهدة سالم,,2500.0,
1318,2026-04-15,قيد يدوي رقم 1318 - أنشئ بواسطة Kashif Ali,5225,مصاريف وقود الموظف,100.0,,
1318,2026-04-15,قيد يدوي رقم 1318 - أنشئ بواسطة Kashif Ali,110102,عهدة سالم,,100.0,
1319,2026-04-15,قيد يدوي رقم 1319 - أنشئ بواسطة Kashif Ali,1107,شركة يسم للتجارة,20000.0,,
1319,2026-04-15,قيد يدوي رقم 1319 - أنشئ بواسطة Kashif Ali,110102,عهدة سالم,,20000.0,
1320,2026-04-15,قيد يدوي رقم 1320 - أنشئ بواسطة Kashif Ali,1109,جرد مواد الخردة,18500.0,,
1320,2026-04-15,قيد يدوي رقم 1320 - أنشئ بواسطة Kashif Ali,1107,شركة يسم للتجارة,,18500.0,
1321,2026-04-15,قيد يدوي رقم 1321 - أنشئ بواسطة Kashif Ali,110101,النقدية في الخزينة,1500.0,,
1321,2026-04-15,قيد يدوي رقم 1321 - أنشئ بواسطة Kashif Ali,1107,شركة يسم للتجارة,,1500.0,
1322,2026-04-15,قيد يدوي رقم 1322 - أنشئ بواسطة Kashif Ali,110110,المصروفات النثرية مع أولا,1500.0,,
1322,2026-04-15,قيد يدوي رقم 1322 - أنشئ بواسطة Kashif Ali,110101,النقدية في الخزينة,,1500.0,
1326,2026-04-15,قيد يدوي رقم 1326 - أنشئ بواسطة Kashif Ali,1109,جرد مواد الخردة,2650.0,,
1326,2026-04-15,قيد يدوي رقم 1326 - أنشئ بواسطة Kashif Ali,110110,المصروفات النثرية مع أولا,,2650.0,
1347,2026-04-15,قيد يدوي رقم 1347 - أنشئ بواسطة Kashif Ali,5225,مصاريف وقود الموظف,55.0,,
1347,2026-04-15,قيد يدوي رقم 1347 - أنشئ بواسطة Kashif Ali,110101,النقدية في الخزينة,,55.0,
1368,2026-04-15,قيد يدوي رقم 1368 - أنشئ بواسطة Kashif Ali,5105,مصاريف وقود سيارات للموظفين,264.0,,
1368,2026-04-15,قيد يدوي رقم 1368 - أنشئ بواسطة Kashif Ali,110110,المصروفات النثرية مع أولا,,264.0,
1313,2026-04-16,قيد يدوي رقم 1313 - أنشئ بواسطة Kashif Ali,5214,مصاريف أخرى,74.0,,
1313,2026-04-16,قيد يدوي رقم 1313 - أنشئ بواسطة Kashif Ali,110101,النقدية في الخزينة,,74.0,
1338,2026-04-16,قيد يدوي رقم 1338 - أنشئ بواسطة Kashif Ali,110101,النقدية في الخزينة,5100.0,,
1338,2026-04-16,قيد يدوي رقم 1338 - أنشئ بواسطة Kashif Ali,110202,بنك الراجحي,,5100.0,
1339,2026-04-16,قيد يدوي رقم 1339 - أنشئ بواسطة Kashif Ali,1109,جرد مواد الخردة,1300.0,,
1339,2026-04-16,قيد يدوي رقم 1339 - أنشئ بواسطة Kashif Ali,110102,عهدة سالم,,1300.0,
1340,2026-04-16,قيد يدوي رقم 1340 - أنشئ بواسطة Kashif Ali,1109,جرد مواد الخردة,8200.0,,
1340,2026-04-16,قيد يدوي رقم 1340 - أنشئ بواسطة Kashif Ali,110102,عهدة سالم,,8200.0,
1345,2026-04-16,قيد يدوي رقم 1345 - أنشئ بواسطة Kashif Ali,5225,مصاريف وقود الموظف,64.0,,
1345,2026-04-16,قيد يدوي رقم 1345 - أنشئ بواسطة Kashif Ali,110110,المصروفات النثرية مع أولا,,64.0,
1342,2026-04-18,قيد يدوي رقم 1342 - أنشئ بواسطة Kashif Ali,5214,مصاريف أخرى,85.0,,
1342,2026-04-18,قيد يدوي رقم 1342 - أنشئ بواسطة Kashif Ali,110110,المصروفات النثرية مع أولا,,85.0,
1343,2026-04-18,قيد يدوي رقم 1343 - أنشئ بواسطة Kashif Ali,5105,مصاريف وقود سيارات للموظفين,100.0,,
1343,2026-04-18,قيد يدوي رقم 1343 - أنشئ بواسطة Kashif Ali,110110,المصروفات النثرية مع أولا,,100.0,
1349,2026-04-18,قيد يدوي رقم 1349 - أنشئ بواسطة Kashif Ali,5226,صيانة مركبات الموظفين,150.0,,
1349,2026-04-18,قيد يدوي رقم 1349 - أنشئ بواسطة Kashif Ali,110101,النقدية في الخزينة,,150.0,
1350,2026-04-18,قيد يدوي رقم 1350 - أنشئ بواسطة Kashif Ali,5225,مصاريف وقود الموظف,50.0,,
1350,2026-04-18,قيد يدوي رقم 1350 - أنشئ بواسطة Kashif Ali,110101,النقدية في الخزينة,,50.0,
1362,2026-04-18,قيد يدوي رقم 1362 - أنشئ بواسطة Kashif Ali,5225,مصاريف وقود الموظف,93.0,,
1362,2026-04-18,قيد يدوي رقم 1362 - أنشئ بواسطة Kashif Ali,110101,النقدية في الخزينة,,93.0,
1352,2026-04-19,قيد يدوي رقم 1352 - أنشئ بواسطة Kashif Ali,110101,النقدية في الخزينة,200.0,,
1352,2026-04-19,قيد يدوي رقم 1352 - أنشئ بواسطة Kashif Ali,110202,بنك الراجحي,,200.0,
1353,2026-04-19,قيد يدوي رقم 1353 - أنشئ بواسطة Kashif Ali,110110,المصروفات النثرية مع أولا,200.0,,
1353,2026-04-19,قيد يدوي رقم 1353 - أنشئ بواسطة Kashif Ali,110101,النقدية في الخزينة,,200.0,
1369,2026-04-19,قيد يدوي رقم 1369 - أنشئ بواسطة Kashif Ali,5105,مصاريف وقود سيارات للموظفين,100.0,,
1369,2026-04-19,قيد يدوي رقم 1369 - أنشئ بواسطة Kashif Ali,5224,نفقات غاز الأكسجين,70.0,,
1369,2026-04-19,قيد يدوي رقم 1369 - أنشئ بواسطة Kashif Ali,110110,المصروفات النثرية مع أولا,,170.0,
1370,2026-04-20,قيد يدوي رقم 1370 - أنشئ بواسطة Kashif Ali,5216,مصاريف صيانه عامه بالمصنع,250.0,,brookline maintenance
1370,2026-04-20,قيد يدوي رقم 1370 - أنشئ بواسطة Kashif Ali,5105,مصاريف وقود سيارات للموظفين,100.0,,
1370,2026-04-20,قيد يدوي رقم 1370 - أنشئ بواسطة Kashif Ali,5214,مصاريف أخرى,39.0,,
1370,2026-04-20,قيد يدوي رقم 1370 - أنشئ بواسطة Kashif Ali,5225,مصاريف وقود الموظف,50.0,,Yaris Fuel
1370,2026-04-20,قيد يدوي رقم 1370 - أنشئ بواسطة Kashif Ali,110110,المصروفات النثرية مع أولا,,439.0,
1371,2026-04-20,قيد يدوي رقم 1371 - أنشئ بواسطة Kashif Ali,110110,المصروفات النثرية مع أولا,120.0,,
1371,2026-04-20,قيد يدوي رقم 1371 - أنشئ بواسطة Kashif Ali,4201,إيرادات أخرى,,50.0,
1371,2026-04-20,قيد يدوي رقم 1371 - أنشئ بواسطة Kashif Ali,4201,إيرادات أخرى,,70.0,
1372,2026-04-21,قيد يدوي رقم 1372 - أنشئ بواسطة Kashif Ali,5105,مصاريف وقود سيارات للموظفين,100.0,,
1372,2026-04-21,قيد يدوي رقم 1372 - أنشئ بواسطة Kashif Ali,5224,نفقات غاز الأكسجين,53.0,,
1372,2026-04-21,قيد يدوي رقم 1372 - أنشئ بواسطة Kashif Ali,110110,المصروفات النثرية مع أولا,,153.0,
1366,2026-04-22,قيد يدوي رقم 1366 - أنشئ بواسطة Kashif Ali,4102,الايرادات من بيع السكراب,,31950.0,
1366,2026-04-22,قيد يدوي رقم 1366 - أنشئ بواسطة Kashif Ali,110102,عهدة سالم,31950.0,,
1373,2026-04-22,قيد يدوي رقم 1373 - أنشئ بواسطة Kashif Ali,5224,نفقات غاز الأكسجين,30.0,,
1373,2026-04-22,قيد يدوي رقم 1373 - أنشئ بواسطة Kashif Ali,5105,مصاريف وقود سيارات للموظفين,100.0,,
1373,2026-04-22,قيد يدوي رقم 1373 - أنشئ بواسطة Kashif Ali,5216,مصاريف صيانه عامه بالمصنع,190.0,,Brookline Hose Repair
1373,2026-04-22,قيد يدوي رقم 1373 - أنشئ بواسطة Kashif Ali,5224,نفقات غاز الأكسجين,30.0,,
1373,2026-04-22,قيد يدوي رقم 1373 - أنشئ بواسطة Kashif Ali,110110,المصروفات النثرية مع أولا,,350.0,
1374,2026-04-22,قيد يدوي رقم 1374 - أنشئ بواسطة Kashif Ali,110110,المصروفات النثرية مع أولا,250.0,,
1374,2026-04-22,قيد يدوي رقم 1374 - أنشئ بواسطة Kashif Ali,110101,النقدية في الخزينة,,250.0,
1377,2026-04-22,قيد يدوي رقم 1377 - أنشئ بواسطة Kashif Ali,5216,مصاريف صيانه عامه بالمصنع,260.0,,
1377,2026-04-22,قيد يدوي رقم 1377 - أنشئ بواسطة Kashif Ali,110110,المصروفات النثرية مع أولا,,260.0,
1367,2026-04-23,قيد يدوي رقم 1367 - أنشئ بواسطة Kashif Ali,5214,مصاريف أخرى,1300.0,,
1367,2026-04-23,قيد يدوي رقم 1367 - أنشئ بواسطة Kashif Ali,110102,عهدة سالم,,1300.0,
1375,2026-04-23,قيد يدوي رقم 1375 - أنشئ بواسطة Kashif Ali,1107,شركة يسم للتجارة,5000.0,,
1375,2026-04-23,قيد يدوي رقم 1375 - أنشئ بواسطة Kashif Ali,110102,عهدة سالم,,5000.0,
1376,2026-04-23,قيد يدوي رقم 1376 - أنشئ بواسطة Kashif Ali,5214,مصاريف أخرى,5913.0,,
1376,2026-04-23,قيد يدوي رقم 1376 - أنشئ بواسطة Kashif Ali,110102,عهدة سالم,,5913.0,
1378,2026-04-23,قيد يدوي رقم 1378 - أنشئ بواسطة Kashif Ali,110102,عهدة سالم,26300.0,,
1378,2026-04-23,قيد يدوي رقم 1378 - أنشئ بواسطة Kashif Ali,4102,الايرادات من بيع السكراب,,26300.0,
1379,2026-04-23,قيد يدوي رقم 1379 - أنشئ بواسطة Kashif Ali,110102,عهدة سالم,19300.0,,
1379,2026-04-23,قيد يدوي رقم 1379 - أنشئ بواسطة Kashif Ali,4102,الايرادات من بيع السكراب,,19300.0,
1380,2026-04-23,قيد يدوي رقم 1380 - أنشئ بواسطة Kashif Ali,5225,مصاريف وقود الموظف,50.0,,
1380,2026-04-23,قيد يدوي رقم 1380 - أنشئ بواسطة Kashif Ali,110101,النقدية في الخزينة,,50.0,
1383,2026-04-24,قيد يدوي رقم 1383 - أنشئ بواسطة Kashif Ali,5225,مصاريف وقود الموظف,100.0,,
1383,2026-04-24,قيد يدوي رقم 1383 - أنشئ بواسطة Kashif Ali,110101,النقدية في الخزينة,,100.0,
1387,2026-04-24,قيد يدوي رقم 1387 - أنشئ بواسطة Kashif Ali,5214,مصاريف أخرى,788.0,,
1387,2026-04-24,قيد يدوي رقم 1387 - أنشئ بواسطة Kashif Ali,110101,النقدية في الخزينة,,788.0,
1389,2026-04-24,قيد يدوي رقم 1389 - أنشئ بواسطة Kashif Ali,110102,عهدة سالم,,5000.0,
1389,2026-04-24,قيد يدوي رقم 1389 - أنشئ بواسطة Kashif Ali,110101,النقدية في الخزينة,5000.0,,
1395,2026-04-24,قيد يدوي رقم 1395 - أنشئ بواسطة Kashif Ali,110110,المصروفات النثرية مع أولا,1000.0,,
1395,2026-04-24,قيد يدوي رقم 1395 - أنشئ بواسطة Kashif Ali,110101,النقدية في الخزينة,,1000.0,
1396,2026-04-24,قيد يدوي رقم 1396 - أنشئ بواسطة Kashif Ali,5226,صيانة مركبات الموظفين,190.0,,
1396,2026-04-24,قيد يدوي رقم 1396 - أنشئ بواسطة Kashif Ali,110101,النقدية في الخزينة,,190.0,
1386,2026-04-25,قيد يدوي رقم 1386 - أنشئ بواسطة Kashif Ali,1109,جرد مواد الخردة,27000.0,,
1386,2026-04-25,قيد يدوي رقم 1386 - أنشئ بواسطة Kashif Ali,1107,شركة يسم للتجارة,,27000.0,
1394,2026-04-25,قيد يدوي رقم 1394 - أنشئ بواسطة Kashif Ali,110110,المصروفات النثرية مع أولا,1700.0,,
1394,2026-04-25,قيد يدوي رقم 1394 - أنشئ بواسطة Kashif Ali,110101,النقدية في الخزينة,,1700.0,
1381,2026-04-26,قيد يدوي رقم 1381 - أنشئ بواسطة Kashif Ali,5225,مصاريف وقود الموظف,92.0,,
1381,2026-04-26,قيد يدوي رقم 1381 - أنشئ بواسطة Kashif Ali,110101,النقدية في الخزينة,,92.0,
1382,2026-04-26,قيد يدوي رقم 1382 - أنشئ بواسطة Kashif Ali,5225,مصاريف وقود الموظف,85.0,,
1382,2026-04-26,قيد يدوي رقم 1382 - أنشئ بواسطة Kashif Ali,110101,النقدية في الخزينة,,85.0,
1384,2026-04-26,قيد يدوي رقم 1384 - أنشئ بواسطة Kashif Ali,5214,مصاريف أخرى,22.0,,
1384,2026-04-26,قيد يدوي رقم 1384 - أنشئ بواسطة Kashif Ali,110101,النقدية في الخزينة,,22.0,
1385,2026-04-26,قيد يدوي رقم 1385 - أنشئ بواسطة Kashif Ali,1107,شركة يسم للتجارة,27000.0,,
1385,2026-04-26,قيد يدوي رقم 1385 - أنشئ بواسطة Kashif Ali,110102,عهدة سالم,,27000.0,
1388,2026-04-26,قيد يدوي رقم 1388 - أنشئ بواسطة Kashif Ali,5214,مصاريف أخرى,100.0,,
1388,2026-04-26,قيد يدوي رقم 1388 - أنشئ بواسطة Kashif Ali,110101,النقدية في الخزينة,,100.0,
1390,2026-04-26,قيد يدوي رقم 1390 - أنشئ بواسطة Kashif Ali,110101,النقدية في الخزينة,5000.0,,
1390,2026-04-26,قيد يدوي رقم 1390 - أنشئ بواسطة Kashif Ali,110102,عهدة سالم,,5000.0,
1393,2026-04-26,قيد يدوي رقم 1393 - أنشئ بواسطة Kashif Ali,110110,المصروفات النثرية مع أولا,5000.0,,
1393,2026-04-26,قيد يدوي رقم 1393 - أنشئ بواسطة Kashif Ali,110101,النقدية في الخزينة,,5000.0,
1400,2026-04-26,قيد يدوي رقم 1400 - أنشئ بواسطة Kashif Ali,5225,مصاريف وقود الموظف,73.03,,
1400,2026-04-26,قيد يدوي رقم 1400 - أنشئ بواسطة Kashif Ali,5224,نفقات غاز الأكسجين,26.23,,
1400,2026-04-26,قيد يدوي رقم 1400 - أنشئ بواسطة Kashif Ali,1109,جرد مواد الخردة,4000.0,,Trailer cost
1400,2026-04-26,قيد يدوي رقم 1400 - أنشئ بواسطة Kashif Ali,1109,جرد مواد الخردة,2700.0,,Loading Charges
1400,2026-04-26,قيد يدوي رقم 1400 - أنشئ بواسطة Kashif Ali,5105,مصاريف وقود سيارات للموظفين,100.0,,
1400,2026-04-26,قيد يدوي رقم 1400 - أنشئ بواسطة Kashif Ali,5214,مصاريف أخرى,60.0,,Meal Expense
1400,2026-04-26,قيد يدوي رقم 1400 - أنشئ بواسطة Kashif Ali,110110,المصروفات النثرية مع أولا,,6959.26,
1459,2026-04-26,قيد يدوي رقم 1459 - أنشئ بواسطة Kashif Ali,2103,الرواتب المستحقة,3000.0,,
1459,2026-04-26,قيد يدوي رقم 1459 - أنشئ بواسطة Kashif Ali,1107,شركة يسم للتجارة,,3000.0,
1391,2026-04-27,قيد يدوي رقم 1391 - أنشئ بواسطة Kashif Ali,1109,جرد مواد الخردة,17700.0,,
1391,2026-04-27,قيد يدوي رقم 1391 - أنشئ بواسطة Kashif Ali,110102,عهدة سالم,,17700.0,
1392,2026-04-27,قيد يدوي رقم 1392 - أنشئ بواسطة Kashif Ali,110110,المصروفات النثرية مع أولا,1000.0,,
1392,2026-04-27,قيد يدوي رقم 1392 - أنشئ بواسطة Kashif Ali,110101,النقدية في الخزينة,,1000.0,
1402,2026-04-27,قيد يدوي رقم 1402 - أنشئ بواسطة Kashif Ali,5225,مصاريف وقود الموظف,63.11,,
1402,2026-04-27,قيد يدوي رقم 1402 - أنشئ بواسطة Kashif Ali,110110,المصروفات النثرية مع أولا,,63.11,
1403,2026-04-27,قيد يدوي رقم 1403 - أنشئ بواسطة Kashif Ali,1109,جرد مواد الخردة,800.0,,
1403,2026-04-27,قيد يدوي رقم 1403 - أنشئ بواسطة Kashif Ali,110110,المصروفات النثرية مع أولا,,800.0,
1406,2026-04-27,قيد يدوي رقم 1406 - أنشئ بواسطة Kashif Ali,110101,النقدية في الخزينة,842.0,,
1406,2026-04-27,قيد يدوي رقم 1406 - أنشئ بواسطة Kashif Ali,110102,عهدة سالم,,842.0,
1401,2026-04-28,قيد يدوي رقم 1401 - أنشئ بواسطة Kashif Ali,1107,شركة يسم للتجارة,20000.0,,
1401,2026-04-28,قيد يدوي رقم 1401 - أنشئ بواسطة Kashif Ali,110102,عهدة سالم,,19000.0,
1401,2026-04-28,قيد يدوي رقم 1401 - أنشئ بواسطة Kashif Ali,110101,النقدية في الخزينة,,1000.0,
1404,2026-04-28,قيد يدوي رقم 1404 - أنشئ بواسطة Kashif Ali,5105,مصاريف وقود سيارات للموظفين,100.0,,
1404,2026-04-28,قيد يدوي رقم 1404 - أنشئ بواسطة Kashif Ali,110110,المصروفات النثرية مع أولا,,100.0,
1405,2026-04-28,قيد يدوي رقم 1405 - أنشئ بواسطة Kashif Ali,5214,مصاريف أخرى,26.0,,
1405,2026-04-28,قيد يدوي رقم 1405 - أنشئ بواسطة Kashif Ali,110110,المصروفات النثرية مع أولا,,26.0,
1407,2026-04-28,قيد يدوي رقم 1407 - أنشئ بواسطة Kashif Ali,110110,المصروفات النثرية مع أولا,1000.0,,
1407,2026-04-28,قيد يدوي رقم 1407 - أنشئ بواسطة Kashif Ali,110102,عهدة سالم,,1000.0,
1460,2026-04-28,قيد يدوي رقم 1460 - أنشئ بواسطة Kashif Ali,2103,الرواتب المستحقة,44200.0,,
1460,2026-04-28,قيد يدوي رقم 1460 - أنشئ بواسطة Kashif Ali,1107,شركة يسم للتجارة,,17000.0,
1460,2026-04-28,قيد يدوي رقم 1460 - أنشئ بواسطة Kashif Ali,1107,شركة يسم للتجارة,,2500.0,
1460,2026-04-28,قيد يدوي رقم 1460 - أنشئ بواسطة Kashif Ali,1107,شركة يسم للتجارة,,2300.0,
1460,2026-04-28,قيد يدوي رقم 1460 - أنشئ بواسطة Kashif Ali,1107,شركة يسم للتجارة,,2000.0,
1460,2026-04-28,قيد يدوي رقم 1460 - أنشئ بواسطة Kashif Ali,1107,شركة يسم للتجارة,,20400.0,
1408,2026-04-29,قيد يدوي رقم 1408 - أنشئ بواسطة Kashif Ali,5225,مصاريف وقود الموظف,100.0,,
1408,2026-04-29,قيد يدوي رقم 1408 - أنشئ بواسطة Kashif Ali,5224,نفقات غاز الأكسجين,203.26,,
1408,2026-04-29,قيد يدوي رقم 1408 - أنشئ بواسطة Kashif Ali,110110,المصروفات النثرية مع أولا,,100.0,
1408,2026-04-29,قيد يدوي رقم 1408 - أنشئ بواسطة Kashif Ali,110110,المصروفات النثرية مع أولا,,53.26,
1408,2026-04-29,قيد يدوي رقم 1408 - أنشئ بواسطة Kashif Ali,110110,المصروفات النثرية مع أولا,,150.0,
1409,2026-04-30,قيد يدوي رقم 1409 - أنشئ بواسطة Kashif Ali,110101,النقدية في الخزينة,4000.0,,
1409,2026-04-30,قيد يدوي رقم 1409 - أنشئ بواسطة Kashif Ali,110102,عهدة سالم,,4000.0,
1410,2026-04-30,قيد يدوي رقم 1410 - أنشئ بواسطة Kashif Ali,2103,الرواتب المستحقة,2300.0,,
1410,2026-04-30,قيد يدوي رقم 1410 - أنشئ بواسطة Kashif Ali,110101,النقدية في الخزينة,,2300.0,
1411,2026-04-30,قيد يدوي رقم 1411 - أنشئ بواسطة Kashif Ali,5216,مصاريف صيانه عامه بالمصنع,46.58,,silicon clip tape
1411,2026-04-30,قيد يدوي رقم 1411 - أنشئ بواسطة Kashif Ali,5105,مصاريف وقود سيارات للموظفين,100.0,,
1411,2026-04-30,قيد يدوي رقم 1411 - أنشئ بواسطة Kashif Ali,110110,المصروفات النثرية مع أولا,,100.0,
1411,2026-04-30,قيد يدوي رقم 1411 - أنشئ بواسطة Kashif Ali,110110,المصروفات النثرية مع أولا,,46.58,silicon clip tape
1464,2026-04-30,قيد يدوي رقم 1464 - أنشئ بواسطة Kashif Ali,5102,رواتب وأجور,50700.0,,
1464,2026-04-30,قيد يدوي رقم 1464 - أنشئ بواسطة Kashif Ali,2103,الرواتب المستحقة,,49500.0,
1464,2026-04-30,قيد يدوي رقم 1464 - أنشئ بواسطة Kashif Ali,110512,محمد فیاض,,200.0,
1464,2026-04-30,قيد يدوي رقم 1464 - أنشئ بواسطة Kashif Ali,110501,اشرف مروان الصايغ,,1000.0,
1563,2026-04-30,قيد يدوي رقم 1563 - أنشئ بواسطة Kashif Ali,1107,شركة يسم للتجارة,27636.0,,
1563,2026-04-30,قيد يدوي رقم 1563 - أنشئ بواسطة Kashif Ali,3202,جاري الشريك سالم بالحارث,,27636.0,
1798,2026-04-30,قيد يدوي رقم 1798 - أنشئ بواسطة Kashif Ali,5108,تكلفة البضائع المباعة من خردة الحديد,156100.0,,
1798,2026-04-30,قيد يدوي رقم 1798 - أنشئ بواسطة Kashif Ali,1109,جرد مواد الخردة,,156100.0,
1827,2026-04-30,قيد يدوي رقم 1827 - أنشئ بواسطة Kashif Ali,5106,مصاريف إيجار أرض المصنع,6602.05,,
1827,2026-04-30,قيد يدوي رقم 1827 - أنشئ بواسطة Kashif Ali,2102,مصروفات مستحقة,,6602.05,
1412,2026-05-02,قيد يدوي رقم 1412 - أنشئ بواسطة Kashif Ali,5105,مصاريف وقود سيارات للموظفين,100.0,,Brookline Diesel
1412,2026-05-02,قيد يدوي رقم 1412 - أنشئ بواسطة Kashif Ali,5216,مصاريف صيانه عامه بالمصنع,23.0,,cilicon
1412,2026-05-02,قيد يدوي رقم 1412 - أنشئ بواسطة Kashif Ali,110110,المصروفات النثرية مع أولا,,100.0,
1412,2026-05-02,قيد يدوي رقم 1412 - أنشئ بواسطة Kashif Ali,110110,المصروفات النثرية مع أولا,,23.0,
1418,2026-05-03,قيد يدوي رقم 1418 - أنشئ بواسطة Kashif Ali,5105,مصاريف وقود سيارات للموظفين,100.0,,Brookline Diesel
1418,2026-05-03,قيد يدوي رقم 1418 - أنشئ بواسطة Kashif Ali,5225,مصاريف وقود الموظف,80.0,,Ptrol
1418,2026-05-03,قيد يدوي رقم 1418 - أنشئ بواسطة Kashif Ali,5224,نفقات غاز الأكسجين,50.0,,oxygen
1418,2026-05-03,قيد يدوي رقم 1418 - أنشئ بواسطة Kashif Ali,5216,مصاريف صيانه عامه بالمصنع,50.0,,camry wheel polish 
1418,2026-05-03,قيد يدوي رقم 1418 - أنشئ بواسطة Kashif Ali,110110,المصروفات النثرية مع أولا,,100.0,
1418,2026-05-03,قيد يدوي رقم 1418 - أنشئ بواسطة Kashif Ali,110110,المصروفات النثرية مع أولا,,80.0,
1418,2026-05-03,قيد يدوي رقم 1418 - أنشئ بواسطة Kashif Ali,110110,المصروفات النثرية مع أولا,,50.0,
1418,2026-05-03,قيد يدوي رقم 1418 - أنشئ بواسطة Kashif Ali,110110,المصروفات النثرية مع أولا,,50.0,
1453,2026-05-03,قيد يدوي رقم 1453 - أنشئ بواسطة Kashif Ali,5225,مصاريف وقود الموظف,95.0,,
1453,2026-05-03,قيد يدوي رقم 1453 - أنشئ بواسطة Kashif Ali,110101,النقدية في الخزينة,,95.0,
1419,2026-05-04,قيد يدوي رقم 1419 - أنشئ بواسطة Kashif Ali,5105,مصاريف وقود سيارات للموظفين,100.0,,Brookoine Diesel 
1419,2026-05-04,قيد يدوي رقم 1419 - أنشئ بواسطة Kashif Ali,5105,مصاريف وقود سيارات للموظفين,50.0,,Pickup Diesel
1419,2026-05-04,قيد يدوي رقم 1419 - أنشئ بواسطة Kashif Ali,5105,مصاريف وقود سيارات للموظفين,10.0,,petrol
1419,2026-05-04,قيد يدوي رقم 1419 - أنشئ بواسطة Kashif Ali,5224,نفقات غاز الأكسجين,30.0,,oxygen gas
1419,2026-05-04,قيد يدوي رقم 1419 - أنشئ بواسطة Kashif Ali,110110,المصروفات النثرية مع أولا,,100.0,brookline diesel
1419,2026-05-04,قيد يدوي رقم 1419 - أنشئ بواسطة Kashif Ali,110110,المصروفات النثرية مع أولا,,50.0,Pickup Diesel
1419,2026-05-04,قيد يدوي رقم 1419 - أنشئ بواسطة Kashif Ali,110110,المصروفات النثرية مع أولا,,10.0,petrol
1419,2026-05-04,قيد يدوي رقم 1419 - أنشئ بواسطة Kashif Ali,110110,المصروفات النثرية مع أولا,,30.0,Oxygen
1420,2026-05-04,قيد يدوي رقم 1420 - أنشئ بواسطة Kashif Ali,110110,المصروفات النثرية مع أولا,45.0,,
1420,2026-05-04,قيد يدوي رقم 1420 - أنشئ بواسطة Kashif Ali,4201,إيرادات أخرى,,45.0,
1426,2026-05-04,قيد يدوي رقم 1426 - أنشئ بواسطة Kashif Ali,110102,عهدة سالم,33300.0,,
1426,2026-05-04,قيد يدوي رقم 1426 - أنشئ بواسطة Kashif Ali,110102,عهدة سالم,30235.0,,
1426,2026-05-04,قيد يدوي رقم 1426 - أنشئ بواسطة Kashif Ali,4102,الايرادات من بيع السكراب,,33300.0,
1426,2026-05-04,قيد يدوي رقم 1426 - أنشئ بواسطة Kashif Ali,4102,الايرادات من بيع السكراب,,30235.0,
1579,2026-05-04,قيد يدوي رقم 1579 - أنشئ بواسطة Kashif Ali,5214,مصاريف أخرى,345.0,,
1579,2026-05-04,قيد يدوي رقم 1579 - أنشئ بواسطة Kashif Ali,1107,شركة يسم للتجارة,,345.0,
1413,2026-05-05,قيد يدوي رقم 1413 - أنشئ بواسطة Kashif Ali,5206,تذاكر سفر,35.0,,
1413,2026-05-05,قيد يدوي رقم 1413 - أنشئ بواسطة Kashif Ali,110101,النقدية في الخزينة,,35.0,
1414,2026-05-05,قيد يدوي رقم 1414 - أنشئ بواسطة Kashif Ali,5217,مصاريف مياه وكهرباء,580.0,,
1414,2026-05-05,قيد يدوي رقم 1414 - أنشئ بواسطة Kashif Ali,110101,النقدية في الخزينة,,580.0,
1415,2026-05-05,قيد يدوي رقم 1415 - أنشئ بواسطة Kashif Ali,5225,مصاريف وقود الموظف,100.0,,
1415,2026-05-05,قيد يدوي رقم 1415 - أنشئ بواسطة Kashif Ali,110101,النقدية في الخزينة,,100.0,
1416,2026-05-05,قيد يدوي رقم 1416 - أنشئ بواسطة Kashif Ali,5206,تذاكر سفر,24.0,,
1416,2026-05-05,قيد يدوي رقم 1416 - أنشئ بواسطة Kashif Ali,110101,النقدية في الخزينة,,24.0,
1417,2026-05-05,قيد يدوي رقم 1417 - أنشئ بواسطة Kashif Ali,5225,مصاريف وقود الموظف,70.0,,
1417,2026-05-05,قيد يدوي رقم 1417 - أنشئ بواسطة Kashif Ali,110101,النقدية في الخزينة,,70.0,
1421,2026-05-05,قيد يدوي رقم 1421 - أنشئ بواسطة Kashif Ali,5216,مصاريف صيانه عامه بالمصنع,300.0,,Brookline Welding expense
1421,2026-05-05,قيد يدوي رقم 1421 - أنشئ بواسطة Kashif Ali,5216,مصاريف صيانه عامه بالمصنع,15.0,,Stone Gum purchased
1421,2026-05-05,قيد يدوي رقم 1421 - أنشئ بواسطة Kashif Ali,110110,المصروفات النثرية مع أولا,,300.0,Brookline Welding expense
1421,2026-05-05,قيد يدوي رقم 1421 - أنشئ بواسطة Kashif Ali,110110,المصروفات النثرية مع أولا,,15.0,Stone Gum purchased
1422,2026-05-05,قيد يدوي رقم 1422 - أنشئ بواسطة Kashif Ali,110110,المصروفات النثرية مع أولا,50.0,,Meezan
1422,2026-05-05,قيد يدوي رقم 1422 - أنشئ بواسطة Kashif Ali,110110,المصروفات النثرية مع أولا,1800.0,,Camry Engine sale
1422,2026-05-05,قيد يدوي رقم 1422 - أنشئ بواسطة Kashif Ali,4201,إيرادات أخرى,,50.0,Meezan
1422,2026-05-05,قيد يدوي رقم 1422 - أنشئ بواسطة Kashif Ali,4101,إيرادات قطع الغيار,,1800.0,Camry Engine sale
1441,2026-05-05,قيد يدوي رقم 1441 - أنشئ بواسطة Kashif Ali,1109,جرد مواد الخردة,1600.0,,
1441,2026-05-05,قيد يدوي رقم 1441 - أنشئ بواسطة Kashif Ali,1109,جرد مواد الخردة,172.5,,
1441,2026-05-05,قيد يدوي رقم 1441 - أنشئ بواسطة Kashif Ali,1107,شركة يسم للتجارة,,1600.0,
1441,2026-05-05,قيد يدوي رقم 1441 - أنشئ بواسطة Kashif Ali,1107,شركة يسم للتجارة,,172.5,
1452,2026-05-05,قيد يدوي رقم 1452 - أنشئ بواسطة Kashif Ali,5214,مصاريف أخرى,170.0,,
1452,2026-05-05,قيد يدوي رقم 1452 - أنشئ بواسطة Kashif Ali,110101,النقدية في الخزينة,,170.0,
1456,2026-05-05,قيد يدوي رقم 1456 - أنشئ بواسطة Kashif Ali,5217,مصاريف مياه وكهرباء,120.0,,
1456,2026-05-05,قيد يدوي رقم 1456 - أنشئ بواسطة Kashif Ali,110101,النقدية في الخزينة,,120.0,
1577,2026-05-05,قيد يدوي رقم 1577 - أنشئ بواسطة Kashif Ali,5207,التأمينات الاجتماعية,3841.42,,
1577,2026-05-05,قيد يدوي رقم 1577 - أنشئ بواسطة Kashif Ali,1107,شركة يسم للتجارة,,3841.42,
1423,2026-05-06,قيد يدوي رقم 1423 - أنشئ بواسطة Kashif Ali,5206,تذاكر سفر,80.0,,Taxi Fear
1423,2026-05-06,قيد يدوي رقم 1423 - أنشئ بواسطة Kashif Ali,110110,المصروفات النثرية مع أولا,,120.0,Lexus Engine Oil
1423,2026-05-06,قيد يدوي رقم 1423 - أنشئ بواسطة Kashif Ali,110110,المصروفات النثرية مع أولا,,20.0,Lexus Filter
1423,2026-05-06,قيد يدوي رقم 1423 - أنشئ بواسطة Kashif Ali,110110,المصروفات النثرية مع أولا,,320.0,Lexus Gear Oil
1423,2026-05-06,قيد يدوي رقم 1423 - أنشئ بواسطة Kashif Ali,110110,المصروفات النثرية مع أولا,,150.0,Brookline Hydraulic Oil
1423,2026-05-06,قيد يدوي رقم 1423 - أنشئ بواسطة Kashif Ali,110110,المصروفات النثرية مع أولا,,20.0,Ola Meal
1423,2026-05-06,قيد يدوي رقم 1423 - أنشئ بواسطة Kashif Ali,5214,مصاريف أخرى,120.0,,Lexus Engine Oil
1423,2026-05-06,قيد يدوي رقم 1423 - أنشئ بواسطة Kashif Ali,5214,مصاريف أخرى,20.0,,Lexus Filter
1423,2026-05-06,قيد يدوي رقم 1423 - أنشئ بواسطة Kashif Ali,5214,مصاريف أخرى,320.0,,Lexus Gear Oil
1423,2026-05-06,قيد يدوي رقم 1423 - أنشئ بواسطة Kashif Ali,5214,مصاريف أخرى,20.0,,Ola Meal
1423,2026-05-06,قيد يدوي رقم 1423 - أنشئ بواسطة Kashif Ali,5216,مصاريف صيانه عامه بالمصنع,130.0,,Brookline Cables
1423,2026-05-06,قيد يدوي رقم 1423 - أنشئ بواسطة Kashif Ali,5216,مصاريف صيانه عامه بالمصنع,150.0,,Brookline Hydraulic Oil
1423,2026-05-06,قيد يدوي رقم 1423 - أنشئ بواسطة Kashif Ali,110110,المصروفات النثرية مع أولا,,130.0,brookline Cables
1423,2026-05-06,قيد يدوي رقم 1423 - أنشئ بواسطة Kashif Ali,110110,المصروفات النثرية مع أولا,,80.0,Taxi fare
1438,2026-05-06,قيد يدوي رقم 1438 - أنشئ بواسطة Kashif Ali,1109,جرد مواد الخردة,1000.0,,
1438,2026-05-06,قيد يدوي رقم 1438 - أنشئ بواسطة Kashif Ali,110102,عهدة سالم,,1000.0,
1578,2026-05-06,قيد يدوي رقم 1578 - أنشئ بواسطة Kashif Ali,5208,الرسوم الحكومية,4850.0,,Rustum shoaiib Iqama
1578,2026-05-06,قيد يدوي رقم 1578 - أنشئ بواسطة Kashif Ali,1107,شركة يسم للتجارة,,4850.0,Rustum shoaiib Iqama
1578,2026-05-06,قيد يدوي رقم 1578 - أنشئ بواسطة Kashif Ali,5208,الرسوم الحكومية,650.23,,Alam Fee
1578,2026-05-06,قيد يدوي رقم 1578 - أنشئ بواسطة Kashif Ali,5208,الرسوم الحكومية,80.0,,Alam Fee
1578,2026-05-06,قيد يدوي رقم 1578 - أنشئ بواسطة Kashif Ali,5208,الرسوم الحكومية,30.0,,Alam Fee
1578,2026-05-06,قيد يدوي رقم 1578 - أنشئ بواسطة Kashif Ali,1107,شركة يسم للتجارة,,650.23,Alam Fee
1578,2026-05-06,قيد يدوي رقم 1578 - أنشئ بواسطة Kashif Ali,1107,شركة يسم للتجارة,,80.0,Alam Fee
1578,2026-05-06,قيد يدوي رقم 1578 - أنشئ بواسطة Kashif Ali,1107,شركة يسم للتجارة,,30.0,Alam Fee
1424,2026-05-07,قيد يدوي رقم 1424 - أنشئ بواسطة Kashif Ali,5225,مصاريف وقود الموظف,50.0,,Fuel for yaris
1424,2026-05-07,قيد يدوي رقم 1424 - أنشئ بواسطة Kashif Ali,5214,مصاريف أخرى,70.0,,fuel for Lexus
1424,2026-05-07,قيد يدوي رقم 1424 - أنشئ بواسطة Kashif Ali,110110,المصروفات النثرية مع أولا,,50.0,Fuel for yaris
1424,2026-05-07,قيد يدوي رقم 1424 - أنشئ بواسطة Kashif Ali,110110,المصروفات النثرية مع أولا,,70.0,fuel for Lexus
1425,2026-05-07,قيد يدوي رقم 1425 - أنشئ بواسطة Kashif Ali,110110,المصروفات النثرية مع أولا,50.0,,
1425,2026-05-07,قيد يدوي رقم 1425 - أنشئ بواسطة Kashif Ali,4201,إيرادات أخرى,,50.0,
1443,2026-05-07,قيد يدوي رقم 1443 - أنشئ بواسطة Kashif Ali,1109,جرد مواد الخردة,500.0,,
1443,2026-05-07,قيد يدوي رقم 1443 - أنشئ بواسطة Kashif Ali,110101,النقدية في الخزينة,,500.0,
1449,2026-05-07,قيد يدوي رقم 1449 - أنشئ بواسطة Kashif Ali,5225,مصاريف وقود الموظف,100.0,,
1449,2026-05-07,قيد يدوي رقم 1449 - أنشئ بواسطة Kashif Ali,110101,النقدية في الخزينة,,100.0,
1448,2026-05-09,قيد يدوي رقم 1448 - أنشئ بواسطة Kashif Ali,5226,صيانة مركبات الموظفين,35.0,,
1448,2026-05-09,قيد يدوي رقم 1448 - أنشئ بواسطة Kashif Ali,110101,النقدية في الخزينة,,35.0,
1451,2026-05-09,قيد يدوي رقم 1451 - أنشئ بواسطة Kashif Ali,5225,مصاريف وقود الموظف,100.0,,
1451,2026-05-09,قيد يدوي رقم 1451 - أنشئ بواسطة Kashif Ali,110101,النقدية في الخزينة,,100.0,
1427,2026-05-10,قيد يدوي رقم 1427 - أنشئ بواسطة Kashif Ali,1109,جرد مواد الخردة,26000.0,,
1427,2026-05-10,قيد يدوي رقم 1427 - أنشئ بواسطة Kashif Ali,110102,عهدة سالم,,26000.0,
1429,2026-05-10,قيد يدوي رقم 1429 - أنشئ بواسطة Kashif Ali,110110,المصروفات النثرية مع أولا,4000.0,,
1429,2026-05-10,قيد يدوي رقم 1429 - أنشئ بواسطة Kashif Ali,110102,عهدة سالم,,4000.0,
1432,2026-05-10,قيد يدوي رقم 1432 - أنشئ بواسطة Kashif Ali,110110,المصروفات النثرية مع أولا,50.0,,
1432,2026-05-10,قيد يدوي رقم 1432 - أنشئ بواسطة Kashif Ali,4201,إيرادات أخرى,,50.0,
1433,2026-05-10,قيد يدوي رقم 1433 - أنشئ بواسطة Kashif Ali,5225,مصاريف وقود الموظف,69.0,,Yaris Fuel 
1433,2026-05-10,قيد يدوي رقم 1433 - أنشئ بواسطة Kashif Ali,110110,المصروفات النثرية مع أولا,,1600.0,Loading Charges 
1433,2026-05-10,قيد يدوي رقم 1433 - أنشئ بواسطة Kashif Ali,5224,نفقات غاز الأكسجين,30.0,,Oxygen Gas 
1433,2026-05-10,قيد يدوي رقم 1433 - أنشئ بواسطة Kashif Ali,5214,مصاريف أخرى,40.0,,Ola Meal 
1433,2026-05-10,قيد يدوي رقم 1433 - أنشئ بواسطة Kashif Ali,1109,جرد مواد الخردة,2400.0,,Carriage of Cars
1433,2026-05-10,قيد يدوي رقم 1433 - أنشئ بواسطة Kashif Ali,1109,جرد مواد الخردة,1600.0,,Loading Charges 
1433,2026-05-10,قيد يدوي رقم 1433 - أنشئ بواسطة Kashif Ali,110110,المصروفات النثرية مع أولا,,69.0,Yaris Fuel 
1433,2026-05-10,قيد يدوي رقم 1433 - أنشئ بواسطة Kashif Ali,110110,المصروفات النثرية مع أولا,,30.0,Oxygen Gas 
1433,2026-05-10,قيد يدوي رقم 1433 - أنشئ بواسطة Kashif Ali,110110,المصروفات النثرية مع أولا,,40.0,Ola Meal 
1433,2026-05-10,قيد يدوي رقم 1433 - أنشئ بواسطة Kashif Ali,110110,المصروفات النثرية مع أولا,,2400.0,Carriage of Cars
1428,2026-05-11,قيد يدوي رقم 1428 - أنشئ بواسطة Kashif Ali,1109,جرد مواد الخردة,13000.0,,
1428,2026-05-11,قيد يدوي رقم 1428 - أنشئ بواسطة Kashif Ali,110102,عهدة سالم,,13000.0,
1430,2026-05-11,قيد يدوي رقم 1430 - أنشئ بواسطة Kashif Ali,110110,المصروفات النثرية مع أولا,2000.0,,
1430,2026-05-11,قيد يدوي رقم 1430 - أنشئ بواسطة Kashif Ali,110102,عهدة سالم,,2000.0,
1434,2026-05-11,قيد يدوي رقم 1434 - أنشئ بواسطة Kashif Ali,5214,مصاريف أخرى,20.0,,Ola Food 
1434,2026-05-11,قيد يدوي رقم 1434 - أنشئ بواسطة Kashif Ali,5105,مصاريف وقود سيارات للموظفين,100.0,,Brookline Diesel
1434,2026-05-11,قيد يدوي رقم 1434 - أنشئ بواسطة Kashif Ali,1109,جرد مواد الخردة,1200.0,,Carriage of cars 
1434,2026-05-11,قيد يدوي رقم 1434 - أنشئ بواسطة Kashif Ali,1109,جرد مواد الخردة,800.0,,loading charges
1434,2026-05-11,قيد يدوي رقم 1434 - أنشئ بواسطة Kashif Ali,110110,المصروفات النثرية مع أولا,,100.0,Brookline Diesel
1434,2026-05-11,قيد يدوي رقم 1434 - أنشئ بواسطة Kashif Ali,110110,المصروفات النثرية مع أولا,,20.0,Ola Food 
1434,2026-05-11,قيد يدوي رقم 1434 - أنشئ بواسطة Kashif Ali,110110,المصروفات النثرية مع أولا,,1200.0,Carriage of cars 
1434,2026-05-11,قيد يدوي رقم 1434 - أنشئ بواسطة Kashif Ali,110110,المصروفات النثرية مع أولا,,800.0,loading charges
1446,2026-05-11,قيد يدوي رقم 1446 - أنشئ بواسطة Kashif Ali,5226,صيانة مركبات الموظفين,90.0,,
1446,2026-05-11,قيد يدوي رقم 1446 - أنشئ بواسطة Kashif Ali,110101,النقدية في الخزينة,,90.0,
1431,2026-05-12,قيد يدوي رقم 1431 - أنشئ بواسطة Kashif Ali,110101,النقدية في الخزينة,1500.0,,
1431,2026-05-12,قيد يدوي رقم 1431 - أنشئ بواسطة Kashif Ali,110102,عهدة سالم,,1500.0,
1436,2026-05-12,قيد يدوي رقم 1436 - أنشئ بواسطة Kashif Ali,5214,مصاريف أخرى,20.0,,Ola Meal
1436,2026-05-12,قيد يدوي رقم 1436 - أنشئ بواسطة Kashif Ali,5105,مصاريف وقود سيارات للموظفين,100.0,,Brookline Diesel
1436,2026-05-12,قيد يدوي رقم 1436 - أنشئ بواسطة Kashif Ali,5225,مصاريف وقود الموظف,50.0,,Yaris Fuel
1436,2026-05-12,قيد يدوي رقم 1436 - أنشئ بواسطة Kashif Ali,110110,المصروفات النثرية مع أولا,,100.0,Brookline Diesel
1436,2026-05-12,قيد يدوي رقم 1436 - أنشئ بواسطة Kashif Ali,110110,المصروفات النثرية مع أولا,,50.0,Yaris Fuel
1436,2026-05-12,قيد يدوي رقم 1436 - أنشئ بواسطة Kashif Ali,110110,المصروفات النثرية مع أولا,,20.0,Ola Meal
1442,2026-05-12,قيد يدوي رقم 1442 - أنشئ بواسطة Kashif Ali,5208,الرسوم الحكومية,2425.0,,
1442,2026-05-12,قيد يدوي رقم 1442 - أنشئ بواسطة Kashif Ali,5208,الرسوم الحكومية,162.0,,
1442,2026-05-12,قيد يدوي رقم 1442 - أنشئ بواسطة Kashif Ali,110501,اشرف مروان الصايغ,3600.0,,
1442,2026-05-12,قيد يدوي رقم 1442 - أنشئ بواسطة Kashif Ali,1107,شركة يسم للتجارة,,162.0,
1442,2026-05-12,قيد يدوي رقم 1442 - أنشئ بواسطة Kashif Ali,1107,شركة يسم للتجارة,,2425.0,
1442,2026-05-12,قيد يدوي رقم 1442 - أنشئ بواسطة Kashif Ali,1107,شركة يسم للتجارة,,3600.0,
1444,2026-05-12,قيد يدوي رقم 1444 - أنشئ بواسطة Kashif Ali,1109,جرد مواد الخردة,1000.0,,
1444,2026-05-12,قيد يدوي رقم 1444 - أنشئ بواسطة Kashif Ali,110101,النقدية في الخزينة,,1000.0,
1454,2026-05-12,قيد يدوي رقم 1454 - أنشئ بواسطة Kashif Ali,5214,مصاريف أخرى,403.0,,
1454,2026-05-12,قيد يدوي رقم 1454 - أنشئ بواسطة Kashif Ali,110101,النقدية في الخزينة,,403.0,
1468,2026-05-12,قيد يدوي رقم 1468 - أنشئ بواسطة Kashif Ali,110101,النقدية في الخزينة,3300.0,,
1468,2026-05-12,قيد يدوي رقم 1468 - أنشئ بواسطة Kashif Ali,2104,قروض قصيرة الأجل,,3300.0,
1439,2026-05-13,قيد يدوي رقم 1439 - أنشئ بواسطة Kashif Ali,5208,الرسوم الحكومية,7275.0,,
1439,2026-05-13,قيد يدوي رقم 1439 - أنشئ بواسطة Kashif Ali,5208,الرسوم الحكومية,488.0,,
1439,2026-05-13,قيد يدوي رقم 1439 - أنشئ بواسطة Kashif Ali,1107,شركة يسم للتجارة,,7275.0,
1439,2026-05-13,قيد يدوي رقم 1439 - أنشئ بواسطة Kashif Ali,1107,شركة يسم للتجارة,,488.0,
1440,2026-05-13,قيد يدوي رقم 1440 - أنشئ بواسطة Kashif Ali,5105,مصاريف وقود سيارات للموظفين,100.0,,
1440,2026-05-13,قيد يدوي رقم 1440 - أنشئ بواسطة Kashif Ali,110110,المصروفات النثرية مع أولا,,100.0,
1445,2026-05-13,قيد يدوي رقم 1445 - أنشئ بواسطة Kashif Ali,5214,مصاريف أخرى,150.0,,
1445,2026-05-13,قيد يدوي رقم 1445 - أنشئ بواسطة Kashif Ali,110101,النقدية في الخزينة,,150.0,
1447,2026-05-13,قيد يدوي رقم 1447 - أنشئ بواسطة Kashif Ali,5214,مصاريف أخرى,40.0,,
1447,2026-05-13,قيد يدوي رقم 1447 - أنشئ بواسطة Kashif Ali,110101,النقدية في الخزينة,,40.0,
1450,2026-05-13,قيد يدوي رقم 1450 - أنشئ بواسطة Kashif Ali,5214,مصاريف أخرى,23.0,,
1450,2026-05-13,قيد يدوي رقم 1450 - أنشئ بواسطة Kashif Ali,110101,النقدية في الخزينة,,23.0,
1455,2026-05-13,قيد يدوي رقم 1455 - أنشئ بواسطة Kashif Ali,110505,إبراهيم عبد الله (سائق بروكلين),100.0,,
1455,2026-05-13,قيد يدوي رقم 1455 - أنشئ بواسطة Kashif Ali,110101,النقدية في الخزينة,,100.0,
1461,2026-05-13,قيد يدوي رقم 1461 - أنشئ بواسطة Kashif Ali,5225,مصاريف وقود الموظف,95.0,,
1461,2026-05-13,قيد يدوي رقم 1461 - أنشئ بواسطة Kashif Ali,110101,النقدية في الخزينة,,95.0,
1474,2026-05-13,قيد يدوي رقم 1474 - أنشئ بواسطة Kashif Ali,110110,المصروفات النثرية مع أولا,50.0,,
1474,2026-05-13,قيد يدوي رقم 1474 - أنشئ بواسطة Kashif Ali,4201,إيرادات أخرى,,50.0,
1458,2026-05-14,قيد يدوي رقم 1458 - أنشئ بواسطة Kashif Ali,110511,فؤاد عبدالله قاسم,1000.0,,
1458,2026-05-14,قيد يدوي رقم 1458 - أنشئ بواسطة Kashif Ali,110102,عهدة سالم,,1000.0,
1470,2026-05-14,قيد يدوي رقم 1470 - أنشئ بواسطة Kashif Ali,110110,المصروفات النثرية مع أولا,2000.0,,
1470,2026-05-14,قيد يدوي رقم 1470 - أنشئ بواسطة Kashif Ali,110101,النقدية في الخزينة,,2000.0,
1473,2026-05-14,قيد يدوي رقم 1473 - أنشئ بواسطة Kashif Ali,5105,مصاريف وقود سيارات للموظفين,100.0,,
1473,2026-05-14,قيد يدوي رقم 1473 - أنشئ بواسطة Kashif Ali,110110,المصروفات النثرية مع أولا,,100.0,
1576,2026-05-14,قيد يدوي رقم 1576 - أنشئ بواسطة Kashif Ali,5217,مصاريف مياه وكهرباء,4644.55,,
1576,2026-05-14,قيد يدوي رقم 1576 - أنشئ بواسطة Kashif Ali,1107,شركة يسم للتجارة,,4644.55,
1462,2026-05-16,قيد يدوي رقم 1462 - أنشئ بواسطة Kashif Ali,5214,مصاريف أخرى,56.0,,
1462,2026-05-16,قيد يدوي رقم 1462 - أنشئ بواسطة Kashif Ali,110101,النقدية في الخزينة,,56.0,
1463,2026-05-16,قيد يدوي رقم 1463 - أنشئ بواسطة Kashif Ali,5226,صيانة مركبات الموظفين,113.04,,
1463,2026-05-16,قيد يدوي رقم 1463 - أنشئ بواسطة Kashif Ali,2105,ضريبة القيمة المضافة المستحقة,16.96,,In No. 17214 X Max Car Service Company 
1463,2026-05-16,قيد يدوي رقم 1463 - أنشئ بواسطة Kashif Ali,110101,النقدية في الخزينة,,130.0,
1475,2026-05-16,قيد يدوي رقم 1475 - أنشئ بواسطة Kashif Ali,5105,مصاريف وقود سيارات للموظفين,100.0,,Brookline Diesel
1475,2026-05-16,قيد يدوي رقم 1475 - أنشئ بواسطة Kashif Ali,5225,مصاريف وقود الموظف,60.0,,Yaris Fuel
1475,2026-05-16,قيد يدوي رقم 1475 - أنشئ بواسطة Kashif Ali,5214,مصاريف أخرى,3.0,,Nose Mask
1475,2026-05-16,قيد يدوي رقم 1475 - أنشئ بواسطة Kashif Ali,5224,نفقات غاز الأكسجين,53.0,,oxygen gas
1475,2026-05-16,قيد يدوي رقم 1475 - أنشئ بواسطة Kashif Ali,110110,المصروفات النثرية مع أولا,,100.0,Brookline Diesel
1475,2026-05-16,قيد يدوي رقم 1475 - أنشئ بواسطة Kashif Ali,110110,المصروفات النثرية مع أولا,,60.0,Yaris Fuel 
1475,2026-05-16,قيد يدوي رقم 1475 - أنشئ بواسطة Kashif Ali,110110,المصروفات النثرية مع أولا,,3.0,Nose Mask
1475,2026-05-16,قيد يدوي رقم 1475 - أنشئ بواسطة Kashif Ali,110110,المصروفات النثرية مع أولا,,53.0,Oxygen
1472,2026-05-17,قيد يدوي رقم 1472 - أنشئ بواسطة Kashif Ali,5105,مصاريف وقود سيارات للموظفين,100.0,,Brookline Diesel
1472,2026-05-17,قيد يدوي رقم 1472 - أنشئ بواسطة Kashif Ali,110110,المصروفات النثرية مع أولا,,50.0,wrap Nylon
1472,2026-05-17,قيد يدوي رقم 1472 - أنشئ بواسطة Kashif Ali,5224,نفقات غاز الأكسجين,150.0,,Oxygen Gas 
1472,2026-05-17,قيد يدوي رقم 1472 - أنشئ بواسطة Kashif Ali,5214,مصاريف أخرى,20.0,,Ola Meal 
1472,2026-05-17,قيد يدوي رقم 1472 - أنشئ بواسطة Kashif Ali,5214,مصاريف أخرى,160.0,,Lexus Linkage
1472,2026-05-17,قيد يدوي رقم 1472 - أنشئ بواسطة Kashif Ali,5214,مصاريف أخرى,50.0,,Nylon Wrap
1472,2026-05-17,قيد يدوي رقم 1472 - أنشئ بواسطة Kashif Ali,110110,المصروفات النثرية مع أولا,,100.0,Brookline Diesel
1472,2026-05-17,قيد يدوي رقم 1472 - أنشئ بواسطة Kashif Ali,110110,المصروفات النثرية مع أولا,,150.0,Oxygen Gas 
1472,2026-05-17,قيد يدوي رقم 1472 - أنشئ بواسطة Kashif Ali,110110,المصروفات النثرية مع أولا,,20.0,Ola Meal
1472,2026-05-17,قيد يدوي رقم 1472 - أنشئ بواسطة Kashif Ali,110110,المصروفات النثرية مع أولا,,160.0,lexus Linkage
1476,2026-05-18,قيد يدوي رقم 1476 - أنشئ بواسطة Kashif Ali,5105,مصاريف وقود سيارات للموظفين,100.0,,Brookline Diesel
1476,2026-05-18,قيد يدوي رقم 1476 - أنشئ بواسطة Kashif Ali,5105,مصاريف وقود سيارات للموظفين,150.0,,hydraulic Oil
1476,2026-05-18,قيد يدوي رقم 1476 - أنشئ بواسطة Kashif Ali,5225,مصاريف وقود الموظف,50.0,,Yaris Fuel
1476,2026-05-18,قيد يدوي رقم 1476 - أنشئ بواسطة Kashif Ali,110110,المصروفات النثرية مع أولا,,100.0,Brookline Diesel
1476,2026-05-18,قيد يدوي رقم 1476 - أنشئ بواسطة Kashif Ali,110110,المصروفات النثرية مع أولا,,150.0,Hydraulic Oil
1476,2026-05-18,قيد يدوي رقم 1476 - أنشئ بواسطة Kashif Ali,110110,المصروفات النثرية مع أولا,,50.0,Yaris Fuel 
1482,2026-05-18,قيد يدوي رقم 1482 - أنشئ بواسطة Kashif Ali,5225,مصاريف وقود الموظف,100.0,,
1482,2026-05-18,قيد يدوي رقم 1482 - أنشئ بواسطة Kashif Ali,110102,عهدة سالم,,100.0,
1487,2026-05-18,قيد يدوي رقم 1487 - أنشئ بواسطة Kashif Ali,5216,مصاريف صيانه عامه بالمصنع,1392.0,,
1487,2026-05-18,قيد يدوي رقم 1487 - أنشئ بواسطة Kashif Ali,2105,ضريبة القيمة المضافة المستحقة,208.0,,Spark Electricals In No. 1019
1487,2026-05-18,قيد يدوي رقم 1487 - أنشئ بواسطة Kashif Ali,110102,عهدة سالم,,1600.0,
1465,2026-05-19,قيد يدوي رقم 1465 - أنشئ بواسطة Kashif Ali,5208,الرسوم الحكومية,460.0,,
1465,2026-05-19,قيد يدوي رقم 1465 - أنشئ بواسطة Kashif Ali,1107,شركة يسم للتجارة,,460.0,
1469,2026-05-19,قيد يدوي رقم 1469 - أنشئ بواسطة Kashif Ali,110110,المصروفات النثرية مع أولا,1300.0,,
1469,2026-05-19,قيد يدوي رقم 1469 - أنشئ بواسطة Kashif Ali,110101,النقدية في الخزينة,,1300.0,
1477,2026-05-19,قيد يدوي رقم 1477 - أنشئ بواسطة Kashif Ali,5105,مصاريف وقود سيارات للموظفين,100.0,,Brookline Diesel
1477,2026-05-19,قيد يدوي رقم 1477 - أنشئ بواسطة Kashif Ali,5214,مصاريف أخرى,13.0,,Sun Shield
1477,2026-05-19,قيد يدوي رقم 1477 - أنشئ بواسطة Kashif Ali,1109,جرد مواد الخردة,1300.0,,Loading and Carriage 10 Cars
1477,2026-05-19,قيد يدوي رقم 1477 - أنشئ بواسطة Kashif Ali,110110,المصروفات النثرية مع أولا,,100.0,Brookline Diesel
1477,2026-05-19,قيد يدوي رقم 1477 - أنشئ بواسطة Kashif Ali,110110,المصروفات النثرية مع أولا,,13.0,Sun Shield
1477,2026-05-19,قيد يدوي رقم 1477 - أنشئ بواسطة Kashif Ali,110110,المصروفات النثرية مع أولا,,1300.0,Loading and Carriage 10 Cars
1466,2026-05-20,قيد يدوي رقم 1466 - أنشئ بواسطة Kashif Ali,110102,عهدة سالم,22400.0,,
1466,2026-05-20,قيد يدوي رقم 1466 - أنشئ بواسطة Kashif Ali,4102,الايرادات من بيع السكراب,,22400.0,
1478,2026-05-20,قيد يدوي رقم 1478 - أنشئ بواسطة Kashif Ali,110110,المصروفات النثرية مع أولا,100.0,,
1478,2026-05-20,قيد يدوي رقم 1478 - أنشئ بواسطة Kashif Ali,4201,إيرادات أخرى,,100.0,
1479,2026-05-20,قيد يدوي رقم 1479 - أنشئ بواسطة Kashif Ali,5105,مصاريف وقود سيارات للموظفين,100.0,,Brookline Diesel
1479,2026-05-20,قيد يدوي رقم 1479 - أنشئ بواسطة Kashif Ali,110110,المصروفات النثرية مع أولا,,100.0,water
1479,2026-05-20,قيد يدوي رقم 1479 - أنشئ بواسطة Kashif Ali,5216,مصاريف صيانه عامه بالمصنع,150.0,,hydraulic Oil
1479,2026-05-20,قيد يدوي رقم 1479 - أنشئ بواسطة Kashif Ali,5216,مصاريف صيانه عامه بالمصنع,140.0,,Brookline Hose Repair
1479,2026-05-20,قيد يدوي رقم 1479 - أنشئ بواسطة Kashif Ali,5214,مصاريف أخرى,40.0,,Nylon Wrap
1479,2026-05-20,قيد يدوي رقم 1479 - أنشئ بواسطة Kashif Ali,5214,مصاريف أخرى,100.0,,Water
1479,2026-05-20,قيد يدوي رقم 1479 - أنشئ بواسطة Kashif Ali,110110,المصروفات النثرية مع أولا,,100.0,Brookline Diesel
1479,2026-05-20,قيد يدوي رقم 1479 - أنشئ بواسطة Kashif Ali,110110,المصروفات النثرية مع أولا,,150.0,hydraulic Oil
1479,2026-05-20,قيد يدوي رقم 1479 - أنشئ بواسطة Kashif Ali,110110,المصروفات النثرية مع أولا,,140.0,Brookline hose repair 
1479,2026-05-20,قيد يدوي رقم 1479 - أنشئ بواسطة Kashif Ali,110110,المصروفات النثرية مع أولا,,40.0,Nylon Wrap
1483,2026-05-20,قيد يدوي رقم 1483 - أنشئ بواسطة Kashif Ali,5214,مصاريف أخرى,150.0,,
1483,2026-05-20,قيد يدوي رقم 1483 - أنشئ بواسطة Kashif Ali,110102,عهدة سالم,,150.0,
1484,2026-05-20,قيد يدوي رقم 1484 - أنشئ بواسطة Kashif Ali,5226,صيانة مركبات الموظفين,1900.0,,
1484,2026-05-20,قيد يدوي رقم 1484 - أنشئ بواسطة Kashif Ali,110102,عهدة سالم,,1900.0,
1488,2026-05-20,قيد يدوي رقم 1488 - أنشئ بواسطة Kashif Ali,5226,صيانة مركبات الموظفين,500.0,,
1488,2026-05-20,قيد يدوي رقم 1488 - أنشئ بواسطة Kashif Ali,110102,عهدة سالم,,500.0,
1467,2026-05-21,قيد يدوي رقم 1467 - أنشئ بواسطة Kashif Ali,1109,جرد مواد الخردة,9000.0,,
1467,2026-05-21,قيد يدوي رقم 1467 - أنشئ بواسطة Kashif Ali,110102,عهدة سالم,,9000.0,
1471,2026-05-21,قيد يدوي رقم 1471 - أنشئ بواسطة Kashif Ali,2104,قروض قصيرة الأجل,3300.0,,
1471,2026-05-21,قيد يدوي رقم 1471 - أنشئ بواسطة Kashif Ali,110102,عهدة سالم,,3300.0,
1480,2026-05-21,قيد يدوي رقم 1480 - أنشئ بواسطة Kashif Ali,5105,مصاريف وقود سيارات للموظفين,100.0,,Brookline Diesel
1480,2026-05-21,قيد يدوي رقم 1480 - أنشئ بواسطة Kashif Ali,5214,مصاريف أخرى,22.0,,Cutting Blade
1480,2026-05-21,قيد يدوي رقم 1480 - أنشئ بواسطة Kashif Ali,5214,مصاريف أخرى,50.0,,Water
1480,2026-05-21,قيد يدوي رقم 1480 - أنشئ بواسطة Kashif Ali,110110,المصروفات النثرية مع أولا,,100.0,Brookline Diesel
1480,2026-05-21,قيد يدوي رقم 1480 - أنشئ بواسطة Kashif Ali,110110,المصروفات النثرية مع أولا,,22.0,Cutting Blade
1480,2026-05-21,قيد يدوي رقم 1480 - أنشئ بواسطة Kashif Ali,110110,المصروفات النثرية مع أولا,,50.0,Water
1481,2026-05-21,قيد يدوي رقم 1481 - أنشئ بواسطة Kashif Ali,5222,رسوم تجديد اقامات ونقل موظفين,1350.0,,
1481,2026-05-21,قيد يدوي رقم 1481 - أنشئ بواسطة Kashif Ali,110102,عهدة سالم,,1350.0,
1485,2026-05-22,قيد يدوي رقم 1485 - أنشئ بواسطة Kashif Ali,5226,صيانة مركبات الموظفين,100.0,,
1485,2026-05-22,قيد يدوي رقم 1485 - أنشئ بواسطة Kashif Ali,110102,عهدة سالم,,100.0,
1486,2026-05-22,قيد يدوي رقم 1486 - أنشئ بواسطة Kashif Ali,5226,صيانة مركبات الموظفين,240.0,,
1486,2026-05-22,قيد يدوي رقم 1486 - أنشئ بواسطة Kashif Ali,110102,عهدة سالم,,240.0,
1489,2026-05-23,قيد يدوي رقم 1489 - أنشئ بواسطة Kashif Ali,110110,المصروفات النثرية مع أولا,800.0,,
1489,2026-05-23,قيد يدوي رقم 1489 - أنشئ بواسطة Kashif Ali,110102,عهدة سالم,,800.0,
1508,2026-05-23,قيد يدوي رقم 1508 - أنشئ بواسطة Kashif Ali,5105,مصاريف وقود سيارات للموظفين,100.0,,Brookline Diesel
1508,2026-05-23,قيد يدوي رقم 1508 - أنشئ بواسطة Kashif Ali,5225,مصاريف وقود الموظف,50.0,,Yaris Fuel
1508,2026-05-23,قيد يدوي رقم 1508 - أنشئ بواسطة Kashif Ali,110110,المصروفات النثرية مع أولا,,100.0,Brookline Hose Repair
1508,2026-05-23,قيد يدوي رقم 1508 - أنشئ بواسطة Kashif Ali,110110,المصروفات النثرية مع أولا,,50.0,Yaris Fuel
1490,2026-05-24,قيد يدوي رقم 1490 - أنشئ بواسطة Kashif Ali,5208,الرسوم الحكومية,2425.0,,
1490,2026-05-24,قيد يدوي رقم 1490 - أنشئ بواسطة Kashif Ali,1107,شركة يسم للتجارة,,2425.0,
1490,2026-05-24,قيد يدوي رقم 1490 - أنشئ بواسطة Kashif Ali,5208,الرسوم الحكومية,163.0,,
1490,2026-05-24,قيد يدوي رقم 1490 - أنشئ بواسطة Kashif Ali,1107,شركة يسم للتجارة,,163.0,
1491,2026-05-24,قيد يدوي رقم 1491 - أنشئ بواسطة Kashif Ali,110109,نقداً مع شعيب,100.0,,
1491,2026-05-24,قيد يدوي رقم 1491 - أنشئ بواسطة Kashif Ali,110102,عهدة سالم,,100.0,
1492,2026-05-24,قيد يدوي رقم 1492 - أنشئ بواسطة Kashif Ali,5225,مصاريف وقود الموظف,100.0,,
1492,2026-05-24,قيد يدوي رقم 1492 - أنشئ بواسطة Kashif Ali,110109,نقداً مع شعيب,,100.0,
1493,2026-05-24,قيد يدوي رقم 1493 - أنشئ بواسطة Kashif Ali,110109,نقداً مع شعيب,200.0,,
1493,2026-05-24,قيد يدوي رقم 1493 - أنشئ بواسطة Kashif Ali,110102,عهدة سالم,,200.0,
1494,2026-05-24,قيد يدوي رقم 1494 - أنشئ بواسطة Kashif Ali,110109,نقداً مع شعيب,2200.0,,
1494,2026-05-24,قيد يدوي رقم 1494 - أنشئ بواسطة Kashif Ali,110102,عهدة سالم,,2200.0,
1509,2026-05-24,قيد يدوي رقم 1509 - أنشئ بواسطة Kashif Ali,110110,المصروفات النثرية مع أولا,50.0,,
1509,2026-05-24,قيد يدوي رقم 1509 - أنشئ بواسطة Kashif Ali,4201,إيرادات أخرى,,50.0,
1510,2026-05-24,قيد يدوي رقم 1510 - أنشئ بواسطة Kashif Ali,5105,مصاريف وقود سيارات للموظفين,100.0,,Brookline Diesel
1510,2026-05-24,قيد يدوي رقم 1510 - أنشئ بواسطة Kashif Ali,5214,مصاريف أخرى,900.0,,Lexus Painting 
1510,2026-05-24,قيد يدوي رقم 1510 - أنشئ بواسطة Kashif Ali,5214,مصاريف أخرى,53.0,,Cooking Gas
1510,2026-05-24,قيد يدوي رقم 1510 - أنشئ بواسطة Kashif Ali,5214,مصاريف أخرى,60.0,,Lexus Washing 
1510,2026-05-24,قيد يدوي رقم 1510 - أنشئ بواسطة Kashif Ali,110110,المصروفات النثرية مع أولا,,100.0,Brookline Diesel
1510,2026-05-24,قيد يدوي رقم 1510 - أنشئ بواسطة Kashif Ali,110110,المصروفات النثرية مع أولا,,900.0,Lexus Painting
1510,2026-05-24,قيد يدوي رقم 1510 - أنشئ بواسطة Kashif Ali,110110,المصروفات النثرية مع أولا,,53.0,Cooking Gas
1510,2026-05-24,قيد يدوي رقم 1510 - أنشئ بواسطة Kashif Ali,110110,المصروفات النثرية مع أولا,,60.0,Lexus Washing 
1495,2026-05-25,قيد يدوي رقم 1495 - أنشئ بواسطة Kashif Ali,110102,عهدة سالم,1500.0,,
1495,2026-05-25,قيد يدوي رقم 1495 - أنشئ بواسطة Kashif Ali,110109,نقداً مع شعيب,,1500.0,
1496,2026-05-25,قيد يدوي رقم 1496 - أنشئ بواسطة Kashif Ali,110110,المصروفات النثرية مع أولا,1520.0,,
1496,2026-05-25,قيد يدوي رقم 1496 - أنشئ بواسطة Kashif Ali,110102,عهدة سالم,,1520.0,
1502,2026-05-25,قيد يدوي رقم 1502 - أنشئ بواسطة Kashif Ali,5226,صيانة مركبات الموظفين,25.0,,
1502,2026-05-25,قيد يدوي رقم 1502 - أنشئ بواسطة Kashif Ali,110109,نقداً مع شعيب,,25.0,
1511,2026-05-25,قيد يدوي رقم 1511 - أنشئ بواسطة Kashif Ali,5105,مصاريف وقود سيارات للموظفين,100.0,,Brookline Diesel
1511,2026-05-25,قيد يدوي رقم 1511 - أنشئ بواسطة Kashif Ali,110110,المصروفات النثرية مع أولا,,20.0,Ola Meal
1511,2026-05-25,قيد يدوي رقم 1511 - أنشئ بواسطة Kashif Ali,5225,مصاريف وقود الموظف,50.0,,Yaris Fuel
1511,2026-05-25,قيد يدوي رقم 1511 - أنشئ بواسطة Kashif Ali,1109,جرد مواد الخردة,800.0,,Carriage of cars 
1511,2026-05-25,قيد يدوي رقم 1511 - أنشئ بواسطة Kashif Ali,1109,جرد مواد الخردة,500.0,,loading charges
1511,2026-05-25,قيد يدوي رقم 1511 - أنشئ بواسطة Kashif Ali,5214,مصاريف أخرى,20.0,,Ola Meal
1511,2026-05-25,قيد يدوي رقم 1511 - أنشئ بواسطة Kashif Ali,110110,المصروفات النثرية مع أولا,,100.0,Brookline Diesel
1511,2026-05-25,قيد يدوي رقم 1511 - أنشئ بواسطة Kashif Ali,110110,المصروفات النثرية مع أولا,,50.0,Yaris Fuel
1511,2026-05-25,قيد يدوي رقم 1511 - أنشئ بواسطة Kashif Ali,110110,المصروفات النثرية مع أولا,,800.0,Carriage of cars 
1511,2026-05-25,قيد يدوي رقم 1511 - أنشئ بواسطة Kashif Ali,110110,المصروفات النثرية مع أولا,,500.0,loading charges
1503,2026-05-26,قيد يدوي رقم 1503 - أنشئ بواسطة Kashif Ali,5226,صيانة مركبات الموظفين,100.0,,
1503,2026-05-26,قيد يدوي رقم 1503 - أنشئ بواسطة Kashif Ali,110109,نقداً مع شعيب,,100.0,
1581,2026-05-26,قيد يدوي رقم 1581 - أنشئ بواسطة Kashif Ali,5102,رواتب وأجور,50700.0,,
1581,2026-05-26,قيد يدوي رقم 1581 - أنشئ بواسطة Kashif Ali,110501,اشرف مروان الصايغ,,1000.0,
1581,2026-05-26,قيد يدوي رقم 1581 - أنشئ بواسطة Kashif Ali,110505,إبراهيم عبد الله (سائق بروكلين),,100.0,
1581,2026-05-26,قيد يدوي رقم 1581 - أنشئ بواسطة Kashif Ali,110511,فؤاد عبدالله قاسم,,500.0,
1581,2026-05-26,قيد يدوي رقم 1581 - أنشئ بواسطة Kashif Ali,2103,الرواتب المستحقة,,49100.0,
1582,2026-05-27,قيد يدوي رقم 1582 - أنشئ بواسطة Kashif Ali,2103,الرواتب المستحقة,49100.0,,
1582,2026-05-27,قيد يدوي رقم 1582 - أنشئ بواسطة Kashif Ali,1107,شركة يسم للتجارة,,23600.0,Mudad
1582,2026-05-27,قيد يدوي رقم 1582 - أنشئ بواسطة Kashif Ali,1107,شركة يسم للتجارة,,2300.0,Amer Suleman
1582,2026-05-27,قيد يدوي رقم 1582 - أنشئ بواسطة Kashif Ali,1107,شركة يسم للتجارة,,2000.0,Abdul Majeed
1582,2026-05-27,قيد يدوي رقم 1582 - أنشئ بواسطة Kashif Ali,1107,شركة يسم للتجارة,,1800.0,Fuad
1582,2026-05-27,قيد يدوي رقم 1582 - أنشئ بواسطة Kashif Ali,1107,شركة يسم للتجارة,,2400.0,Ibrahim
1582,2026-05-27,قيد يدوي رقم 1582 - أنشئ بواسطة Kashif Ali,1107,شركة يسم للتجارة,,17000.0,Siddique 
1583,2026-05-27,قيد يدوي رقم 1583 - أنشئ بواسطة Kashif Ali,5102,رواتب وأجور,2710.0,,
1583,2026-05-27,قيد يدوي رقم 1583 - أنشئ بواسطة Kashif Ali,1107,شركة يسم للتجارة,,2710.0,
1499,2026-05-29,قيد يدوي رقم 1499 - أنشئ بواسطة Kashif Ali,5225,مصاريف وقود الموظف,75.0,,
1499,2026-05-29,قيد يدوي رقم 1499 - أنشئ بواسطة Kashif Ali,110109,نقداً مع شعيب,,75.0,
1506,2026-05-29,قيد يدوي رقم 1506 - أنشئ بواسطة Kashif Ali,5225,مصاريف وقود الموظف,50.0,,
1506,2026-05-29,قيد يدوي رقم 1506 - أنشئ بواسطة Kashif Ali,110109,نقداً مع شعيب,,50.0,
1497,2026-05-30,قيد يدوي رقم 1497 - أنشئ بواسطة Kashif Ali,110109,نقداً مع شعيب,2000.0,,
1497,2026-05-30,قيد يدوي رقم 1497 - أنشئ بواسطة Kashif Ali,110102,عهدة سالم,,2000.0,
1498,2026-05-30,قيد يدوي رقم 1498 - أنشئ بواسطة Kashif Ali,110110,المصروفات النثرية مع أولا,1000.0,,
1498,2026-05-30,قيد يدوي رقم 1498 - أنشئ بواسطة Kashif Ali,110102,عهدة سالم,,1000.0,
1500,2026-05-30,قيد يدوي رقم 1500 - أنشئ بواسطة Kashif Ali,5225,مصاريف وقود الموظف,95.0,,
1500,2026-05-30,قيد يدوي رقم 1500 - أنشئ بواسطة Kashif Ali,110109,نقداً مع شعيب,,95.0,
1501,2026-05-30,قيد يدوي رقم 1501 - أنشئ بواسطة Kashif Ali,5206,تذاكر سفر,20.0,,
1501,2026-05-30,قيد يدوي رقم 1501 - أنشئ بواسطة Kashif Ali,110109,نقداً مع شعيب,,20.0,
1512,2026-05-30,قيد يدوي رقم 1512 - أنشئ بواسطة Kashif Ali,5105,مصاريف وقود سيارات للموظفين,100.0,,Brookline Diesel
1512,2026-05-30,قيد يدوي رقم 1512 - أنشئ بواسطة Kashif Ali,5214,مصاريف أخرى,24.0,,Gloves 
1512,2026-05-30,قيد يدوي رقم 1512 - أنشئ بواسطة Kashif Ali,110110,المصروفات النثرية مع أولا,,100.0,Brookline Diesel
1512,2026-05-30,قيد يدوي رقم 1512 - أنشئ بواسطة Kashif Ali,110110,المصروفات النثرية مع أولا,,24.0,Gloves
1504,2026-05-31,قيد يدوي رقم 1504 - أنشئ بواسطة Kashif Ali,5206,تذاكر سفر,60.0,,
1504,2026-05-31,قيد يدوي رقم 1504 - أنشئ بواسطة Kashif Ali,110109,نقداً مع شعيب,,60.0,
1505,2026-05-31,قيد يدوي رقم 1505 - أنشئ بواسطة Kashif Ali,5216,مصاريف صيانه عامه بالمصنع,521.75,,
1505,2026-05-31,قيد يدوي رقم 1505 - أنشئ بواسطة Kashif Ali,2105,ضريبة القيمة المضافة المستحقة,78.26,,Invoice No. 0018311 Spark Electricals 
1505,2026-05-31,قيد يدوي رقم 1505 - أنشئ بواسطة Kashif Ali,110109,نقداً مع شعيب,,600.01,
1507,2026-05-31,قيد يدوي رقم 1507 - أنشئ بواسطة Kashif Ali,5216,مصاريف صيانه عامه بالمصنع,650.0,,
1507,2026-05-31,قيد يدوي رقم 1507 - أنشئ بواسطة Kashif Ali,110109,نقداً مع شعيب,,650.0,
1513,2026-05-31,قيد يدوي رقم 1513 - أنشئ بواسطة Kashif Ali,5105,مصاريف وقود سيارات للموظفين,100.0,,Brookline Diesel
1513,2026-05-31,قيد يدوي رقم 1513 - أنشئ بواسطة Kashif Ali,5224,نفقات غاز الأكسجين,150.0,,Oxygen Gas 
1513,2026-05-31,قيد يدوي رقم 1513 - أنشئ بواسطة Kashif Ali,5225,مصاريف وقود الموظف,50.0,,Yaris Fuel
1513,2026-05-31,قيد يدوي رقم 1513 - أنشئ بواسطة Kashif Ali,5206,تذاكر سفر,20.0,,Rustum Travel
1513,2026-05-31,قيد يدوي رقم 1513 - أنشئ بواسطة Kashif Ali,110110,المصروفات النثرية مع أولا,,100.0,Brookline Diesel
1513,2026-05-31,قيد يدوي رقم 1513 - أنشئ بواسطة Kashif Ali,110110,المصروفات النثرية مع أولا,,150.0,Oxygen Gas 
1513,2026-05-31,قيد يدوي رقم 1513 - أنشئ بواسطة Kashif Ali,110110,المصروفات النثرية مع أولا,,50.0,Yaris Fuel
1513,2026-05-31,قيد يدوي رقم 1513 - أنشئ بواسطة Kashif Ali,110110,المصروفات النثرية مع أولا,,20.0,Rustum Travel
1580,2026-05-31,قيد يدوي رقم 1580 - أنشئ بواسطة Kashif Ali,5214,مصاريف أخرى,18704.0,,
1580,2026-05-31,قيد يدوي رقم 1580 - أنشئ بواسطة Kashif Ali,1107,شركة يسم للتجارة,,18704.0,
1584,2026-05-31,قيد يدوي رقم 1584 - أنشئ بواسطة Kashif Ali,1107,شركة يسم للتجارة,103725.7,,
1584,2026-05-31,قيد يدوي رقم 1584 - أنشئ بواسطة Kashif Ali,3202,جاري الشريك سالم بالحارث,,103725.7,
1799,2026-05-31,قيد يدوي رقم 1799 - أنشئ بواسطة Kashif Ali,5108,تكلفة البضائع المباعة من خردة الحديد,60872.5,,
1799,2026-05-31,قيد يدوي رقم 1799 - أنشئ بواسطة Kashif Ali,1109,جرد مواد الخردة,,60872.5,
1828,2026-05-31,قيد يدوي رقم 1828 - أنشئ بواسطة Kashif Ali,5106,مصاريف إيجار أرض المصنع,6822.12,,
1828,2026-05-31,قيد يدوي رقم 1828 - أنشئ بواسطة Kashif Ali,2102,مصروفات مستحقة,,6822.12,
1514,2026-06-01,قيد يدوي رقم 1514 - أنشئ بواسطة Kashif Ali,5105,مصاريف وقود سيارات للموظفين,100.0,,Brookline Diesel
1514,2026-06-01,قيد يدوي رقم 1514 - أنشئ بواسطة Kashif Ali,5214,مصاريف أخرى,10.0,,Nose Mask
1514,2026-06-01,قيد يدوي رقم 1514 - أنشئ بواسطة Kashif Ali,5224,نفقات غاز الأكسجين,90.0,,oxygen Gas
1514,2026-06-01,قيد يدوي رقم 1514 - أنشئ بواسطة Kashif Ali,110110,المصروفات النثرية مع أولا,,100.0,Brookline Diesel
1514,2026-06-01,قيد يدوي رقم 1514 - أنشئ بواسطة Kashif Ali,110110,المصروفات النثرية مع أولا,,10.0,Nose Mask
1514,2026-06-01,قيد يدوي رقم 1514 - أنشئ بواسطة Kashif Ali,110110,المصروفات النثرية مع أولا,,90.0,oxygen Gas
1515,2026-06-02,قيد يدوي رقم 1515 - أنشئ بواسطة Kashif Ali,5105,مصاريف وقود سيارات للموظفين,100.0,,Brookline Diesel
1515,2026-06-02,قيد يدوي رقم 1515 - أنشئ بواسطة Kashif Ali,5224,نفقات غاز الأكسجين,90.0,,Oxygen Gas 
1515,2026-06-02,قيد يدوي رقم 1515 - أنشئ بواسطة Kashif Ali,5105,مصاريف وقود سيارات للموظفين,100.0,,hydraulic Oil
1515,2026-06-02,قيد يدوي رقم 1515 - أنشئ بواسطة Kashif Ali,110110,المصروفات النثرية مع أولا,,100.0,Brookline Diesel
1515,2026-06-02,قيد يدوي رقم 1515 - أنشئ بواسطة Kashif Ali,110110,المصروفات النثرية مع أولا,,100.0,hydraulic Oil
1515,2026-06-02,قيد يدوي رقم 1515 - أنشئ بواسطة Kashif Ali,110110,المصروفات النثرية مع أولا,,90.0,Oxygen Gas 
1517,2026-06-02,قيد يدوي رقم 1517 - أنشئ بواسطة Kashif Ali,5217,مصاريف مياه وكهرباء,510.0,,
1517,2026-06-02,قيد يدوي رقم 1517 - أنشئ بواسطة Kashif Ali,110102,عهدة سالم,,510.0,
1527,2026-06-02,قيد يدوي رقم 1527 - أنشئ بواسطة Kashif Ali,5226,صيانة مركبات الموظفين,270.0,,
1527,2026-06-02,قيد يدوي رقم 1527 - أنشئ بواسطة Kashif Ali,110109,نقداً مع شعيب,,270.0,
1528,2026-06-02,قيد يدوي رقم 1528 - أنشئ بواسطة Kashif Ali,5214,مصاريف أخرى,300.0,,
1528,2026-06-02,قيد يدوي رقم 1528 - أنشئ بواسطة Kashif Ali,110109,نقداً مع شعيب,,300.0,
1529,2026-06-02,قيد يدوي رقم 1529 - أنشئ بواسطة Kashif Ali,5214,مصاريف أخرى,450.0,,
1529,2026-06-02,قيد يدوي رقم 1529 - أنشئ بواسطة Kashif Ali,110109,نقداً مع شعيب,,450.0,
1530,2026-06-02,قيد يدوي رقم 1530 - أنشئ بواسطة Kashif Ali,5225,مصاريف وقود الموظف,100.0,,
1530,2026-06-02,قيد يدوي رقم 1530 - أنشئ بواسطة Kashif Ali,110109,نقداً مع شعيب,,100.0,
1531,2026-06-02,قيد يدوي رقم 1531 - أنشئ بواسطة Kashif Ali,5225,مصاريف وقود الموظف,92.0,,
1531,2026-06-02,قيد يدوي رقم 1531 - أنشئ بواسطة Kashif Ali,110109,نقداً مع شعيب,,92.0,
1533,2026-06-02,قيد يدوي رقم 1533 - أنشئ بواسطة Kashif Ali,5214,مصاريف أخرى,35.0,,
1533,2026-06-02,قيد يدوي رقم 1533 - أنشئ بواسطة Kashif Ali,110109,نقداً مع شعيب,,35.0,
1532,2026-06-03,قيد يدوي رقم 1532 - أنشئ بواسطة Kashif Ali,5225,مصاريف وقود الموظف,55.0,,
1532,2026-06-03,قيد يدوي رقم 1532 - أنشئ بواسطة Kashif Ali,110102,عهدة سالم,,55.0,
1549,2026-06-03,قيد يدوي رقم 1549 - أنشئ بواسطة Kashif Ali,5105,مصاريف وقود سيارات للموظفين,100.0,,Brookline Diesel
1549,2026-06-03,قيد يدوي رقم 1549 - أنشئ بواسطة Kashif Ali,110110,المصروفات النثرية مع أولا,,100.0,Brookline Diesel
1518,2026-06-04,قيد يدوي رقم 1518 - أنشئ بواسطة Kashif Ali,110110,المصروفات النثرية مع أولا,500.0,,
1518,2026-06-04,قيد يدوي رقم 1518 - أنشئ بواسطة Kashif Ali,110102,عهدة سالم,,500.0,
1519,2026-06-04,قيد يدوي رقم 1519 - أنشئ بواسطة Kashif Ali,5217,مصاريف مياه وكهرباء,120.0,,
1519,2026-06-04,قيد يدوي رقم 1519 - أنشئ بواسطة Kashif Ali,110102,عهدة سالم,,120.0,
1520,2026-06-04,قيد يدوي رقم 1520 - أنشئ بواسطة Kashif Ali,110102,عهدة سالم,33019.0,,
1520,2026-06-04,قيد يدوي رقم 1520 - أنشئ بواسطة Kashif Ali,4102,الايرادات من بيع السكراب,,33019.0,
1521,2026-06-04,قيد يدوي رقم 1521 - أنشئ بواسطة Kashif Ali,5214,مصاريف أخرى,350.0,,
1521,2026-06-04,قيد يدوي رقم 1521 - أنشئ بواسطة Kashif Ali,110102,عهدة سالم,,350.0,
1522,2026-06-04,قيد يدوي رقم 1522 - أنشئ بواسطة Kashif Ali,110102,عهدة سالم,16100.0,,
1522,2026-06-04,قيد يدوي رقم 1522 - أنشئ بواسطة Kashif Ali,4102,الايرادات من بيع السكراب,,16100.0,
1523,2026-06-04,قيد يدوي رقم 1523 - أنشئ بواسطة Kashif Ali,110102,عهدة سالم,36360.0,,
1523,2026-06-04,قيد يدوي رقم 1523 - أنشئ بواسطة Kashif Ali,4102,الايرادات من بيع السكراب,,36360.0,
1534,2026-06-04,قيد يدوي رقم 1534 - أنشئ بواسطة Kashif Ali,4102,الايرادات من بيع السكراب,55331.0,,
1534,2026-06-04,قيد يدوي رقم 1534 - أنشئ بواسطة Kashif Ali,110102,عهدة سالم,,55331.0,
1550,2026-06-04,قيد يدوي رقم 1550 - أنشئ بواسطة Kashif Ali,5105,مصاريف وقود سيارات للموظفين,100.0,,Brookline Diesel
1550,2026-06-04,قيد يدوي رقم 1550 - أنشئ بواسطة Kashif Ali,110110,المصروفات النثرية مع أولا,,40.0,Lexus Tyre Repair
1550,2026-06-04,قيد يدوي رقم 1550 - أنشئ بواسطة Kashif Ali,5225,مصاريف وقود الموظف,50.0,,Yaris Fuel
1550,2026-06-04,قيد يدوي رقم 1550 - أنشئ بواسطة Kashif Ali,5216,مصاريف صيانه عامه بالمصنع,100.0,,Door Handle Fix
1550,2026-06-04,قيد يدوي رقم 1550 - أنشئ بواسطة Kashif Ali,5214,مصاريف أخرى,20.0,,Lexus fuel
1550,2026-06-04,قيد يدوي رقم 1550 - أنشئ بواسطة Kashif Ali,5214,مصاريف أخرى,40.0,,Lexus Tyre Repair
1550,2026-06-04,قيد يدوي رقم 1550 - أنشئ بواسطة Kashif Ali,110110,المصروفات النثرية مع أولا,,100.0,Brookline Diesel
1550,2026-06-04,قيد يدوي رقم 1550 - أنشئ بواسطة Kashif Ali,110110,المصروفات النثرية مع أولا,,50.0,Yaris Fuel
1550,2026-06-04,قيد يدوي رقم 1550 - أنشئ بواسطة Kashif Ali,110110,المصروفات النثرية مع أولا,,100.0,Door Handle Fix
1550,2026-06-04,قيد يدوي رقم 1550 - أنشئ بواسطة Kashif Ali,110110,المصروفات النثرية مع أولا,,20.0,Lexus fuel
1516,2026-06-05,قيد يدوي رقم 1516 - أنشئ بواسطة Kashif Ali,5225,مصاريف وقود الموظف,100.0,,
1516,2026-06-05,قيد يدوي رقم 1516 - أنشئ بواسطة Kashif Ali,110102,عهدة سالم,,100.0,
1551,2026-06-06,قيد يدوي رقم 1551 - أنشئ بواسطة Kashif Ali,5214,مصاريف أخرى,20.0,,Ola Food 
1551,2026-06-06,قيد يدوي رقم 1551 - أنشئ بواسطة Kashif Ali,110110,المصروفات النثرية مع أولا,,20.0,Ola Food 
1524,2026-06-07,قيد يدوي رقم 1524 - أنشئ بواسطة Kashif Ali,1109,جرد مواد الخردة,8200.0,,
1524,2026-06-07,قيد يدوي رقم 1524 - أنشئ بواسطة Kashif Ali,110102,عهدة سالم,,8200.0,
1525,2026-06-07,قيد يدوي رقم 1525 - أنشئ بواسطة Kashif Ali,1109,جرد مواد الخردة,16000.0,,
1525,2026-06-07,قيد يدوي رقم 1525 - أنشئ بواسطة Kashif Ali,110102,عهدة سالم,,16000.0,
1526,2026-06-07,قيد يدوي رقم 1526 - أنشئ بواسطة Kashif Ali,110110,المصروفات النثرية مع أولا,5000.0,,
1526,2026-06-07,قيد يدوي رقم 1526 - أنشئ بواسطة Kashif Ali,110102,عهدة سالم,,5000.0,
1552,2026-06-07,قيد يدوي رقم 1552 - أنشئ بواسطة Kashif Ali,5105,مصاريف وقود سيارات للموظفين,100.0,,Brookline Diesel
1552,2026-06-07,قيد يدوي رقم 1552 - أنشئ بواسطة Kashif Ali,110110,المصروفات النثرية مع أولا,,200.0,Brookline Grease
1552,2026-06-07,قيد يدوي رقم 1552 - أنشئ بواسطة Kashif Ali,110110,المصروفات النثرية مع أولا,,400.0,Brookline Oil 
1552,2026-06-07,قيد يدوي رقم 1552 - أنشئ بواسطة Kashif Ali,110110,المصروفات النثرية مع أولا,,1600.0,Carriage of Cars
1552,2026-06-07,قيد يدوي رقم 1552 - أنشئ بواسطة Kashif Ali,110110,المصروفات النثرية مع أولا,,1100.0,Loading Charges of Cars 
1552,2026-06-07,قيد يدوي رقم 1552 - أنشئ بواسطة Kashif Ali,110110,المصروفات النثرية مع أولا,,20.0,Ola Meal
1552,2026-06-07,قيد يدوي رقم 1552 - أنشئ بواسطة Kashif Ali,110110,المصروفات النثرية مع أولا,,125.0,Chevrolet Gear Oil
1552,2026-06-07,قيد يدوي رقم 1552 - أنشئ بواسطة Kashif Ali,110110,المصروفات النثرية مع أولا,,71.0,yaris fuel
1552,2026-06-07,قيد يدوي رقم 1552 - أنشئ بواسطة Kashif Ali,5216,مصاريف صيانه عامه بالمصنع,200.0,,Brookline Grease
1552,2026-06-07,قيد يدوي رقم 1552 - أنشئ بواسطة Kashif Ali,5216,مصاريف صيانه عامه بالمصنع,400.0,,Brookline Oil 
1552,2026-06-07,قيد يدوي رقم 1552 - أنشئ بواسطة Kashif Ali,1109,جرد مواد الخردة,1600.0,,Carriage of Cars
1552,2026-06-07,قيد يدوي رقم 1552 - أنشئ بواسطة Kashif Ali,1109,جرد مواد الخردة,1100.0,,Loading Charges of Cars 
1552,2026-06-07,قيد يدوي رقم 1552 - أنشئ بواسطة Kashif Ali,5214,مصاريف أخرى,20.0,,Ola Food 
1552,2026-06-07,قيد يدوي رقم 1552 - أنشئ بواسطة Kashif Ali,5214,مصاريف أخرى,125.0,,Chevrolet Gear Oil
1552,2026-06-07,قيد يدوي رقم 1552 - أنشئ بواسطة Kashif Ali,5225,مصاريف وقود الموظف,71.0,,yaris fuel
1552,2026-06-07,قيد يدوي رقم 1552 - أنشئ بواسطة Kashif Ali,110110,المصروفات النثرية مع أولا,,100.0,Brookline Diesel
1562,2026-06-07,قيد يدوي رقم 1562 - أنشئ بواسطة Kashif Ali,5206,تذاكر سفر,2851.0,,
1562,2026-06-07,قيد يدوي رقم 1562 - أنشئ بواسطة Kashif Ali,1107,شركة يسم للتجارة,,2851.0,
1535,2026-06-08,قيد يدوي رقم 1535 - أنشئ بواسطة Kashif Ali,5225,مصاريف وقود الموظف,100.0,,
1535,2026-06-08,قيد يدوي رقم 1535 - أنشئ بواسطة Kashif Ali,110102,عهدة سالم,,100.0,
1537,2026-06-08,قيد يدوي رقم 1537 - أنشئ بواسطة Kashif Ali,5206,تذاكر سفر,35.0,,
1537,2026-06-08,قيد يدوي رقم 1537 - أنشئ بواسطة Kashif Ali,110102,عهدة سالم,,35.0,
1538,2026-06-08,قيد يدوي رقم 1538 - أنشئ بواسطة Kashif Ali,5214,مصاريف أخرى,46.0,,
1538,2026-06-08,قيد يدوي رقم 1538 - أنشئ بواسطة Kashif Ali,110102,عهدة سالم,,46.0,
1539,2026-06-08,قيد يدوي رقم 1539 - أنشئ بواسطة Kashif Ali,110109,نقداً مع شعيب,200.0,,
1539,2026-06-08,قيد يدوي رقم 1539 - أنشئ بواسطة Kashif Ali,110102,عهدة سالم,,200.0,
1544,2026-06-08,قيد يدوي رقم 1544 - أنشئ بواسطة Kashif Ali,5225,مصاريف وقود الموظف,85.0,,
1544,2026-06-08,قيد يدوي رقم 1544 - أنشئ بواسطة Kashif Ali,110109,نقداً مع شعيب,,85.0,
1545,2026-06-08,قيد يدوي رقم 1545 - أنشئ بواسطة Kashif Ali,5206,تذاكر سفر,12.0,,
1545,2026-06-08,قيد يدوي رقم 1545 - أنشئ بواسطة Kashif Ali,110109,نقداً مع شعيب,,12.0,
1546,2026-06-08,قيد يدوي رقم 1546 - أنشئ بواسطة Kashif Ali,5214,مصاريف أخرى,75.0,,
1546,2026-06-08,قيد يدوي رقم 1546 - أنشئ بواسطة Kashif Ali,110109,نقداً مع شعيب,,75.0,
1547,2026-06-08,قيد يدوي رقم 1547 - أنشئ بواسطة Kashif Ali,5225,مصاريف وقود الموظف,90.0,,
1547,2026-06-08,قيد يدوي رقم 1547 - أنشئ بواسطة Kashif Ali,110109,نقداً مع شعيب,,90.0,
1548,2026-06-08,قيد يدوي رقم 1548 - أنشئ بواسطة Kashif Ali,5214,مصاريف أخرى,20.05,,
1548,2026-06-08,قيد يدوي رقم 1548 - أنشئ بواسطة Kashif Ali,110109,نقداً مع شعيب,,20.05,
1553,2026-06-08,قيد يدوي رقم 1553 - أنشئ بواسطة Kashif Ali,5105,مصاريف وقود سيارات للموظفين,100.0,,Brookline Diesel
1553,2026-06-08,قيد يدوي رقم 1553 - أنشئ بواسطة Kashif Ali,5216,مصاريف صيانه عامه بالمصنع,30.0,,oxygen Nozle
1553,2026-06-08,قيد يدوي رقم 1553 - أنشئ بواسطة Kashif Ali,5214,مصاريف أخرى,20.0,,Ola Meal 
1553,2026-06-08,قيد يدوي رقم 1553 - أنشئ بواسطة Kashif Ali,110110,المصروفات النثرية مع أولا,,100.0,Brookline Diesel
1553,2026-06-08,قيد يدوي رقم 1553 - أنشئ بواسطة Kashif Ali,110110,المصروفات النثرية مع أولا,,30.0,oxygen Nozle
1553,2026-06-08,قيد يدوي رقم 1553 - أنشئ بواسطة Kashif Ali,110110,المصروفات النثرية مع أولا,,20.0,Ola Meal 
1568,2026-06-08,قيد يدوي رقم 1568 - أنشئ بواسطة Kashif Ali,5214,مصاريف أخرى,100.0,,
1568,2026-06-08,قيد يدوي رقم 1568 - أنشئ بواسطة Kashif Ali,110102,عهدة سالم,,100.0,
1540,2026-06-09,قيد يدوي رقم 1540 - أنشئ بواسطة Kashif Ali,110109,نقداً مع شعيب,1000.0,,
1540,2026-06-09,قيد يدوي رقم 1540 - أنشئ بواسطة Kashif Ali,4101,إيرادات قطع الغيار,,1000.0,
1543,2026-06-09,قيد يدوي رقم 1543 - أنشئ بواسطة Kashif Ali,5214,مصاريف أخرى,50.0,,
1543,2026-06-09,قيد يدوي رقم 1543 - أنشئ بواسطة Kashif Ali,110109,نقداً مع شعيب,,50.0,
1554,2026-06-09,قيد يدوي رقم 1554 - أنشئ بواسطة Kashif Ali,5105,مصاريف وقود سيارات للموظفين,100.0,,Brookline Diesel
1554,2026-06-09,قيد يدوي رقم 1554 - أنشئ بواسطة Kashif Ali,1109,جرد مواد الخردة,150.0,,Scrap Engine Purchased
1554,2026-06-09,قيد يدوي رقم 1554 - أنشئ بواسطة Kashif Ali,1109,جرد مواد الخردة,25.0,,2.5 KG Copper Purchased
1554,2026-06-09,قيد يدوي رقم 1554 - أنشئ بواسطة Kashif Ali,110110,المصروفات النثرية مع أولا,,100.0,Brookline Diesel
1554,2026-06-09,قيد يدوي رقم 1554 - أنشئ بواسطة Kashif Ali,110110,المصروفات النثرية مع أولا,,150.0,Scrap Engine Purchased
1554,2026-06-09,قيد يدوي رقم 1554 - أنشئ بواسطة Kashif Ali,110110,المصروفات النثرية مع أولا,,25.0,2.5 KG Copper Purchased
1558,2026-06-09,قيد يدوي رقم 1558 - أنشئ بواسطة Kashif Ali,5225,مصاريف وقود الموظف,50.0,,
1558,2026-06-09,قيد يدوي رقم 1558 - أنشئ بواسطة Kashif Ali,110102,عهدة سالم,,50.0,
1541,2026-06-10,قيد يدوي رقم 1541 - أنشئ بواسطة Kashif Ali,5214,مصاريف أخرى,850.0,,
1541,2026-06-10,قيد يدوي رقم 1541 - أنشئ بواسطة Kashif Ali,110109,نقداً مع شعيب,,850.0,
1542,2026-06-10,قيد يدوي رقم 1542 - أنشئ بواسطة Kashif Ali,5214,مصاريف أخرى,70.0,,
1542,2026-06-10,قيد يدوي رقم 1542 - أنشئ بواسطة Kashif Ali,110109,نقداً مع شعيب,,70.0,
1555,2026-06-10,قيد يدوي رقم 1555 - أنشئ بواسطة Kashif Ali,5105,مصاريف وقود سيارات للموظفين,100.0,,Brookline Diesel
1555,2026-06-10,قيد يدوي رقم 1555 - أنشئ بواسطة Kashif Ali,110110,المصروفات النثرية مع أولا,,100.0,Brookline Diesel
1560,2026-06-10,قيد يدوي رقم 1560 - أنشئ بواسطة Kashif Ali,5216,مصاريف صيانه عامه بالمصنع,55.0,,
1560,2026-06-10,قيد يدوي رقم 1560 - أنشئ بواسطة Kashif Ali,110102,عهدة سالم,,55.0,
1536,2026-06-11,قيد يدوي رقم 1536 - أنشئ بواسطة Kashif Ali,5225,مصاريف وقود الموظف,50.0,,
1536,2026-06-11,قيد يدوي رقم 1536 - أنشئ بواسطة Kashif Ali,110102,عهدة سالم,,50.0,
1556,2026-06-11,قيد يدوي رقم 1556 - أنشئ بواسطة Kashif Ali,110110,المصروفات النثرية مع أولا,50.0,,
1556,2026-06-11,قيد يدوي رقم 1556 - أنشئ بواسطة Kashif Ali,4201,إيرادات أخرى,,50.0,
1557,2026-06-11,قيد يدوي رقم 1557 - أنشئ بواسطة Kashif Ali,5219,مصروف نقل ومواصلات,20.0,,Rustum Transportation
1557,2026-06-11,قيد يدوي رقم 1557 - أنشئ بواسطة Kashif Ali,5225,مصاريف وقود الموظف,70.0,,Yaris Fuel 
1557,2026-06-11,قيد يدوي رقم 1557 - أنشئ بواسطة Kashif Ali,110110,المصروفات النثرية مع أولا,,70.0,Yaris Fuel 
1557,2026-06-11,قيد يدوي رقم 1557 - أنشئ بواسطة Kashif Ali,110110,المصروفات النثرية مع أولا,,20.0,Rustum Transportation
1575,2026-06-11,قيد يدوي رقم 1575 - أنشئ بواسطة Kashif Ali,110102,عهدة سالم,50.0,,
1575,2026-06-11,قيد يدوي رقم 1575 - أنشئ بواسطة Kashif Ali,4201,إيرادات أخرى,,50.0,
1559,2026-06-13,قيد يدوي رقم 1559 - أنشئ بواسطة Kashif Ali,5225,مصاريف وقود الموظف,50.0,,
1559,2026-06-13,قيد يدوي رقم 1559 - أنشئ بواسطة Kashif Ali,110102,عهدة سالم,,50.0,
1594,2026-06-13,قيد يدوي رقم 1594 - أنشئ بواسطة Kashif Ali,5105,مصاريف وقود سيارات للموظفين,100.0,,Brookoine Diesel 
1594,2026-06-13,قيد يدوي رقم 1594 - أنشئ بواسطة Kashif Ali,110110,المصروفات النثرية مع أولا,,26.0,Gloves
1594,2026-06-13,قيد يدوي رقم 1594 - أنشئ بواسطة Kashif Ali,5224,نفقات غاز الأكسجين,60.0,,Oxygen Gas 
1594,2026-06-13,قيد يدوي رقم 1594 - أنشئ بواسطة Kashif Ali,5224,نفقات غاز الأكسجين,53.0,,Gas Cylinder
1594,2026-06-13,قيد يدوي رقم 1594 - أنشئ بواسطة Kashif Ali,5214,مصاريف أخرى,26.0,,Gloves
1594,2026-06-13,قيد يدوي رقم 1594 - أنشئ بواسطة Kashif Ali,5214,مصاريف أخرى,60.0,,Gear Oil for Epica
1594,2026-06-13,قيد يدوي رقم 1594 - أنشئ بواسطة Kashif Ali,110110,المصروفات النثرية مع أولا,,100.0,Brookline Diesel
1594,2026-06-13,قيد يدوي رقم 1594 - أنشئ بواسطة Kashif Ali,110110,المصروفات النثرية مع أولا,,60.0,Oxygen Gas 
1594,2026-06-13,قيد يدوي رقم 1594 - أنشئ بواسطة Kashif Ali,110110,المصروفات النثرية مع أولا,,53.0,Gas Cylinder
1594,2026-06-13,قيد يدوي رقم 1594 - أنشئ بواسطة Kashif Ali,110110,المصروفات النثرية مع أولا,,60.0,Gear Oil for Epica
1561,2026-06-14,قيد يدوي رقم 1561 - أنشئ بواسطة Kashif Ali,110501,اشرف مروان الصايغ,750.0,,
1561,2026-06-14,قيد يدوي رقم 1561 - أنشئ بواسطة Kashif Ali,3202,جاري الشريك سالم بالحارث,,750.0,
1565,2026-06-14,قيد يدوي رقم 1565 - أنشئ بواسطة Kashif Ali,110102,عهدة سالم,34270.0,,
1565,2026-06-14,قيد يدوي رقم 1565 - أنشئ بواسطة Kashif Ali,4102,الايرادات من بيع السكراب,,34270.0,
1566,2026-06-14,قيد يدوي رقم 1566 - أنشئ بواسطة Kashif Ali,5214,مصاريف أخرى,600.0,,
1566,2026-06-14,قيد يدوي رقم 1566 - أنشئ بواسطة Kashif Ali,110102,عهدة سالم,,600.0,
1567,2026-06-14,قيد يدوي رقم 1567 - أنشئ بواسطة Kashif Ali,5214,مصاريف أخرى,70.0,,
1567,2026-06-14,قيد يدوي رقم 1567 - أنشئ بواسطة Kashif Ali,110102,عهدة سالم,,70.0,
1595,2026-06-14,قيد يدوي رقم 1595 - أنشئ بواسطة Kashif Ali,5105,مصاريف وقود سيارات للموظفين,100.0,,Brookline Diesel
1595,2026-06-14,قيد يدوي رقم 1595 - أنشئ بواسطة Kashif Ali,5214,مصاريف أخرى,50.0,,Wrap Nylon
1595,2026-06-14,قيد يدوي رقم 1595 - أنشئ بواسطة Kashif Ali,110110,المصروفات النثرية مع أولا,,100.0,Brookline Diesel
1595,2026-06-14,قيد يدوي رقم 1595 - أنشئ بواسطة Kashif Ali,110110,المصروفات النثرية مع أولا,,50.0,Wrap Nylon
1564,2026-06-15,قيد يدوي رقم 1564 - أنشئ بواسطة Kashif Ali,110109,نقداً مع شعيب,2200.0,,
1564,2026-06-15,قيد يدوي رقم 1564 - أنشئ بواسطة Kashif Ali,110102,عهدة سالم,,2200.0,
1569,2026-06-15,قيد يدوي رقم 1569 - أنشئ بواسطة Kashif Ali,1109,جرد مواد الخردة,9000.0,,
1569,2026-06-15,قيد يدوي رقم 1569 - أنشئ بواسطة Kashif Ali,110102,عهدة سالم,,9000.0,
1571,2026-06-15,قيد يدوي رقم 1571 - أنشئ بواسطة Kashif Ali,5223,نفقات الإنترنت,400.0,,
1571,2026-06-15,قيد يدوي رقم 1571 - أنشئ بواسطة Kashif Ali,110102,عهدة سالم,,400.0,
1573,2026-06-15,قيد يدوي رقم 1573 - أنشئ بواسطة Kashif Ali,5225,مصاريف وقود الموظف,50.0,,
1573,2026-06-15,قيد يدوي رقم 1573 - أنشئ بواسطة Kashif Ali,110102,عهدة سالم,,50.0,
1570,2026-06-16,قيد يدوي رقم 1570 - أنشئ بواسطة Kashif Ali,110110,المصروفات النثرية مع أولا,1350.0,,
1570,2026-06-16,قيد يدوي رقم 1570 - أنشئ بواسطة Kashif Ali,110102,عهدة سالم,,1350.0,
1572,2026-06-16,قيد يدوي رقم 1572 - أنشئ بواسطة Kashif Ali,5217,مصاريف مياه وكهرباء,778.0,,
1572,2026-06-16,قيد يدوي رقم 1572 - أنشئ بواسطة Kashif Ali,110102,عهدة سالم,,778.0,
1596,2026-06-16,قيد يدوي رقم 1596 - أنشئ بواسطة Kashif Ali,1109,جرد مواد الخردة,800.0,,carriage cost
1596,2026-06-16,قيد يدوي رقم 1596 - أنشئ بواسطة Kashif Ali,110110,المصروفات النثرية مع أولا,,154.0,Epica Oil Filter
1596,2026-06-16,قيد يدوي رقم 1596 - أنشئ بواسطة Kashif Ali,110110,المصروفات النثرية مع أولا,,30.0,Epica Oil Filter
1596,2026-06-16,قيد يدوي رقم 1596 - أنشئ بواسطة Kashif Ali,110110,المصروفات النثرية مع أولا,,20.0,Ola Food 
1596,2026-06-16,قيد يدوي رقم 1596 - أنشئ بواسطة Kashif Ali,1109,جرد مواد الخردة,550.0,,Loading charges 
1596,2026-06-16,قيد يدوي رقم 1596 - أنشئ بواسطة Kashif Ali,5225,مصاريف وقود الموظف,70.0,,Yaris Fuel
1596,2026-06-16,قيد يدوي رقم 1596 - أنشئ بواسطة Kashif Ali,5214,مصاريف أخرى,154.0,,Epica Engine Oil
1596,2026-06-16,قيد يدوي رقم 1596 - أنشئ بواسطة Kashif Ali,5214,مصاريف أخرى,30.0,,Epica Oil Filter
1596,2026-06-16,قيد يدوي رقم 1596 - أنشئ بواسطة Kashif Ali,5214,مصاريف أخرى,20.0,,Ola Food 
1596,2026-06-16,قيد يدوي رقم 1596 - أنشئ بواسطة Kashif Ali,110110,المصروفات النثرية مع أولا,,800.0,carriage cost
1596,2026-06-16,قيد يدوي رقم 1596 - أنشئ بواسطة Kashif Ali,110110,المصروفات النثرية مع أولا,,550.0,Loading charges 
1596,2026-06-16,قيد يدوي رقم 1596 - أنشئ بواسطة Kashif Ali,110110,المصروفات النثرية مع أولا,,70.0,Yaris Fuel
1674,2026-06-16,قيد يدوي رقم 1674 - أنشئ بواسطة Kashif Ali,5207,التأمينات الاجتماعية,3061.0,,
1674,2026-06-16,قيد يدوي رقم 1674 - أنشئ بواسطة Kashif Ali,5207,التأمينات الاجتماعية,3091.0,,
1674,2026-06-16,قيد يدوي رقم 1674 - أنشئ بواسطة Kashif Ali,5207,التأمينات الاجتماعية,3091.0,,
1674,2026-06-16,قيد يدوي رقم 1674 - أنشئ بواسطة Kashif Ali,1107,شركة يسم للتجارة,,3061.0,
1674,2026-06-16,قيد يدوي رقم 1674 - أنشئ بواسطة Kashif Ali,1107,شركة يسم للتجارة,,3091.0,
1674,2026-06-16,قيد يدوي رقم 1674 - أنشئ بواسطة Kashif Ali,1107,شركة يسم للتجارة,,3091.0,
1574,2026-06-17,قيد يدوي رقم 1574 - أنشئ بواسطة Kashif Ali,110102,عهدة سالم,50.0,,
1574,2026-06-17,قيد يدوي رقم 1574 - أنشئ بواسطة Kashif Ali,4201,إيرادات أخرى,,50.0,
1590,2026-06-17,قيد يدوي رقم 1590 - أنشئ بواسطة Kashif Ali,5225,مصاريف وقود الموظف,50.0,,
1590,2026-06-17,قيد يدوي رقم 1590 - أنشئ بواسطة Kashif Ali,110102,عهدة سالم,,50.0,
1591,2026-06-17,قيد يدوي رقم 1591 - أنشئ بواسطة Kashif Ali,110102,عهدة سالم,200.0,,
1591,2026-06-17,قيد يدوي رقم 1591 - أنشئ بواسطة Kashif Ali,110109,نقداً مع شعيب,,200.0,
1592,2026-06-17,قيد يدوي رقم 1592 - أنشئ بواسطة Kashif Ali,5214,مصاريف أخرى,750.0,,
1592,2026-06-17,قيد يدوي رقم 1592 - أنشئ بواسطة Kashif Ali,110102,عهدة سالم,,750.0,
1597,2026-06-17,قيد يدوي رقم 1597 - أنشئ بواسطة Kashif Ali,5105,مصاريف وقود سيارات للموظفين,100.0,,Brookoine Diesel 
1597,2026-06-17,قيد يدوي رقم 1597 - أنشئ بواسطة Kashif Ali,5214,مصاريف أخرى,20.0,,Meal
1597,2026-06-17,قيد يدوي رقم 1597 - أنشئ بواسطة Kashif Ali,5214,مصاريف أخرى,10.0,,Epica Car Wash 
1597,2026-06-17,قيد يدوي رقم 1597 - أنشئ بواسطة Kashif Ali,110110,المصروفات النثرية مع أولا,,100.0,Brookline Diesel
1597,2026-06-17,قيد يدوي رقم 1597 - أنشئ بواسطة Kashif Ali,110110,المصروفات النثرية مع أولا,,20.0,Meal
1597,2026-06-17,قيد يدوي رقم 1597 - أنشئ بواسطة Kashif Ali,110110,المصروفات النثرية مع أولا,,10.0,Epica Car Wash 
1603,2026-06-17,قيد يدوي رقم 1603 - أنشئ بواسطة Kashif Ali,110101,النقدية في الخزينة,10000.0,,
1603,2026-06-17,قيد يدوي رقم 1603 - أنشئ بواسطة Kashif Ali,1107,شركة يسم للتجارة,,10000.0,
1668,2026-06-17,قيد يدوي رقم 1668 - أنشئ بواسطة Kashif Ali,5206,تذاكر سفر,200.0,,
1668,2026-06-17,قيد يدوي رقم 1668 - أنشئ بواسطة Kashif Ali,1107,شركة يسم للتجارة,,200.0,
1672,2026-06-17,قيد يدوي رقم 1672 - أنشئ بواسطة Kashif Ali,5208,الرسوم الحكومية,5176.0,,
1672,2026-06-17,قيد يدوي رقم 1672 - أنشئ بواسطة Kashif Ali,1107,شركة يسم للتجارة,,5176.0,
1585,2026-06-18,قيد يدوي رقم 1585 - أنشئ بواسطة Kashif Ali,110110,المصروفات النثرية مع أولا,1350.0,,
1585,2026-06-18,قيد يدوي رقم 1585 - أنشئ بواسطة Kashif Ali,110102,عهدة سالم,,1350.0,
1586,2026-06-18,قيد يدوي رقم 1586 - أنشئ بواسطة Kashif Ali,1109,جرد مواد الخردة,2300.0,,
1586,2026-06-18,قيد يدوي رقم 1586 - أنشئ بواسطة Kashif Ali,110102,عهدة سالم,,2300.0,
1587,2026-06-18,قيد يدوي رقم 1587 - أنشئ بواسطة Kashif Ali,1109,جرد مواد الخردة,12500.0,,
1587,2026-06-18,قيد يدوي رقم 1587 - أنشئ بواسطة Kashif Ali,110102,عهدة سالم,,12500.0,
1589,2026-06-18,قيد يدوي رقم 1589 - أنشئ بواسطة Kashif Ali,5214,مصاريف أخرى,100.0,,
1589,2026-06-18,قيد يدوي رقم 1589 - أنشئ بواسطة Kashif Ali,110102,عهدة سالم,,100.0,
1593,2026-06-18,قيد يدوي رقم 1593 - أنشئ بواسطة Kashif Ali,5225,مصاريف وقود الموظف,50.0,,
1593,2026-06-18,قيد يدوي رقم 1593 - أنشئ بواسطة Kashif Ali,110102,عهدة سالم,,50.0,
1598,2026-06-18,قيد يدوي رقم 1598 - أنشئ بواسطة Kashif Ali,5214,مصاريف أخرى,24.0,,Epica Break Oil
1598,2026-06-18,قيد يدوي رقم 1598 - أنشئ بواسطة Kashif Ali,110110,المصروفات النثرية مع أولا,,20.0,Ola Meal
1598,2026-06-18,قيد يدوي رقم 1598 - أنشئ بواسطة Kashif Ali,1109,جرد مواد الخردة,800.0,,carriage charges
1598,2026-06-18,قيد يدوي رقم 1598 - أنشئ بواسطة Kashif Ali,1109,جرد مواد الخردة,550.0,,Loading and Carriage 10 Cars
1598,2026-06-18,قيد يدوي رقم 1598 - أنشئ بواسطة Kashif Ali,5105,مصاريف وقود سيارات للموظفين,100.0,,Brookline Diesel
1598,2026-06-18,قيد يدوي رقم 1598 - أنشئ بواسطة Kashif Ali,5214,مصاريف أخرى,20.0,,Ola Meal
1598,2026-06-18,قيد يدوي رقم 1598 - أنشئ بواسطة Kashif Ali,110110,المصروفات النثرية مع أولا,,24.0,Epica Break Oil
1598,2026-06-18,قيد يدوي رقم 1598 - أنشئ بواسطة Kashif Ali,110110,المصروفات النثرية مع أولا,,800.0,Carriage of cars 
1598,2026-06-18,قيد يدوي رقم 1598 - أنشئ بواسطة Kashif Ali,110110,المصروفات النثرية مع أولا,,550.0,loading charges
1598,2026-06-18,قيد يدوي رقم 1598 - أنشئ بواسطة Kashif Ali,110110,المصروفات النثرية مع أولا,,100.0,Brookline Diesel
1588,2026-06-20,قيد يدوي رقم 1588 - أنشئ بواسطة Kashif Ali,110110,المصروفات النثرية مع أولا,500.0,,
1588,2026-06-20,قيد يدوي رقم 1588 - أنشئ بواسطة Kashif Ali,110102,عهدة سالم,,500.0,
1612,2026-06-20,قيد يدوي رقم 1612 - أنشئ بواسطة Kashif Ali,5105,مصاريف وقود سيارات للموظفين,100.0,,Brookline Diesel
1612,2026-06-20,قيد يدوي رقم 1612 - أنشئ بواسطة Kashif Ali,5224,نفقات غاز الأكسجين,30.0,,oxygen Gas
1612,2026-06-20,قيد يدوي رقم 1612 - أنشئ بواسطة Kashif Ali,5225,مصاريف وقود الموظف,50.0,,Yaris Fuel
1612,2026-06-20,قيد يدوي رقم 1612 - أنشئ بواسطة Kashif Ali,110110,المصروفات النثرية مع أولا,,30.0,Oxygen Gas 
1612,2026-06-20,قيد يدوي رقم 1612 - أنشئ بواسطة Kashif Ali,110110,المصروفات النثرية مع أولا,,100.0,Brookline Diesel
1612,2026-06-20,قيد يدوي رقم 1612 - أنشئ بواسطة Kashif Ali,110110,المصروفات النثرية مع أولا,,50.0,Yaris Fuel
1613,2026-06-21,قيد يدوي رقم 1613 - أنشئ بواسطة Kashif Ali,5105,مصاريف وقود سيارات للموظفين,100.0,,Brookline Diesel
1613,2026-06-21,قيد يدوي رقم 1613 - أنشئ بواسطة Kashif Ali,5224,نفقات غاز الأكسجين,30.0,,Oxygen Gas 
1613,2026-06-21,قيد يدوي رقم 1613 - أنشئ بواسطة Kashif Ali,5224,نفقات غاز الأكسجين,53.0,,Gas Cylinder
1613,2026-06-21,قيد يدوي رقم 1613 - أنشئ بواسطة Kashif Ali,5214,مصاريف أخرى,100.0,,Epica Wiring
1613,2026-06-21,قيد يدوي رقم 1613 - أنشئ بواسطة Kashif Ali,110110,المصروفات النثرية مع أولا,,100.0,Brookline Diesel
1613,2026-06-21,قيد يدوي رقم 1613 - أنشئ بواسطة Kashif Ali,110110,المصروفات النثرية مع أولا,,30.0,Oxygen Gas 
1613,2026-06-21,قيد يدوي رقم 1613 - أنشئ بواسطة Kashif Ali,110110,المصروفات النثرية مع أولا,,53.0,gas cylinder
1613,2026-06-21,قيد يدوي رقم 1613 - أنشئ بواسطة Kashif Ali,110110,المصروفات النثرية مع أولا,,100.0,Epica Wiring
1599,2026-06-22,قيد يدوي رقم 1599 - أنشئ بواسطة Kashif Ali,110110,المصروفات النثرية مع أولا,500.0,,
1599,2026-06-22,قيد يدوي رقم 1599 - أنشئ بواسطة Kashif Ali,110102,عهدة سالم,,500.0,
1614,2026-06-22,قيد يدوي رقم 1614 - أنشئ بواسطة Kashif Ali,5105,مصاريف وقود سيارات للموظفين,100.0,,Brookline Diesel
1614,2026-06-22,قيد يدوي رقم 1614 - أنشئ بواسطة Kashif Ali,1109,جرد مواد الخردة,41.0,,Iron Purchased
1614,2026-06-22,قيد يدوي رقم 1614 - أنشئ بواسطة Kashif Ali,110110,المصروفات النثرية مع أولا,,100.0,Brookline Hose Repair
1614,2026-06-22,قيد يدوي رقم 1614 - أنشئ بواسطة Kashif Ali,110110,المصروفات النثرية مع أولا,,41.0,Iron Purchased
1601,2026-06-23,قيد يدوي رقم 1601 - أنشئ بواسطة Kashif Ali,110102,عهدة سالم,43270.0,,
1601,2026-06-23,قيد يدوي رقم 1601 - أنشئ بواسطة Kashif Ali,4102,الايرادات من بيع السكراب,,43270.0,
1600,2026-06-24,قيد يدوي رقم 1600 - أنشئ بواسطة Kashif Ali,5225,مصاريف وقود الموظف,120.0,,
1600,2026-06-24,قيد يدوي رقم 1600 - أنشئ بواسطة Kashif Ali,110102,عهدة سالم,,120.0,
1602,2026-06-24,قيد يدوي رقم 1602 - أنشئ بواسطة Kashif Ali,5225,مصاريف وقود الموظف,200.0,,
1602,2026-06-24,قيد يدوي رقم 1602 - أنشئ بواسطة Kashif Ali,110102,عهدة سالم,,200.0,
1606,2026-06-24,قيد يدوي رقم 1606 - أنشئ بواسطة Kashif Ali,120105,مركبات,4200.0,,
1606,2026-06-24,قيد يدوي رقم 1606 - أنشئ بواسطة Kashif Ali,110102,عهدة سالم,,4200.0,
1615,2026-06-24,قيد يدوي رقم 1615 - أنشئ بواسطة Kashif Ali,5105,مصاريف وقود سيارات للموظفين,50.0,,Brookline Diesel
1615,2026-06-24,قيد يدوي رقم 1615 - أنشئ بواسطة Kashif Ali,5226,صيانة مركبات الموظفين,60.0,,Yaris Wheel replacement 
1615,2026-06-24,قيد يدوي رقم 1615 - أنشئ بواسطة Kashif Ali,110110,المصروفات النثرية مع أولا,,50.0,Brookline Hose Repair
1615,2026-06-24,قيد يدوي رقم 1615 - أنشئ بواسطة Kashif Ali,110110,المصروفات النثرية مع أولا,,60.0,Yaris Wheel replacement 
1667,2026-06-24,قيد يدوي رقم 1667 - أنشئ بواسطة Kashif Ali,5214,مصاريف أخرى,115.0,,
1667,2026-06-24,قيد يدوي رقم 1667 - أنشئ بواسطة Kashif Ali,1107,شركة يسم للتجارة,,115.0,
1604,2026-06-25,قيد يدوي رقم 1604 - أنشئ بواسطة Kashif Ali,1109,جرد مواد الخردة,13000.0,,
1604,2026-06-25,قيد يدوي رقم 1604 - أنشئ بواسطة Kashif Ali,110102,عهدة سالم,,13000.0,
1605,2026-06-25,قيد يدوي رقم 1605 - أنشئ بواسطة Kashif Ali,110110,المصروفات النثرية مع أولا,2000.0,,
1605,2026-06-25,قيد يدوي رقم 1605 - أنشئ بواسطة Kashif Ali,110102,عهدة سالم,,2000.0,
1607,2026-06-25,قيد يدوي رقم 1607 - أنشئ بواسطة Kashif Ali,5225,مصاريف وقود الموظف,50.0,,
1607,2026-06-25,قيد يدوي رقم 1607 - أنشئ بواسطة Kashif Ali,110102,عهدة سالم,,50.0,
1616,2026-06-25,قيد يدوي رقم 1616 - أنشئ بواسطة Kashif Ali,5225,مصاريف وقود الموظف,60.0,,Yaris Fuel 
1616,2026-06-25,قيد يدوي رقم 1616 - أنشئ بواسطة Kashif Ali,110110,المصروفات النثرية مع أولا,,50.0,Brookline Diesel
1616,2026-06-25,قيد يدوي رقم 1616 - أنشئ بواسطة Kashif Ali,1109,جرد مواد الخردة,800.0,,carriage charges 10 Cars
1616,2026-06-25,قيد يدوي رقم 1616 - أنشئ بواسطة Kashif Ali,1109,جرد مواد الخردة,550.0,,Loading 10 Cars
1616,2026-06-25,قيد يدوي رقم 1616 - أنشئ بواسطة Kashif Ali,5214,مصاريف أخرى,20.0,,Ola food
1616,2026-06-25,قيد يدوي رقم 1616 - أنشئ بواسطة Kashif Ali,5105,مصاريف وقود سيارات للموظفين,50.0,,brookline diesel
1616,2026-06-25,قيد يدوي رقم 1616 - أنشئ بواسطة Kashif Ali,110110,المصروفات النثرية مع أولا,,60.0,Yaris Fuel 
1616,2026-06-25,قيد يدوي رقم 1616 - أنشئ بواسطة Kashif Ali,110110,المصروفات النثرية مع أولا,,800.0,carriage charges 10 Cars
1616,2026-06-25,قيد يدوي رقم 1616 - أنشئ بواسطة Kashif Ali,110110,المصروفات النثرية مع أولا,,550.0,Loading 10 Cars
1616,2026-06-25,قيد يدوي رقم 1616 - أنشئ بواسطة Kashif Ali,110110,المصروفات النثرية مع أولا,,20.0,ola food
1640,2026-06-25,قيد يدوي رقم 1640 - أنشئ بواسطة Kashif Ali,5217,مصاريف مياه وكهرباء,2263.22,,
1640,2026-06-25,قيد يدوي رقم 1640 - أنشئ بواسطة Kashif Ali,1107,شركة يسم للتجارة,,2263.22,
1617,2026-06-27,قيد يدوي رقم 1617 - أنشئ بواسطة Kashif Ali,5105,مصاريف وقود سيارات للموظفين,100.0,,Brookline Diesel
1617,2026-06-27,قيد يدوي رقم 1617 - أنشئ بواسطة Kashif Ali,110110,المصروفات النثرية مع أولا,,100.0,Brookline Diesel
1669,2026-06-27,قيد يدوي رقم 1669 - أنشئ بواسطة Kashif Ali,5102,رواتب وأجور,50700.0,,
1669,2026-06-27,قيد يدوي رقم 1669 - أنشئ بواسطة Kashif Ali,110501,اشرف مروان الصايغ,,1250.0,
1669,2026-06-27,قيد يدوي رقم 1669 - أنشئ بواسطة Kashif Ali,110511,فؤاد عبدالله قاسم,,500.0,
1669,2026-06-27,قيد يدوي رقم 1669 - أنشئ بواسطة Kashif Ali,2103,الرواتب المستحقة,,48950.0,
1608,2026-06-28,قيد يدوي رقم 1608 - أنشئ بواسطة Kashif Ali,1109,جرد مواد الخردة,9000.0,,
1608,2026-06-28,قيد يدوي رقم 1608 - أنشئ بواسطة Kashif Ali,1109,جرد مواد الخردة,300.0,,
1608,2026-06-28,قيد يدوي رقم 1608 - أنشئ بواسطة Kashif Ali,110102,عهدة سالم,,9000.0,
1608,2026-06-28,قيد يدوي رقم 1608 - أنشئ بواسطة Kashif Ali,110102,عهدة سالم,,300.0,
1609,2026-06-28,قيد يدوي رقم 1609 - أنشئ بواسطة Kashif Ali,1109,جرد مواد الخردة,8700.0,,
1609,2026-06-28,قيد يدوي رقم 1609 - أنشئ بواسطة Kashif Ali,110102,عهدة سالم,,8700.0,
1610,2026-06-28,قيد يدوي رقم 1610 - أنشئ بواسطة Kashif Ali,110110,المصروفات النثرية مع أولا,2700.0,,
1610,2026-06-28,قيد يدوي رقم 1610 - أنشئ بواسطة Kashif Ali,110102,عهدة سالم,,2700.0,
1611,2026-06-28,قيد يدوي رقم 1611 - أنشئ بواسطة Kashif Ali,5225,مصاريف وقود الموظف,150.0,,
1611,2026-06-28,قيد يدوي رقم 1611 - أنشئ بواسطة Kashif Ali,110102,عهدة سالم,,150.0,
1618,2026-06-28,قيد يدوي رقم 1618 - أنشئ بواسطة Kashif Ali,5105,مصاريف وقود سيارات للموظفين,100.0,,Brookoine Diesel 
1618,2026-06-28,قيد يدوي رقم 1618 - أنشئ بواسطة Kashif Ali,110110,المصروفات النثرية مع أولا,,20.0,Ola Meal
1618,2026-06-28,قيد يدوي رقم 1618 - أنشئ بواسطة Kashif Ali,5225,مصاريف وقود الموظف,50.0,,Yaris Fuel
1618,2026-06-28,قيد يدوي رقم 1618 - أنشئ بواسطة Kashif Ali,1109,جرد مواد الخردة,1600.0,,carriage 20 Cars
1618,2026-06-28,قيد يدوي رقم 1618 - أنشئ بواسطة Kashif Ali,1109,جرد مواد الخردة,1100.0,,loading charges 20 Cars
1618,2026-06-28,قيد يدوي رقم 1618 - أنشئ بواسطة Kashif Ali,5214,مصاريف أخرى,20.0,,Ola Meal
1618,2026-06-28,قيد يدوي رقم 1618 - أنشئ بواسطة Kashif Ali,110110,المصروفات النثرية مع أولا,,100.0,Brookline Diesel
1618,2026-06-28,قيد يدوي رقم 1618 - أنشئ بواسطة Kashif Ali,110110,المصروفات النثرية مع أولا,,50.0,Yaris Fuel
1618,2026-06-28,قيد يدوي رقم 1618 - أنشئ بواسطة Kashif Ali,110110,المصروفات النثرية مع أولا,,1600.0,carriage 20 Cars
1618,2026-06-28,قيد يدوي رقم 1618 - أنشئ بواسطة Kashif Ali,110110,المصروفات النثرية مع أولا,,1100.0,loading charges 20 Cars
1670,2026-06-28,قيد يدوي رقم 1670 - أنشئ بواسطة Kashif Ali,2103,الرواتب المستحقة,48950.0,,
1670,2026-06-28,قيد يدوي رقم 1670 - أنشئ بواسطة Kashif Ali,1107,شركة يسم للتجارة,,17000.0,
1670,2026-06-28,قيد يدوي رقم 1670 - أنشئ بواسطة Kashif Ali,1107,شركة يسم للتجارة,,2000.0,
1670,2026-06-28,قيد يدوي رقم 1670 - أنشئ بواسطة Kashif Ali,1107,شركة يسم للتجارة,,1800.0,
1670,2026-06-28,قيد يدوي رقم 1670 - أنشئ بواسطة Kashif Ali,1107,شركة يسم للتجارة,,2500.0,
1670,2026-06-28,قيد يدوي رقم 1670 - أنشئ بواسطة Kashif Ali,1107,شركة يسم للتجارة,,2300.0,
1670,2026-06-28,قيد يدوي رقم 1670 - أنشئ بواسطة Kashif Ali,1107,شركة يسم للتجارة,,23350.0,
1635,2026-06-29,قيد يدوي رقم 1635 - أنشئ بواسطة Kashif Ali,5105,مصاريف وقود سيارات للموظفين,100.0,,
1635,2026-06-29,قيد يدوي رقم 1635 - أنشئ بواسطة Kashif Ali,110110,المصروفات النثرية مع أولا,,100.0,
1738,2026-06-29,قيد يدوي رقم 1738 - أنشئ بواسطة Kashif Ali,5225,مصاريف وقود الموظف,50.0,,
1738,2026-06-29,قيد يدوي رقم 1738 - أنشئ بواسطة Kashif Ali,110109,نقداً مع شعيب,,50.0,
1800,2026-06-30,قيد يدوي رقم 1800 - أنشئ بواسطة Kashif Ali,5108,تكلفة البضائع المباعة من خردة الحديد,89226.0,,
1800,2026-06-30,قيد يدوي رقم 1800 - أنشئ بواسطة Kashif Ali,1109,جرد مواد الخردة,,89226.0,
1829,2026-06-30,قيد يدوي رقم 1829 - أنشئ بواسطة Kashif Ali,5106,مصاريف إيجار أرض المصنع,6602.05,,
1829,2026-06-30,قيد يدوي رقم 1829 - أنشئ بواسطة Kashif Ali,2102,مصروفات مستحقة,,6602.05,
1619,2026-06-30,قيد يدوي رقم 1619 - أنشئ بواسطة Kashif Ali,110110,المصروفات النثرية مع أولا,1000.0,,
1619,2026-06-30,قيد يدوي رقم 1619 - أنشئ بواسطة Kashif Ali,110102,عهدة سالم,,1000.0,
1636,2026-06-30,قيد يدوي رقم 1636 - أنشئ بواسطة Kashif Ali,5225,مصاريف وقود الموظف,78.0,,Yaris Fuel 
1636,2026-06-30,قيد يدوي رقم 1636 - أنشئ بواسطة Kashif Ali,1109,جرد مواد الخردة,460.0,,Scrap Purchased
1636,2026-06-30,قيد يدوي رقم 1636 - أنشئ بواسطة Kashif Ali,1109,جرد مواد الخردة,100.0,,Scrap Logistic 
1636,2026-06-30,قيد يدوي رقم 1636 - أنشئ بواسطة Kashif Ali,5105,مصاريف وقود سيارات للموظفين,100.0,,Brookline Diesel
1636,2026-06-30,قيد يدوي رقم 1636 - أنشئ بواسطة Kashif Ali,110110,المصروفات النثرية مع أولا,,78.0,Yaris Fuel 
1636,2026-06-30,قيد يدوي رقم 1636 - أنشئ بواسطة Kashif Ali,110110,المصروفات النثرية مع أولا,,460.0,Scrap Purchased
1636,2026-06-30,قيد يدوي رقم 1636 - أنشئ بواسطة Kashif Ali,110110,المصروفات النثرية مع أولا,,100.0,Scrap Logistic 
1636,2026-06-30,قيد يدوي رقم 1636 - أنشئ بواسطة Kashif Ali,110110,المصروفات النثرية مع أولا,,100.0,Brookline Diesel
1671,2026-06-30,قيد يدوي رقم 1671 - أنشئ بواسطة Kashif Ali,5214,مصاريف أخرى,2558.0,,
1671,2026-06-30,قيد يدوي رقم 1671 - أنشئ بواسطة Kashif Ali,1107,شركة يسم للتجارة,,2558.0,
1675,2026-06-30,قيد يدوي رقم 1675 - أنشئ بواسطة Kashif Ali,1107,شركة يسم للتجارة,81356.22,,
1675,2026-06-30,قيد يدوي رقم 1675 - أنشئ بواسطة Kashif Ali,3202,جاري الشريك سالم بالحارث,,81356.22,
1622,2026-07-01,قيد يدوي رقم 1622 - أنشئ بواسطة Kashif Ali,5105,مصاريف وقود سيارات للموظفين,100.0,,Brookline Diesel
1622,2026-07-01,قيد يدوي رقم 1622 - أنشئ بواسطة Kashif Ali,110110,المصروفات النثرية مع أولا,,100.0,Brookline Diesel
1622,2026-07-01,قيد يدوي رقم 1622 - أنشئ بواسطة Kashif Ali,110110,المصروفات النثرية مع أولا,,120.0,Oxygen Gas 
1622,2026-07-01,قيد يدوي رقم 1622 - أنشئ بواسطة Kashif Ali,5224,نفقات غاز الأكسجين,120.0,,Oxygen Gas 
1631,2026-07-01,قيد يدوي رقم 1631 - أنشئ بواسطة Kashif Ali,5225,مصاريف وقود الموظف,50.0,,
1631,2026-07-01,قيد يدوي رقم 1631 - أنشئ بواسطة Kashif Ali,110102,عهدة سالم,,50.0,
1643,2026-07-01,قيد يدوي رقم 1643 - أنشئ بواسطة Kashif Ali,5106,مصاريف إيجار أرض المصنع,18275.0,,
1643,2026-07-01,قيد يدوي رقم 1643 - أنشئ بواسطة Kashif Ali,110402,إيجار مقدم,,18275.0,
1651,2026-07-01,قيد يدوي رقم 1651 - أنشئ بواسطة Kashif Ali,5225,مصاريف وقود الموظف,50.0,,
1651,2026-07-01,قيد يدوي رقم 1651 - أنشئ بواسطة Kashif Ali,110109,نقداً مع شعيب,,50.0,
1621,2026-07-02,قيد يدوي رقم 1621 - أنشئ بواسطة Kashif Ali,110102,عهدة سالم,32250.0,,
1621,2026-07-02,قيد يدوي رقم 1621 - أنشئ بواسطة Kashif Ali,4102,الايرادات من بيع السكراب,,32250.0,
1626,2026-07-02,قيد يدوي رقم 1626 - أنشئ بواسطة Kashif Ali,5217,مصاريف مياه وكهرباء,680.0,,
1626,2026-07-02,قيد يدوي رقم 1626 - أنشئ بواسطة Kashif Ali,110102,عهدة سالم,,680.0,
1630,2026-07-02,قيد يدوي رقم 1630 - أنشئ بواسطة Kashif Ali,5225,مصاريف وقود الموظف,50.0,,
1630,2026-07-02,قيد يدوي رقم 1630 - أنشئ بواسطة Kashif Ali,110102,عهدة سالم,,50.0,
1637,2026-07-02,قيد يدوي رقم 1637 - أنشئ بواسطة Kashif Ali,5224,نفقات غاز الأكسجين,30.0,,oxygen gas
1637,2026-07-02,قيد يدوي رقم 1637 - أنشئ بواسطة Kashif Ali,5105,مصاريف وقود سيارات للموظفين,100.0,,hydraulic Oil
1637,2026-07-02,قيد يدوي رقم 1637 - أنشئ بواسطة Kashif Ali,5105,مصاريف وقود سيارات للموظفين,100.0,,Brookline Diesel
1637,2026-07-02,قيد يدوي رقم 1637 - أنشئ بواسطة Kashif Ali,110110,المصروفات النثرية مع أولا,,30.0,oxygen gas
1637,2026-07-02,قيد يدوي رقم 1637 - أنشئ بواسطة Kashif Ali,110110,المصروفات النثرية مع أولا,,100.0,hydraulic Oil
1637,2026-07-02,قيد يدوي رقم 1637 - أنشئ بواسطة Kashif Ali,110110,المصروفات النثرية مع أولا,,100.0,Brookline Diesel
1624,2026-07-03,قيد يدوي رقم 1624 - أنشئ بواسطة Kashif Ali,5223,نفقات الإنترنت,403.0,,
1624,2026-07-03,قيد يدوي رقم 1624 - أنشئ بواسطة Kashif Ali,110102,عهدة سالم,,403.0,
1673,2026-07-03,قيد يدوي رقم 1673 - أنشئ بواسطة Kashif Ali,5207,التأمينات الاجتماعية,7.85,,
1673,2026-07-03,قيد يدوي رقم 1673 - أنشئ بواسطة Kashif Ali,1107,شركة يسم للتجارة,,7.85,
1623,2026-07-04,قيد يدوي رقم 1623 - أنشئ بواسطة Kashif Ali,110110,المصروفات النثرية مع أولا,1350.0,,
1623,2026-07-04,قيد يدوي رقم 1623 - أنشئ بواسطة Kashif Ali,110102,عهدة سالم,,1350.0,
1625,2026-07-04,قيد يدوي رقم 1625 - أنشئ بواسطة Kashif Ali,5214,مصاريف أخرى,100.0,,
1625,2026-07-04,قيد يدوي رقم 1625 - أنشئ بواسطة Kashif Ali,110102,عهدة سالم,,100.0,
1627,2026-07-04,قيد يدوي رقم 1627 - أنشئ بواسطة Kashif Ali,5214,مصاريف أخرى,250.0,,
1627,2026-07-04,قيد يدوي رقم 1627 - أنشئ بواسطة Kashif Ali,110102,عهدة سالم,,250.0,
1629,2026-07-04,قيد يدوي رقم 1629 - أنشئ بواسطة Kashif Ali,5214,مصاريف أخرى,82.61,,
1629,2026-07-04,قيد يدوي رقم 1629 - أنشئ بواسطة Kashif Ali,2105,ضريبة القيمة المضافة المستحقة,12.39,,Invoice No. Sy26000978
1629,2026-07-04,قيد يدوي رقم 1629 - أنشئ بواسطة Kashif Ali,110102,عهدة سالم,,95.0,
1638,2026-07-04,قيد يدوي رقم 1638 - أنشئ بواسطة Kashif Ali,5105,مصاريف وقود سيارات للموظفين,100.0,,Brookline Diesel
1638,2026-07-04,قيد يدوي رقم 1638 - أنشئ بواسطة Kashif Ali,1109,جرد مواد الخردة,800.0,,carriage charges 10 Cars
1638,2026-07-04,قيد يدوي رقم 1638 - أنشئ بواسطة Kashif Ali,1109,جرد مواد الخردة,550.0,,Loading 10 Cars
1638,2026-07-04,قيد يدوي رقم 1638 - أنشئ بواسطة Kashif Ali,110110,المصروفات النثرية مع أولا,,100.0,Brookline Diesel
1638,2026-07-04,قيد يدوي رقم 1638 - أنشئ بواسطة Kashif Ali,110110,المصروفات النثرية مع أولا,,800.0,carriage charges 10 Cars
1638,2026-07-04,قيد يدوي رقم 1638 - أنشئ بواسطة Kashif Ali,110110,المصروفات النثرية مع أولا,,550.0,Loading 10 Cars
1620,2026-07-05,قيد يدوي رقم 1620 - أنشئ بواسطة Kashif Ali,110102,عهدة سالم,100.0,,
1620,2026-07-05,قيد يدوي رقم 1620 - أنشئ بواسطة Kashif Ali,4201,إيرادات أخرى,,100.0,
1628,2026-07-05,قيد يدوي رقم 1628 - أنشئ بواسطة Kashif Ali,1109,جرد مواد الخردة,7500.0,,
1628,2026-07-05,قيد يدوي رقم 1628 - أنشئ بواسطة Kashif Ali,110102,عهدة سالم,,7500.0,
1632,2026-07-05,قيد يدوي رقم 1632 - أنشئ بواسطة Kashif Ali,5214,مصاريف أخرى,500.0,,
1632,2026-07-05,قيد يدوي رقم 1632 - أنشئ بواسطة Kashif Ali,110102,عهدة سالم,,500.0,
1641,2026-07-05,قيد يدوي رقم 1641 - أنشئ بواسطة Kashif Ali,2102,مصروفات مستحقة,25087.81,,
1641,2026-07-05,قيد يدوي رقم 1641 - أنشئ بواسطة Kashif Ali,110402,إيجار مقدم,55237.19,,
1641,2026-07-05,قيد يدوي رقم 1641 - أنشئ بواسطة Kashif Ali,1107,شركة يسم للتجارة,,92373.75,
1641,2026-07-05,قيد يدوي رقم 1641 - أنشئ بواسطة Kashif Ali,2105,ضريبة القيمة المضافة المستحقة,12048.75,,Invoice no 260500032811 Balady
1642,2026-07-05,قيد يدوي رقم 1642 - أنشئ بواسطة Kashif Ali,110102,عهدة سالم,2424.0,,
1642,2026-07-05,قيد يدوي رقم 1642 - أنشئ بواسطة Kashif Ali,4102,الايرادات من بيع السكراب,,2424.0,
1648,2026-07-05,قيد يدوي رقم 1648 - أنشئ بواسطة Kashif Ali,5225,مصاريف وقود الموظف,50.0,,
1648,2026-07-05,قيد يدوي رقم 1648 - أنشئ بواسطة Kashif Ali,110102,عهدة سالم,,50.0,
1676,2026-07-05,قيد يدوي رقم 1676 - أنشئ بواسطة Kashif Ali,5214,مصاريف أخرى,27.0,,Gloves 
1676,2026-07-05,قيد يدوي رقم 1676 - أنشئ بواسطة Kashif Ali,5105,مصاريف وقود سيارات للموظفين,100.0,,Brookoine Diesel 
1676,2026-07-05,قيد يدوي رقم 1676 - أنشئ بواسطة Kashif Ali,110110,المصروفات النثرية مع أولا,,100.0,Brookline Diesel
1676,2026-07-05,قيد يدوي رقم 1676 - أنشئ بواسطة Kashif Ali,110110,المصروفات النثرية مع أولا,,27.0,Gloves 
1830,2026-07-05,قيد يدوي رقم 1830 - أنشئ بواسطة Kashif Ali,5106,مصاريف إيجار أرض المصنع,1100.34,,
1830,2026-07-05,قيد يدوي رقم 1830 - أنشئ بواسطة Kashif Ali,2102,مصروفات مستحقة,,1100.34,
1633,2026-07-06,قيد يدوي رقم 1633 - أنشئ بواسطة Kashif Ali,110110,المصروفات النثرية مع أولا,200.0,,
1633,2026-07-06,قيد يدوي رقم 1633 - أنشئ بواسطة Kashif Ali,110102,عهدة سالم,,200.0,
1634,2026-07-06,قيد يدوي رقم 1634 - أنشئ بواسطة Kashif Ali,110110,المصروفات النثرية مع أولا,2000.0,,
1634,2026-07-06,قيد يدوي رقم 1634 - أنشئ بواسطة Kashif Ali,110102,عهدة سالم,,2000.0,
1647,2026-07-06,قيد يدوي رقم 1647 - أنشئ بواسطة Kashif Ali,1109,جرد مواد الخردة,9200.0,,
1647,2026-07-06,قيد يدوي رقم 1647 - أنشئ بواسطة Kashif Ali,110102,عهدة سالم,,9200.0,
1652,2026-07-06,قيد يدوي رقم 1652 - أنشئ بواسطة Kashif Ali,5214,مصاريف أخرى,400.0,,
1652,2026-07-06,قيد يدوي رقم 1652 - أنشئ بواسطة Kashif Ali,110109,نقداً مع شعيب,,400.0,
1662,2026-07-06,قيد يدوي رقم 1662 - أنشئ بواسطة Kashif Ali,110102,عهدة سالم,3500.0,,
1662,2026-07-06,قيد يدوي رقم 1662 - أنشئ بواسطة Kashif Ali,5214,مصاريف أخرى,,3500.0,
1677,2026-07-06,قيد يدوي رقم 1677 - أنشئ بواسطة Kashif Ali,5225,مصاريف وقود الموظف,73.0,,Yaris Fuel 
1677,2026-07-06,قيد يدوي رقم 1677 - أنشئ بواسطة Kashif Ali,110110,المصروفات النثرية مع أولا,,550.0,loading charges
1677,2026-07-06,قيد يدوي رقم 1677 - أنشئ بواسطة Kashif Ali,110110,المصروفات النثرية مع أولا,,20.0,Ola Meal
1677,2026-07-06,قيد يدوي رقم 1677 - أنشئ بواسطة Kashif Ali,110110,المصروفات النثرية مع أولا,,30.0,Nylon expense
1677,2026-07-06,قيد يدوي رقم 1677 - أنشئ بواسطة Kashif Ali,5105,مصاريف وقود سيارات للموظفين,100.0,,Brookline Diesel
1677,2026-07-06,قيد يدوي رقم 1677 - أنشئ بواسطة Kashif Ali,1109,جرد مواد الخردة,800.0,,Carriage of cars 
1677,2026-07-06,قيد يدوي رقم 1677 - أنشئ بواسطة Kashif Ali,1109,جرد مواد الخردة,550.0,,loading charges
1677,2026-07-06,قيد يدوي رقم 1677 - أنشئ بواسطة Kashif Ali,5214,مصاريف أخرى,20.0,,Ola Meal
1677,2026-07-06,قيد يدوي رقم 1677 - أنشئ بواسطة Kashif Ali,5214,مصاريف أخرى,30.0,,Nylon expense
1677,2026-07-06,قيد يدوي رقم 1677 - أنشئ بواسطة Kashif Ali,110110,المصروفات النثرية مع أولا,,73.0,Yaris Fuel
1677,2026-07-06,قيد يدوي رقم 1677 - أنشئ بواسطة Kashif Ali,110110,المصروفات النثرية مع أولا,,100.0,Brookline Diesel
1677,2026-07-06,قيد يدوي رقم 1677 - أنشئ بواسطة Kashif Ali,110110,المصروفات النثرية مع أولا,,800.0,Carriage of cars 
1639,2026-07-07,قيد يدوي رقم 1639 - أنشئ بواسطة Kashif Ali,5105,مصاريف وقود سيارات للموظفين,100.0,,Brookline Diesel
1639,2026-07-07,قيد يدوي رقم 1639 - أنشئ بواسطة Kashif Ali,5214,مصاريف أخرى,3.0,,Glue
1639,2026-07-07,قيد يدوي رقم 1639 - أنشئ بواسطة Kashif Ali,110110,المصروفات النثرية مع أولا,,3.0,Glue
1639,2026-07-07,قيد يدوي رقم 1639 - أنشئ بواسطة Kashif Ali,110110,المصروفات النثرية مع أولا,,20.0,Petrol for small car
1639,2026-07-07,قيد يدوي رقم 1639 - أنشئ بواسطة Kashif Ali,5214,مصاريف أخرى,20.0,,Petrol for small car
1639,2026-07-07,قيد يدوي رقم 1639 - أنشئ بواسطة Kashif Ali,110110,المصروفات النثرية مع أولا,,100.0,Brookline Diesel
1645,2026-07-07,قيد يدوي رقم 1645 - أنشئ بواسطة Kashif Ali,5102,رواتب وأجور,300.0,,
1645,2026-07-07,قيد يدوي رقم 1645 - أنشئ بواسطة Kashif Ali,110102,عهدة سالم,,300.0,
1646,2026-07-07,قيد يدوي رقم 1646 - أنشئ بواسطة Kashif Ali,5214,مصاريف أخرى,150.0,,
1646,2026-07-07,قيد يدوي رقم 1646 - أنشئ بواسطة Kashif Ali,110102,عهدة سالم,,150.0,
1649,2026-07-07,قيد يدوي رقم 1649 - أنشئ بواسطة Kashif Ali,5206,تذاكر سفر,123.0,,
1649,2026-07-07,قيد يدوي رقم 1649 - أنشئ بواسطة Kashif Ali,110109,نقداً مع شعيب,,123.0,
1650,2026-07-07,قيد يدوي رقم 1650 - أنشئ بواسطة Kashif Ali,5225,مصاريف وقود الموظف,100.0,,
1650,2026-07-07,قيد يدوي رقم 1650 - أنشئ بواسطة Kashif Ali,110109,نقداً مع شعيب,,100.0,
1681,2026-07-07,قيد يدوي رقم 1681 - أنشئ بواسطة Kashif Ali,5225,مصاريف وقود الموظف,50.0,,
1681,2026-07-07,قيد يدوي رقم 1681 - أنشئ بواسطة Kashif Ali,110102,عهدة سالم,,50.0,
1644,2026-07-08,قيد يدوي رقم 1644 - أنشئ بواسطة Kashif Ali,110110,المصروفات النثرية مع أولا,2700.0,,
1644,2026-07-08,قيد يدوي رقم 1644 - أنشئ بواسطة Kashif Ali,110102,عهدة سالم,,2700.0,
1706,2026-07-08,قيد يدوي رقم 1706 - أنشئ بواسطة Kashif Ali,5105,مصاريف وقود سيارات للموظفين,100.0,,Brookline Diesel
1706,2026-07-08,قيد يدوي رقم 1706 - أنشئ بواسطة Kashif Ali,110110,المصروفات النثرية مع أولا,,50.0,yaris Fuel
1706,2026-07-08,قيد يدوي رقم 1706 - أنشئ بواسطة Kashif Ali,110110,المصروفات النثرية مع أولا,,1100.0,Loading and Carriage 20 Cars
1706,2026-07-08,قيد يدوي رقم 1706 - أنشئ بواسطة Kashif Ali,110110,المصروفات النثرية مع أولا,,1600.0,Carriage of Cars
1706,2026-07-08,قيد يدوي رقم 1706 - أنشئ بواسطة Kashif Ali,110110,المصروفات النثرية مع أولا,,20.0,ola meal
1706,2026-07-08,قيد يدوي رقم 1706 - أنشئ بواسطة Kashif Ali,110110,المصروفات النثرية مع أولا,,20.0,Rustum travelling 
1706,2026-07-08,قيد يدوي رقم 1706 - أنشئ بواسطة Kashif Ali,110110,المصروفات النثرية مع أولا,,74.0,LPG
1706,2026-07-08,قيد يدوي رقم 1706 - أنشئ بواسطة Kashif Ali,110110,المصروفات النثرية مع أولا,,120.0,Oxygen
1706,2026-07-08,قيد يدوي رقم 1706 - أنشئ بواسطة Kashif Ali,5225,مصاريف وقود الموظف,50.0,,Yaris Fuel
1706,2026-07-08,قيد يدوي رقم 1706 - أنشئ بواسطة Kashif Ali,1109,جرد مواد الخردة,1100.0,,Loading and Carriage 20 Cars
1706,2026-07-08,قيد يدوي رقم 1706 - أنشئ بواسطة Kashif Ali,1109,جرد مواد الخردة,1600.0,,Carriage of Cars
1706,2026-07-08,قيد يدوي رقم 1706 - أنشئ بواسطة Kashif Ali,5214,مصاريف أخرى,20.0,,Ola Meal
1706,2026-07-08,قيد يدوي رقم 1706 - أنشئ بواسطة Kashif Ali,5206,تذاكر سفر,20.0,,Rustum travelling 
1706,2026-07-08,قيد يدوي رقم 1706 - أنشئ بواسطة Kashif Ali,5224,نفقات غاز الأكسجين,74.0,,LPG
1706,2026-07-08,قيد يدوي رقم 1706 - أنشئ بواسطة Kashif Ali,5224,نفقات غاز الأكسجين,120.0,,Oxygen
1706,2026-07-08,قيد يدوي رقم 1706 - أنشئ بواسطة Kashif Ali,110110,المصروفات النثرية مع أولا,,100.0,Brookline Diesel
1653,2026-07-09,قيد يدوي رقم 1653 - أنشئ بواسطة Kashif Ali,5225,مصاريف وقود الموظف,100.0,,
1653,2026-07-09,قيد يدوي رقم 1653 - أنشئ بواسطة Kashif Ali,110102,عهدة سالم,,100.0,
1654,2026-07-09,قيد يدوي رقم 1654 - أنشئ بواسطة Kashif Ali,1109,جرد مواد الخردة,22880.0,,
1654,2026-07-09,قيد يدوي رقم 1654 - أنشئ بواسطة Kashif Ali,2104,قروض قصيرة الأجل,,9880.0,from Siddique
1654,2026-07-09,قيد يدوي رقم 1654 - أنشئ بواسطة Kashif Ali,110102,عهدة سالم,,13000.0,
1655,2026-07-09,قيد يدوي رقم 1655 - أنشئ بواسطة Kashif Ali,110110,المصروفات النثرية مع أولا,2700.0,,
1655,2026-07-09,قيد يدوي رقم 1655 - أنشئ بواسطة Kashif Ali,2104,قروض قصيرة الأجل,,2700.0,from Siddique
1656,2026-07-09,قيد يدوي رقم 1656 - أنشئ بواسطة Kashif Ali,5214,مصاريف أخرى,100.0,,
1656,2026-07-09,قيد يدوي رقم 1656 - أنشئ بواسطة Kashif Ali,110102,عهدة سالم,,100.0,
1682,2026-07-09,قيد يدوي رقم 1682 - أنشئ بواسطة Kashif Ali,5225,مصاريف وقود الموظف,50.0,,
1682,2026-07-09,قيد يدوي رقم 1682 - أنشئ بواسطة Kashif Ali,110102,عهدة سالم,,50.0,
1683,2026-07-09,قيد يدوي رقم 1683 - أنشئ بواسطة Kashif Ali,5214,مصاريف أخرى,40.0,,
1683,2026-07-09,قيد يدوي رقم 1683 - أنشئ بواسطة Kashif Ali,110102,عهدة سالم,,40.0,
1703,2026-07-09,قيد يدوي رقم 1703 - أنشئ بواسطة Kashif Ali,5225,مصاريف وقود الموظف,50.0,,
1703,2026-07-09,قيد يدوي رقم 1703 - أنشئ بواسطة Kashif Ali,110102,عهدة سالم,,50.0,
1707,2026-07-09,قيد يدوي رقم 1707 - أنشئ بواسطة Kashif Ali,5214,مصاريف أخرى,20.0,,Nylon
1707,2026-07-09,قيد يدوي رقم 1707 - أنشئ بواسطة Kashif Ali,110110,المصروفات النثرية مع أولا,,1100.0,Loading Charges 
1707,2026-07-09,قيد يدوي رقم 1707 - أنشئ بواسطة Kashif Ali,110110,المصروفات النثرية مع أولا,,1600.0,carriage charges 20 Cars
1707,2026-07-09,قيد يدوي رقم 1707 - أنشئ بواسطة Kashif Ali,110110,المصروفات النثرية مع أولا,,20.0,Ola Food 
1707,2026-07-09,قيد يدوي رقم 1707 - أنشئ بواسطة Kashif Ali,5105,مصاريف وقود سيارات للموظفين,100.0,,Brookline Diesel
1707,2026-07-09,قيد يدوي رقم 1707 - أنشئ بواسطة Kashif Ali,5225,مصاريف وقود الموظف,50.0,,Yaris Fuel
1707,2026-07-09,قيد يدوي رقم 1707 - أنشئ بواسطة Kashif Ali,1109,جرد مواد الخردة,1100.0,,loading charges
1707,2026-07-09,قيد يدوي رقم 1707 - أنشئ بواسطة Kashif Ali,1109,جرد مواد الخردة,1600.0,,carriage charges 20 Cars
1707,2026-07-09,قيد يدوي رقم 1707 - أنشئ بواسطة Kashif Ali,5214,مصاريف أخرى,20.0,,Ola Food 
1707,2026-07-09,قيد يدوي رقم 1707 - أنشئ بواسطة Kashif Ali,110110,المصروفات النثرية مع أولا,,20.0,Nylon
1707,2026-07-09,قيد يدوي رقم 1707 - أنشئ بواسطة Kashif Ali,110110,المصروفات النثرية مع أولا,,100.0,Brookline Diesel
1707,2026-07-09,قيد يدوي رقم 1707 - أنشئ بواسطة Kashif Ali,110110,المصروفات النثرية مع أولا,,50.0,Yaris Fuel
1660,2026-07-11,قيد يدوي رقم 1660 - أنشئ بواسطة Kashif Ali,110102,عهدة سالم,7360.0,,
1660,2026-07-11,قيد يدوي رقم 1660 - أنشئ بواسطة Kashif Ali,4102,الايرادات من بيع السكراب,,7360.0,
1661,2026-07-11,قيد يدوي رقم 1661 - أنشئ بواسطة Kashif Ali,110102,عهدة سالم,31850.0,,
1661,2026-07-11,قيد يدوي رقم 1661 - أنشئ بواسطة Kashif Ali,4102,الايرادات من بيع السكراب,,31850.0,
1665,2026-07-11,قيد يدوي رقم 1665 - أنشئ بواسطة Kashif Ali,5214,مصاريف أخرى,1000.0,,
1665,2026-07-11,قيد يدوي رقم 1665 - أنشئ بواسطة Kashif Ali,110102,عهدة سالم,,1000.0,
1714,2026-07-11,قيد يدوي رقم 1714 - أنشئ بواسطة Kashif Ali,5105,مصاريف وقود سيارات للموظفين,100.0,,Brookoine Diesel 
1714,2026-07-11,قيد يدوي رقم 1714 - أنشئ بواسطة Kashif Ali,110110,المصروفات النثرية مع أولا,,100.0,Brookline Diesel
1657,2026-07-12,قيد يدوي رقم 1657 - أنشئ بواسطة Kashif Ali,110102,عهدة سالم,50.0,,
1657,2026-07-12,قيد يدوي رقم 1657 - أنشئ بواسطة Kashif Ali,4201,إيرادات أخرى,,50.0,
1658,2026-07-12,قيد يدوي رقم 1658 - أنشئ بواسطة Kashif Ali,110505,إبراهيم عبد الله (سائق بروكلين),1000.0,,
1658,2026-07-12,قيد يدوي رقم 1658 - أنشئ بواسطة Kashif Ali,110102,عهدة سالم,,1000.0,
1659,2026-07-12,قيد يدوي رقم 1659 - أنشئ بواسطة Kashif Ali,110110,المصروفات النثرية مع أولا,1000.0,,
1659,2026-07-12,قيد يدوي رقم 1659 - أنشئ بواسطة Kashif Ali,110102,عهدة سالم,,1000.0,
1663,2026-07-12,قيد يدوي رقم 1663 - أنشئ بواسطة Kashif Ali,2104,قروض قصيرة الأجل,12580.0,,
1663,2026-07-12,قيد يدوي رقم 1663 - أنشئ بواسطة Kashif Ali,110102,عهدة سالم,,12580.0,
1664,2026-07-12,قيد يدوي رقم 1664 - أنشئ بواسطة Kashif Ali,1109,جرد مواد الخردة,22500.0,,
1664,2026-07-12,قيد يدوي رقم 1664 - أنشئ بواسطة Kashif Ali,110102,عهدة سالم,,22500.0,
1666,2026-07-12,قيد يدوي رقم 1666 - أنشئ بواسطة Kashif Ali,5225,مصاريف وقود الموظف,50.0,,
1666,2026-07-12,قيد يدوي رقم 1666 - أنشئ بواسطة Kashif Ali,110102,عهدة سالم,,50.0,
1678,2026-07-12,قيد يدوي رقم 1678 - أنشئ بواسطة Kashif Ali,5214,مصاريف أخرى,100.0,,
1678,2026-07-12,قيد يدوي رقم 1678 - أنشئ بواسطة Kashif Ali,110102,عهدة سالم,,100.0,
1679,2026-07-12,قيد يدوي رقم 1679 - أنشئ بواسطة Kashif Ali,5217,مصاريف مياه وكهرباء,140.0,,
1679,2026-07-12,قيد يدوي رقم 1679 - أنشئ بواسطة Kashif Ali,110102,عهدة سالم,,140.0,
1680,2026-07-12,قيد يدوي رقم 1680 - أنشئ بواسطة Kashif Ali,110102,عهدة سالم,2500.0,,
1680,2026-07-12,قيد يدوي رقم 1680 - أنشئ بواسطة Kashif Ali,4101,إيرادات قطع الغيار,,2500.0,
1708,2026-07-12,قيد يدوي رقم 1708 - أنشئ بواسطة Kashif Ali,5105,مصاريف وقود سيارات للموظفين,100.0,,Brookline Diesel
1708,2026-07-12,قيد يدوي رقم 1708 - أنشئ بواسطة Kashif Ali,1109,جرد مواد الخردة,119.0,,Copper Purchased 10.8 KG
1708,2026-07-12,قيد يدوي رقم 1708 - أنشئ بواسطة Kashif Ali,110110,المصروفات النثرية مع أولا,,100.0,Brookline Diesel
1708,2026-07-12,قيد يدوي رقم 1708 - أنشئ بواسطة Kashif Ali,110110,المصروفات النثرية مع أولا,,119.0,Copper Purchased 10.8 KG
1684,2026-07-13,قيد يدوي رقم 1684 - أنشئ بواسطة Kashif Ali,110109,نقداً مع شعيب,200.0,,
1684,2026-07-13,قيد يدوي رقم 1684 - أنشئ بواسطة Kashif Ali,110102,عهدة سالم,,200.0,
1695,2026-07-13,قيد يدوي رقم 1695 - أنشئ بواسطة Kashif Ali,5226,صيانة مركبات الموظفين,173.91,,
1695,2026-07-13,قيد يدوي رقم 1695 - أنشئ بواسطة Kashif Ali,2105,ضريبة القيمة المضافة المستحقة,26.09,,Invoice No. 18845 X-Max Car Service
1695,2026-07-13,قيد يدوي رقم 1695 - أنشئ بواسطة Kashif Ali,110102,عهدة سالم,,200.0,
1699,2026-07-13,قيد يدوي رقم 1699 - أنشئ بواسطة Kashif Ali,5225,مصاريف وقود الموظف,157.0,,
1699,2026-07-13,قيد يدوي رقم 1699 - أنشئ بواسطة Kashif Ali,5206,تذاكر سفر,30.0,,
1699,2026-07-13,قيد يدوي رقم 1699 - أنشئ بواسطة Kashif Ali,110109,نقداً مع شعيب,,187.0,
1709,2026-07-13,قيد يدوي رقم 1709 - أنشئ بواسطة Kashif Ali,5105,مصاريف وقود سيارات للموظفين,100.0,,Brookline Diesel
1709,2026-07-13,قيد يدوي رقم 1709 - أنشئ بواسطة Kashif Ali,5216,مصاريف صيانه عامه بالمصنع,53.0,,Water Pump Repairing 
1709,2026-07-13,قيد يدوي رقم 1709 - أنشئ بواسطة Kashif Ali,110110,المصروفات النثرية مع أولا,,100.0,Brookline Diesel
1709,2026-07-13,قيد يدوي رقم 1709 - أنشئ بواسطة Kashif Ali,110110,المصروفات النثرية مع أولا,,53.0,Water Pump Repairing 
1685,2026-07-14,قيد يدوي رقم 1685 - أنشئ بواسطة Kashif Ali,4101,إيرادات قطع الغيار,,2500.0,
1685,2026-07-14,قيد يدوي رقم 1685 - أنشئ بواسطة Kashif Ali,110102,عهدة سالم,2500.0,,
1686,2026-07-14,قيد يدوي رقم 1686 - أنشئ بواسطة Kashif Ali,5214,مصاريف أخرى,3900.0,,
1686,2026-07-14,قيد يدوي رقم 1686 - أنشئ بواسطة Kashif Ali,110102,عهدة سالم,,3900.0,
1688,2026-07-14,قيد يدوي رقم 1688 - أنشئ بواسطة Kashif Ali,5225,مصاريف وقود الموظف,147.83,,
1688,2026-07-14,قيد يدوي رقم 1688 - أنشئ بواسطة Kashif Ali,2105,ضريبة القيمة المضافة المستحقة,22.17,,Invoice No.18882
1688,2026-07-14,قيد يدوي رقم 1688 - أنشئ بواسطة Kashif Ali,110102,عهدة سالم,,170.0,
1689,2026-07-14,قيد يدوي رقم 1689 - أنشئ بواسطة Kashif Ali,5211,مصاريف مكتبية ومطبوعات,95.67,,
1689,2026-07-14,قيد يدوي رقم 1689 - أنشئ بواسطة Kashif Ali,2105,ضريبة القيمة المضافة المستحقة,14.35,,Invoice No. 3123 Rawabi Trading Est.
1689,2026-07-14,قيد يدوي رقم 1689 - أنشئ بواسطة Kashif Ali,110102,عهدة سالم,,110.02,
1694,2026-07-14,قيد يدوي رقم 1694 - أنشئ بواسطة Kashif Ali,5226,صيانة مركبات الموظفين,347.83,,
1694,2026-07-14,قيد يدوي رقم 1694 - أنشئ بواسطة Kashif Ali,2105,ضريبة القيمة المضافة المستحقة,52.17,,Invoice No. 18869 X-Max Car Service
1694,2026-07-14,قيد يدوي رقم 1694 - أنشئ بواسطة Kashif Ali,110102,عهدة سالم,,400.0,
1702,2026-07-14,قيد يدوي رقم 1702 - أنشئ بواسطة Kashif Ali,5225,مصاريف وقود الموظف,50.0,,
1702,2026-07-14,قيد يدوي رقم 1702 - أنشئ بواسطة Kashif Ali,110102,عهدة سالم,,50.0,
1710,2026-07-14,قيد يدوي رقم 1710 - أنشئ بواسطة Kashif Ali,5105,مصاريف وقود سيارات للموظفين,100.0,,Brookline Diesel
1710,2026-07-14,قيد يدوي رقم 1710 - أنشئ بواسطة Kashif Ali,5216,مصاريف صيانه عامه بالمصنع,20.0,,water Nussle 
1710,2026-07-14,قيد يدوي رقم 1710 - أنشئ بواسطة Kashif Ali,5214,مصاريف أخرى,15.0,,Industrial Blade
1710,2026-07-14,قيد يدوي رقم 1710 - أنشئ بواسطة Kashif Ali,5225,مصاريف وقود الموظف,50.0,,Yaris Fuel
1710,2026-07-14,قيد يدوي رقم 1710 - أنشئ بواسطة Kashif Ali,110110,المصروفات النثرية مع أولا,,100.0,Brookline Diesel
1710,2026-07-14,قيد يدوي رقم 1710 - أنشئ بواسطة Kashif Ali,110110,المصروفات النثرية مع أولا,,20.0,water Nussle 
1710,2026-07-14,قيد يدوي رقم 1710 - أنشئ بواسطة Kashif Ali,110110,المصروفات النثرية مع أولا,,15.0,Industrial Blade
1710,2026-07-14,قيد يدوي رقم 1710 - أنشئ بواسطة Kashif Ali,110110,المصروفات النثرية مع أولا,,50.0,Yaris Fuel
1819,2026-07-14,قيد يدوي رقم 1819 - أنشئ بواسطة Kashif Ali,5216,مصاريف صيانه عامه بالمصنع,1800.0,,
1819,2026-07-14,قيد يدوي رقم 1819 - أنشئ بواسطة Kashif Ali,2105,ضريبة القيمة المضافة المستحقة,270.0,,Invoice No 629 Mosassa Dare Itfa
1819,2026-07-14,قيد يدوي رقم 1819 - أنشئ بواسطة Kashif Ali,1107,شركة يسم للتجارة,,2070.0,
1691,2026-07-15,قيد يدوي رقم 1691 - أنشئ بواسطة Kashif Ali,5226,صيانة مركبات الموظفين,10.0,,
1691,2026-07-15,قيد يدوي رقم 1691 - أنشئ بواسطة Kashif Ali,110102,عهدة سالم,,10.0,
1692,2026-07-15,قيد يدوي رقم 1692 - أنشئ بواسطة Kashif Ali,5225,مصاريف وقود الموظف,181.0,,
1692,2026-07-15,قيد يدوي رقم 1692 - أنشئ بواسطة Kashif Ali,110102,عهدة سالم,,181.0,
1693,2026-07-15,قيد يدوي رقم 1693 - أنشئ بواسطة Kashif Ali,5214,مصاريف أخرى,652.09,,
1693,2026-07-15,قيد يدوي رقم 1693 - أنشئ بواسطة Kashif Ali,2105,ضريبة القيمة المضافة المستحقة,97.91,,Invoice No. 1006405 AL Atta safety & Equipment
1693,2026-07-15,قيد يدوي رقم 1693 - أنشئ بواسطة Kashif Ali,110102,عهدة سالم,,750.0,
1696,2026-07-15,قيد يدوي رقم 1696 - أنشئ بواسطة Kashif Ali,5206,تذاكر سفر,90.5,,
1696,2026-07-15,قيد يدوي رقم 1696 - أنشئ بواسطة Kashif Ali,110102,عهدة سالم,,90.5,
1711,2026-07-15,قيد يدوي رقم 1711 - أنشئ بواسطة Kashif Ali,110110,المصروفات النثرية مع أولا,3000.0,,
1711,2026-07-15,قيد يدوي رقم 1711 - أنشئ بواسطة Kashif Ali,110110,المصروفات النثرية مع أولا,1000.0,,
1711,2026-07-15,قيد يدوي رقم 1711 - أنشئ بواسطة Kashif Ali,110102,عهدة سالم,,3000.0,
1711,2026-07-15,قيد يدوي رقم 1711 - أنشئ بواسطة Kashif Ali,110102,عهدة سالم,,1000.0,
1712,2026-07-15,قيد يدوي رقم 1712 - أنشئ بواسطة Kashif Ali,5105,مصاريف وقود سيارات للموظفين,200.0,,Brookline Diesel
1712,2026-07-15,قيد يدوي رقم 1712 - أنشئ بواسطة Kashif Ali,110110,المصروفات النثرية مع أولا,,74.0,LPG Gas
1712,2026-07-15,قيد يدوي رقم 1712 - أنشئ بواسطة Kashif Ali,110110,المصروفات النثرية مع أولا,,50.0,Hydraulic Oil
1712,2026-07-15,قيد يدوي رقم 1712 - أنشئ بواسطة Kashif Ali,110110,المصروفات النثرية مع أولا,,50.0,Food for Workers 
1712,2026-07-15,قيد يدوي رقم 1712 - أنشئ بواسطة Kashif Ali,1109,جرد مواد الخردة,3410.0,,Iron purchased in factory @1.1 per kg
1712,2026-07-15,قيد يدوي رقم 1712 - أنشئ بواسطة Kashif Ali,5224,نفقات غاز الأكسجين,150.0,,oxygen Gas
1712,2026-07-15,قيد يدوي رقم 1712 - أنشئ بواسطة Kashif Ali,5224,نفقات غاز الأكسجين,74.0,,LPG Gas
1712,2026-07-15,قيد يدوي رقم 1712 - أنشئ بواسطة Kashif Ali,5105,مصاريف وقود سيارات للموظفين,50.0,,Hydraulic Oil
1712,2026-07-15,قيد يدوي رقم 1712 - أنشئ بواسطة Kashif Ali,5214,مصاريف أخرى,50.0,,Food for Workers 
1712,2026-07-15,قيد يدوي رقم 1712 - أنشئ بواسطة Kashif Ali,110110,المصروفات النثرية مع أولا,,200.0,brookline diesel
1712,2026-07-15,قيد يدوي رقم 1712 - أنشئ بواسطة Kashif Ali,110110,المصروفات النثرية مع أولا,,3410.0,Iron purchased in factory @1.1 per kg
1712,2026-07-15,قيد يدوي رقم 1712 - أنشئ بواسطة Kashif Ali,110110,المصروفات النثرية مع أولا,,150.0,oxygen Gas
1698,2026-07-16,قيد يدوي رقم 1698 - أنشئ بواسطة Kashif Ali,110102,عهدة سالم,36150.0,,
1698,2026-07-16,قيد يدوي رقم 1698 - أنشئ بواسطة Kashif Ali,4102,الايرادات من بيع السكراب,,36150.0,
1715,2026-07-16,قيد يدوي رقم 1715 - أنشئ بواسطة Kashif Ali,5105,مصاريف وقود سيارات للموظفين,100.0,,Brookoine Diesel 
1715,2026-07-16,قيد يدوي رقم 1715 - أنشئ بواسطة Kashif Ali,110110,المصروفات النثرية مع أولا,,100.0,Brookline Diesel
1716,2026-07-18,قيد يدوي رقم 1716 - أنشئ بواسطة Kashif Ali,5105,مصاريف وقود سيارات للموظفين,100.0,,Brookline Diesel
1716,2026-07-18,قيد يدوي رقم 1716 - أنشئ بواسطة Kashif Ali,110110,المصروفات النثرية مع أولا,,100.0,Brookline Diesel
1716,2026-07-18,قيد يدوي رقم 1716 - أنشئ بواسطة Kashif Ali,5224,نفقات غاز الأكسجين,90.0,,oxygen Gas
1716,2026-07-18,قيد يدوي رقم 1716 - أنشئ بواسطة Kashif Ali,110110,المصروفات النثرية مع أولا,,90.0,oxygen gas
1687,2026-07-19,قيد يدوي رقم 1687 - أنشئ بواسطة Kashif Ali,5214,مصاريف أخرى,500.0,,
1687,2026-07-19,قيد يدوي رقم 1687 - أنشئ بواسطة Kashif Ali,110102,عهدة سالم,,500.0,
1690,2026-07-19,قيد يدوي رقم 1690 - أنشئ بواسطة Kashif Ali,5225,مصاريف وقود الموظف,50.0,,
1690,2026-07-19,قيد يدوي رقم 1690 - أنشئ بواسطة Kashif Ali,110102,عهدة سالم,,50.0,
1697,2026-07-19,قيد يدوي رقم 1697 - أنشئ بواسطة Kashif Ali,5214,مصاريف أخرى,175.0,,
1697,2026-07-19,قيد يدوي رقم 1697 - أنشئ بواسطة Kashif Ali,110102,عهدة سالم,,175.0,
1700,2026-07-19,قيد يدوي رقم 1700 - أنشئ بواسطة Kashif Ali,110110,المصروفات النثرية مع أولا,1000.0,,
1700,2026-07-19,قيد يدوي رقم 1700 - أنشئ بواسطة Kashif Ali,110102,عهدة سالم,,1000.0,
1717,2026-07-19,قيد يدوي رقم 1717 - أنشئ بواسطة Kashif Ali,5225,مصاريف وقود الموظف,50.0,,Yaris Fuel 
1717,2026-07-19,قيد يدوي رقم 1717 - أنشئ بواسطة Kashif Ali,5226,صيانة مركبات الموظفين,15.0,,yarsi tyre fix
1717,2026-07-19,قيد يدوي رقم 1717 - أنشئ بواسطة Kashif Ali,110110,المصروفات النثرية مع أولا,,50.0,Yaris Fuel
1717,2026-07-19,قيد يدوي رقم 1717 - أنشئ بواسطة Kashif Ali,110110,المصروفات النثرية مع أولا,,15.0,yaris Tyre Fix 
1701,2026-07-20,قيد يدوي رقم 1701 - أنشئ بواسطة Kashif Ali,5225,مصاريف وقود الموظف,50.0,,
1701,2026-07-20,قيد يدوي رقم 1701 - أنشئ بواسطة Kashif Ali,110102,عهدة سالم,,50.0,
1704,2026-07-20,قيد يدوي رقم 1704 - أنشئ بواسطة Kashif Ali,5214,مصاريف أخرى,70.0,,
1704,2026-07-20,قيد يدوي رقم 1704 - أنشئ بواسطة Kashif Ali,110102,عهدة سالم,,70.0,
1705,2026-07-20,قيد يدوي رقم 1705 - أنشئ بواسطة Kashif Ali,5225,مصاريف وقود الموظف,100.0,,
1705,2026-07-20,قيد يدوي رقم 1705 - أنشئ بواسطة Kashif Ali,110102,عهدة سالم,,100.0,
1718,2026-07-20,قيد يدوي رقم 1718 - أنشئ بواسطة Kashif Ali,5214,مصاريف أخرى,20.0,,Petrol  for Small Car Hyundia
1718,2026-07-20,قيد يدوي رقم 1718 - أنشئ بواسطة Kashif Ali,110110,المصروفات النثرية مع أولا,,20.0,Petrol for small car Hundia
1734,2026-07-20,قيد يدوي رقم 1734 - أنشئ بواسطة Kashif Ali,5214,مصاريف أخرى,145.0,,
1734,2026-07-20,قيد يدوي رقم 1734 - أنشئ بواسطة Kashif Ali,110102,عهدة سالم,,145.0,
1735,2026-07-20,قيد يدوي رقم 1735 - أنشئ بواسطة Kashif Ali,5226,صيانة مركبات الموظفين,55.0,,
1735,2026-07-20,قيد يدوي رقم 1735 - أنشئ بواسطة Kashif Ali,110102,عهدة سالم,,55.0,
1742,2026-07-21,قيد يدوي رقم 1742 - أنشئ بواسطة Kashif Ali,5225,مصاريف وقود الموظف,50.0,,
1742,2026-07-21,قيد يدوي رقم 1742 - أنشئ بواسطة Kashif Ali,110102,عهدة سالم,,50.0,
1713,2026-07-21,قيد يدوي رقم 1713 - أنشئ بواسطة Kashif Ali,2103,الرواتب المستحقة,1000.0,,
1713,2026-07-21,قيد يدوي رقم 1713 - أنشئ بواسطة Kashif Ali,1107,شركة يسم للتجارة,,1000.0,
1719,2026-07-21,قيد يدوي رقم 1719 - أنشئ بواسطة Kashif Ali,5225,مصاريف وقود الموظف,70.0,,Yaris Fuel 
1719,2026-07-21,قيد يدوي رقم 1719 - أنشئ بواسطة Kashif Ali,5214,مصاريف أخرى,20.0,,Ola Food 
1719,2026-07-21,قيد يدوي رقم 1719 - أنشئ بواسطة Kashif Ali,5224,نفقات غاز الأكسجين,37.0,,Gas Cylinder
1719,2026-07-21,قيد يدوي رقم 1719 - أنشئ بواسطة Kashif Ali,110110,المصروفات النثرية مع أولا,,70.0,Yaris Fuel
1719,2026-07-21,قيد يدوي رقم 1719 - أنشئ بواسطة Kashif Ali,110110,المصروفات النثرية مع أولا,,20.0,Ola Meal
1719,2026-07-21,قيد يدوي رقم 1719 - أنشئ بواسطة Kashif Ali,110110,المصروفات النثرية مع أولا,,37.0,Gas cylinder
1720,2026-07-22,قيد يدوي رقم 1720 - أنشئ بواسطة Kashif Ali,5105,مصاريف وقود سيارات للموظفين,50.0,,Brookoine Diesel 
1720,2026-07-22,قيد يدوي رقم 1720 - أنشئ بواسطة Kashif Ali,5214,مصاريف أخرى,38.0,,Nose Mask and Gloves
1720,2026-07-22,قيد يدوي رقم 1720 - أنشئ بواسطة Kashif Ali,110110,المصروفات النثرية مع أولا,,50.0,Brookline Diesel
1720,2026-07-22,قيد يدوي رقم 1720 - أنشئ بواسطة Kashif Ali,110110,المصروفات النثرية مع أولا,,38.0,Nose Mask and Gloves
1727,2026-07-22,قيد يدوي رقم 1727 - أنشئ بواسطة Kashif Ali,5214,مصاريف أخرى,500.0,,
1727,2026-07-22,قيد يدوي رقم 1727 - أنشئ بواسطة Kashif Ali,110102,عهدة سالم,,500.0,
1730,2026-07-22,قيد يدوي رقم 1730 - أنشئ بواسطة Kashif Ali,5214,مصاريف أخرى,150.0,,
1730,2026-07-22,قيد يدوي رقم 1730 - أنشئ بواسطة Kashif Ali,110102,عهدة سالم,,150.0,
1731,2026-07-22,قيد يدوي رقم 1731 - أنشئ بواسطة Kashif Ali,5214,مصاريف أخرى,470.0,,
1731,2026-07-22,قيد يدوي رقم 1731 - أنشئ بواسطة Kashif Ali,110102,عهدة سالم,,470.0,
1737,2026-07-22,قيد يدوي رقم 1737 - أنشئ بواسطة Kashif Ali,5222,رسوم تجديد اقامات ونقل موظفين,710.0,,
1737,2026-07-22,قيد يدوي رقم 1737 - أنشئ بواسطة Kashif Ali,110102,عهدة سالم,,710.0,
1743,2026-07-22,قيد يدوي رقم 1743 - أنشئ بواسطة Kashif Ali,5225,مصاريف وقود الموظف,50.0,,
1743,2026-07-22,قيد يدوي رقم 1743 - أنشئ بواسطة Kashif Ali,110109,نقداً مع شعيب,,50.0,
1733,2026-07-23,قيد يدوي رقم 1733 - أنشئ بواسطة Kashif Ali,5214,مصاريف أخرى,100.0,,
1733,2026-07-23,قيد يدوي رقم 1733 - أنشئ بواسطة Kashif Ali,110102,عهدة سالم,,100.0,
1741,2026-07-23,قيد يدوي رقم 1741 - أنشئ بواسطة Kashif Ali,5225,مصاريف وقود الموظف,50.0,,
1741,2026-07-23,قيد يدوي رقم 1741 - أنشئ بواسطة Kashif Ali,110109,نقداً مع شعيب,,50.0,
1745,2026-07-23,قيد يدوي رقم 1745 - أنشئ بواسطة Kashif Ali,1109,جرد مواد الخردة,10424.0,,
1745,2026-07-23,قيد يدوي رقم 1745 - أنشئ بواسطة Kashif Ali,2101,الدائنون,,10424.0,
1820,2026-07-23,قيد يدوي رقم 1820 - أنشئ بواسطة Kashif Ali,5214,مصاريف أخرى,118.27,,
1820,2026-07-23,قيد يدوي رقم 1820 - أنشئ بواسطة Kashif Ali,1107,شركة يسم للتجارة,,118.27,
1721,2026-07-23,قيد يدوي رقم 1721 - أنشئ بواسطة Kashif Ali,110110,المصروفات النثرية مع أولا,4000.0,,
1721,2026-07-23,قيد يدوي رقم 1721 - أنشئ بواسطة Kashif Ali,110102,عهدة سالم,,4000.0,
1722,2026-07-23,قيد يدوي رقم 1722 - أنشئ بواسطة Kashif Ali,1109,جرد مواد الخردة,2400.0,,carriage cost of 30 Cars
1722,2026-07-23,قيد يدوي رقم 1722 - أنشئ بواسطة Kashif Ali,1109,جرد مواد الخردة,1600.0,,Loading Charges of 30 Cars
1722,2026-07-23,قيد يدوي رقم 1722 - أنشئ بواسطة Kashif Ali,5214,مصاريف أخرى,20.0,,Ola Meal 
1722,2026-07-23,قيد يدوي رقم 1722 - أنشئ بواسطة Kashif Ali,5105,مصاريف وقود سيارات للموظفين,100.0,,Brookline Diesel
1722,2026-07-23,قيد يدوي رقم 1722 - أنشئ بواسطة Kashif Ali,110110,المصروفات النثرية مع أولا,,2400.0,carriage cost of 30 Cars
1722,2026-07-23,قيد يدوي رقم 1722 - أنشئ بواسطة Kashif Ali,110110,المصروفات النثرية مع أولا,,1600.0,Loading Charges of 30 Cars
1722,2026-07-23,قيد يدوي رقم 1722 - أنشئ بواسطة Kashif Ali,110110,المصروفات النثرية مع أولا,,20.0,Ola Meal 
1722,2026-07-23,قيد يدوي رقم 1722 - أنشئ بواسطة Kashif Ali,110110,المصروفات النثرية مع أولا,,100.0,Brookline Diesel
1728,2026-07-23,قيد يدوي رقم 1728 - أنشئ بواسطة Kashif Ali,5214,مصاريف أخرى,1180.0,,
1728,2026-07-23,قيد يدوي رقم 1728 - أنشئ بواسطة Kashif Ali,110102,عهدة سالم,,1180.0,
1723,2026-07-25,قيد يدوي رقم 1723 - أنشئ بواسطة Kashif Ali,5105,مصاريف وقود سيارات للموظفين,100.0,,Brookoine Diesel 
1723,2026-07-25,قيد يدوي رقم 1723 - أنشئ بواسطة Kashif Ali,5225,مصاريف وقود الموظف,60.0,,Yaris Fuel
1723,2026-07-25,قيد يدوي رقم 1723 - أنشئ بواسطة Kashif Ali,1109,جرد مواد الخردة,236.0,,Scrap Purchased in Factory 
1723,2026-07-25,قيد يدوي رقم 1723 - أنشئ بواسطة Kashif Ali,110110,المصروفات النثرية مع أولا,,100.0,Brookline Diesel
1723,2026-07-25,قيد يدوي رقم 1723 - أنشئ بواسطة Kashif Ali,110110,المصروفات النثرية مع أولا,,60.0,Yaris Fuel
1723,2026-07-25,قيد يدوي رقم 1723 - أنشئ بواسطة Kashif Ali,110110,المصروفات النثرية مع أولا,,236.0,Scrap Purchased in Factory 
1724,2026-07-26,قيد يدوي رقم 1724 - أنشئ بواسطة Kashif Ali,5105,مصاريف وقود سيارات للموظفين,100.0,,Brookoine Diesel 
1724,2026-07-26,قيد يدوي رقم 1724 - أنشئ بواسطة Kashif Ali,5105,مصاريف وقود سيارات للموظفين,100.0,,hydraulic Oil
1724,2026-07-26,قيد يدوي رقم 1724 - أنشئ بواسطة Kashif Ali,5214,مصاريف أخرى,10.0,,Break Oil
1724,2026-07-26,قيد يدوي رقم 1724 - أنشئ بواسطة Kashif Ali,110110,المصروفات النثرية مع أولا,,100.0,Brookline Diesel
1724,2026-07-26,قيد يدوي رقم 1724 - أنشئ بواسطة Kashif Ali,110110,المصروفات النثرية مع أولا,,100.0,Hydraulic Oil
1724,2026-07-26,قيد يدوي رقم 1724 - أنشئ بواسطة Kashif Ali,110110,المصروفات النثرية مع أولا,,10.0,Break Oil
1725,2026-07-26,قيد يدوي رقم 1725 - أنشئ بواسطة Kashif Ali,110110,المصروفات النثرية مع أولا,6000.0,,
1725,2026-07-26,قيد يدوي رقم 1725 - أنشئ بواسطة Kashif Ali,110102,عهدة سالم,,6000.0,
1726,2026-07-26,قيد يدوي رقم 1726 - أنشئ بواسطة Kashif Ali,1109,جرد مواد الخردة,19700.0,,
1726,2026-07-26,قيد يدوي رقم 1726 - أنشئ بواسطة Kashif Ali,110102,عهدة سالم,,19700.0,
1729,2026-07-26,قيد يدوي رقم 1729 - أنشئ بواسطة Kashif Ali,5214,مصاريف أخرى,775.0,,
1729,2026-07-26,قيد يدوي رقم 1729 - أنشئ بواسطة Kashif Ali,110102,عهدة سالم,,775.0,
1732,2026-07-26,قيد يدوي رقم 1732 - أنشئ بواسطة Kashif Ali,5214,مصاريف أخرى,100.0,,
1732,2026-07-26,قيد يدوي رقم 1732 - أنشئ بواسطة Kashif Ali,110102,عهدة سالم,,100.0,
1740,2026-07-26,قيد يدوي رقم 1740 - أنشئ بواسطة Kashif Ali,5225,مصاريف وقود الموظف,50.0,,
1740,2026-07-26,قيد يدوي رقم 1740 - أنشئ بواسطة Kashif Ali,110109,نقداً مع شعيب,,50.0,
1774,2026-07-26,قيد يدوي رقم 1774 - أنشئ بواسطة Kashif Ali,5225,مصاريف وقود الموظف,90.0,,
1774,2026-07-26,قيد يدوي رقم 1774 - أنشئ بواسطة Kashif Ali,110102,عهدة سالم,,90.0,
1736,2026-07-27,قيد يدوي رقم 1736 - أنشئ بواسطة Kashif Ali,5225,مصاريف وقود الموظف,150.0,,
1736,2026-07-27,قيد يدوي رقم 1736 - أنشئ بواسطة Kashif Ali,110102,عهدة سالم,,150.0,
1739,2026-07-27,قيد يدوي رقم 1739 - أنشئ بواسطة Kashif Ali,5225,مصاريف وقود الموظف,50.0,,
1739,2026-07-27,قيد يدوي رقم 1739 - أنشئ بواسطة Kashif Ali,110109,نقداً مع شعيب,,50.0,
1744,2026-07-27,قيد يدوي رقم 1744 - أنشئ بواسطة Kashif Ali,5208,الرسوم الحكومية,4850.0,,
1744,2026-07-27,قيد يدوي رقم 1744 - أنشئ بواسطة Kashif Ali,5208,الرسوم الحكومية,162.0,,
1744,2026-07-27,قيد يدوي رقم 1744 - أنشئ بواسطة Kashif Ali,5208,الرسوم الحكومية,163.0,,
1744,2026-07-27,قيد يدوي رقم 1744 - أنشئ بواسطة Kashif Ali,1107,شركة يسم للتجارة,,4850.0,
1744,2026-07-27,قيد يدوي رقم 1744 - أنشئ بواسطة Kashif Ali,1107,شركة يسم للتجارة,,162.0,
1744,2026-07-27,قيد يدوي رقم 1744 - أنشئ بواسطة Kashif Ali,1107,شركة يسم للتجارة,,163.0,
1746,2026-07-27,قيد يدوي رقم 1746 - أنشئ بواسطة Kashif Ali,1109,جرد مواد الخردة,10570.0,,
1746,2026-07-27,قيد يدوي رقم 1746 - أنشئ بواسطة Kashif Ali,2101,الدائنون,,10570.0,
1747,2026-07-27,قيد يدوي رقم 1747 - أنشئ بواسطة Kashif Ali,1109,جرد مواد الخردة,9973.0,,
1747,2026-07-27,قيد يدوي رقم 1747 - أنشئ بواسطة Kashif Ali,2101,الدائنون,,9973.0,
1748,2026-07-27,قيد يدوي رقم 1748 - أنشئ بواسطة Kashif Ali,5225,مصاريف وقود الموظف,50.0,,
1748,2026-07-27,قيد يدوي رقم 1748 - أنشئ بواسطة Kashif Ali,110102,عهدة سالم,,50.0,
1749,2026-07-27,قيد يدوي رقم 1749 - أنشئ بواسطة Kashif Ali,5214,مصاريف أخرى,500.0,,
1749,2026-07-27,قيد يدوي رقم 1749 - أنشئ بواسطة Kashif Ali,110102,عهدة سالم,,500.0,
1753,2026-07-27,قيد يدوي رقم 1753 - أنشئ بواسطة Kashif Ali,5105,مصاريف وقود سيارات للموظفين,100.0,,Brookoine Diesel 
1753,2026-07-27,قيد يدوي رقم 1753 - أنشئ بواسطة Kashif Ali,110110,المصروفات النثرية مع أولا,,150.0,oxygen gas
1753,2026-07-27,قيد يدوي رقم 1753 - أنشئ بواسطة Kashif Ali,110110,المصروفات النثرية مع أولا,,74.0,Gas Cylinder
1753,2026-07-27,قيد يدوي رقم 1753 - أنشئ بواسطة Kashif Ali,110110,المصروفات النثرية مع أولا,,20.0,Ola Food 
1753,2026-07-27,قيد يدوي رقم 1753 - أنشئ بواسطة Kashif Ali,1109,جرد مواد الخردة,1100.0,,Loading charges 20 Cars
1753,2026-07-27,قيد يدوي رقم 1753 - أنشئ بواسطة Kashif Ali,1109,جرد مواد الخردة,1600.0,,Ciarrige charges 20 cars 
1753,2026-07-27,قيد يدوي رقم 1753 - أنشئ بواسطة Kashif Ali,5224,نفقات غاز الأكسجين,150.0,,oxygen gas
1753,2026-07-27,قيد يدوي رقم 1753 - أنشئ بواسطة Kashif Ali,5224,نفقات غاز الأكسجين,74.0,,Gas Cylinder
1753,2026-07-27,قيد يدوي رقم 1753 - أنشئ بواسطة Kashif Ali,5214,مصاريف أخرى,20.0,,Ola Food 
1753,2026-07-27,قيد يدوي رقم 1753 - أنشئ بواسطة Kashif Ali,110110,المصروفات النثرية مع أولا,,100.0,brookline diesel
1753,2026-07-27,قيد يدوي رقم 1753 - أنشئ بواسطة Kashif Ali,110110,المصروفات النثرية مع أولا,,1100.0,Loading charges 20 Cars
1753,2026-07-27,قيد يدوي رقم 1753 - أنشئ بواسطة Kashif Ali,110110,المصروفات النثرية مع أولا,,1600.0,Ciarrige charges 20 cars 
1767,2026-07-27,قيد يدوي رقم 1767 - أنشئ بواسطة Kashif Ali,5214,مصاريف أخرى,250.0,,
1767,2026-07-27,قيد يدوي رقم 1767 - أنشئ بواسطة Kashif Ali,110102,عهدة سالم,,250.0,
1818,2026-07-27,قيد يدوي رقم 1818 - أنشئ بواسطة Kashif Ali,110501,اشرف مروان الصايغ,3600.0,,
1818,2026-07-27,قيد يدوي رقم 1818 - أنشئ بواسطة Kashif Ali,1107,شركة يسم للتجارة,,3600.0,
1821,2026-07-27,قيد يدوي رقم 1821 - أنشئ بواسطة Kashif Ali,5208,الرسوم الحكومية,100.0,,
1821,2026-07-27,قيد يدوي رقم 1821 - أنشئ بواسطة Kashif Ali,1107,شركة يسم للتجارة,,100.0,
1824,2026-07-27,قيد يدوي رقم 1824 - أنشئ بواسطة Kashif Ali,5208,الرسوم الحكومية,4280.92,,
1824,2026-07-27,قيد يدوي رقم 1824 - أنشئ بواسطة Kashif Ali,1107,شركة يسم للتجارة,,4280.92,
1754,2026-07-28,قيد يدوي رقم 1754 - أنشئ بواسطة Kashif Ali,1109,جرد مواد الخردة,1600.0,,Carriage of 20 Cars
1754,2026-07-28,قيد يدوي رقم 1754 - أنشئ بواسطة Kashif Ali,110110,المصروفات النثرية مع أولا,,20.0,Ola food
1754,2026-07-28,قيد يدوي رقم 1754 - أنشئ بواسطة Kashif Ali,1109,جرد مواد الخردة,1100.0,,Loading  20 Cars
1754,2026-07-28,قيد يدوي رقم 1754 - أنشئ بواسطة Kashif Ali,5105,مصاريف وقود سيارات للموظفين,100.0,,Brookoine Diesel 
1754,2026-07-28,قيد يدوي رقم 1754 - أنشئ بواسطة Kashif Ali,5225,مصاريف وقود الموظف,70.0,,Yaris Fuel 
1754,2026-07-28,قيد يدوي رقم 1754 - أنشئ بواسطة Kashif Ali,5214,مصاريف أخرى,20.0,,Ola food
1754,2026-07-28,قيد يدوي رقم 1754 - أنشئ بواسطة Kashif Ali,110110,المصروفات النثرية مع أولا,,1600.0,Carriage of 20 Cars
1754,2026-07-28,قيد يدوي رقم 1754 - أنشئ بواسطة Kashif Ali,110110,المصروفات النثرية مع أولا,,1100.0,Loading  20 Cars
1754,2026-07-28,قيد يدوي رقم 1754 - أنشئ بواسطة Kashif Ali,110110,المصروفات النثرية مع أولا,,100.0,Brookline Diesel
1754,2026-07-28,قيد يدوي رقم 1754 - أنشئ بواسطة Kashif Ali,110110,المصروفات النثرية مع أولا,,70.0,Yaris Fuel 
1757,2026-07-28,قيد يدوي رقم 1757 - أنشئ بواسطة Kashif Ali,1109,جرد مواد الخردة,9300.0,,
1757,2026-07-28,قيد يدوي رقم 1757 - أنشئ بواسطة Kashif Ali,2101,الدائنون,,9300.0,
1758,2026-07-28,قيد يدوي رقم 1758 - أنشئ بواسطة Kashif Ali,1109,جرد مواد الخردة,7728.0,,
1758,2026-07-28,قيد يدوي رقم 1758 - أنشئ بواسطة Kashif Ali,2101,الدائنون,,7728.0,
1769,2026-07-28,قيد يدوي رقم 1769 - أنشئ بواسطة Kashif Ali,5225,مصاريف وقود الموظف,95.0,,
1769,2026-07-28,قيد يدوي رقم 1769 - أنشئ بواسطة Kashif Ali,110102,عهدة سالم,,95.0,
1750,2026-07-29,قيد يدوي رقم 1750 - أنشئ بواسطة Kashif Ali,110102,عهدة سالم,31130.0,,
1750,2026-07-29,قيد يدوي رقم 1750 - أنشئ بواسطة Kashif Ali,4102,الايرادات من بيع السكراب,,31130.0,
1751,2026-07-29,قيد يدوي رقم 1751 - أنشئ بواسطة Kashif Ali,2101,الدائنون,21000.0,,
1751,2026-07-29,قيد يدوي رقم 1751 - أنشئ بواسطة Kashif Ali,110102,عهدة سالم,,21000.0,
1752,2026-07-29,قيد يدوي رقم 1752 - أنشئ بواسطة Kashif Ali,2101,الدائنون,10000.0,,
1752,2026-07-29,قيد يدوي رقم 1752 - أنشئ بواسطة Kashif Ali,110102,عهدة سالم,,10000.0,
1755,2026-07-29,قيد يدوي رقم 1755 - أنشئ بواسطة Kashif Ali,5105,مصاريف وقود سيارات للموظفين,100.0,,Brookoine Diesel 
1755,2026-07-29,قيد يدوي رقم 1755 - أنشئ بواسطة Kashif Ali,110110,المصروفات النثرية مع أولا,,100.0,
1822,2026-07-29,قيد يدوي رقم 1822 - أنشئ بواسطة Kashif Ali,2103,الرواتب المستحقة,48650.0,,
1822,2026-07-29,قيد يدوي رقم 1822 - أنشئ بواسطة Kashif Ali,1107,شركة يسم للتجارة,,23350.0,Mudad Salary 
1822,2026-07-29,قيد يدوي رقم 1822 - أنشئ بواسطة Kashif Ali,1107,شركة يسم للتجارة,,17000.0,Siddique
1822,2026-07-29,قيد يدوي رقم 1822 - أنشئ بواسطة Kashif Ali,1107,شركة يسم للتجارة,,2300.0,Amer Makki
1822,2026-07-29,قيد يدوي رقم 1822 - أنشئ بواسطة Kashif Ali,1107,شركة يسم للتجارة,,1700.0,Abdul Majeed
1822,2026-07-29,قيد يدوي رقم 1822 - أنشئ بواسطة Kashif Ali,1107,شركة يسم للتجارة,,2300.0,Fuad 
1822,2026-07-29,قيد يدوي رقم 1822 - أنشئ بواسطة Kashif Ali,1107,شركة يسم للتجارة,,2000.0,Ibrahim
1756,2026-07-30,قيد يدوي رقم 1756 - أنشئ بواسطة Kashif Ali,110110,المصروفات النثرية مع أولا,500.0,,
1756,2026-07-30,قيد يدوي رقم 1756 - أنشئ بواسطة Kashif Ali,110102,عهدة سالم,,500.0,
1766,2026-07-30,قيد يدوي رقم 1766 - أنشئ بواسطة Kashif Ali,5214,مصاريف أخرى,1200.0,,
1766,2026-07-30,قيد يدوي رقم 1766 - أنشئ بواسطة Kashif Ali,110102,عهدة سالم,,1200.0,
1771,2026-07-30,قيد يدوي رقم 1771 - أنشئ بواسطة Kashif Ali,5214,مصاريف أخرى,50.0,,
1771,2026-07-30,قيد يدوي رقم 1771 - أنشئ بواسطة Kashif Ali,110102,عهدة سالم,,50.0,
1772,2026-07-30,قيد يدوي رقم 1772 - أنشئ بواسطة Kashif Ali,5214,مصاريف أخرى,31.0,,
1772,2026-07-30,قيد يدوي رقم 1772 - أنشئ بواسطة Kashif Ali,110102,عهدة سالم,,31.0,
1810,2026-07-30,قيد يدوي رقم 1810 - أنشئ بواسطة Kashif Ali,5105,مصاريف وقود سيارات للموظفين,100.0,,Brookoine Diesel 
1810,2026-07-30,قيد يدوي رقم 1810 - أنشئ بواسطة Kashif Ali,110110,المصروفات النثرية مع أولا,,100.0,Brookline Diesel
1759,2026-07-31,قيد يدوي رقم 1759 - أنشئ بواسطة Kashif Ali,110102,عهدة سالم,31279.0,,
1759,2026-07-31,قيد يدوي رقم 1759 - أنشئ بواسطة Kashif Ali,4102,الايرادات من بيع السكراب,,31279.0,
1760,2026-07-31,قيد يدوي رقم 1760 - أنشئ بواسطة Kashif Ali,110102,عهدة سالم,11074.0,,
1760,2026-07-31,قيد يدوي رقم 1760 - أنشئ بواسطة Kashif Ali,4102,الايرادات من بيع السكراب,,11074.0,
1768,2026-07-31,قيد يدوي رقم 1768 - أنشئ بواسطة Kashif Ali,5225,مصاريف وقود الموظف,100.0,,
1768,2026-07-31,قيد يدوي رقم 1768 - أنشئ بواسطة Kashif Ali,110102,عهدة سالم,,100.0,
1770,2026-07-31,قيد يدوي رقم 1770 - أنشئ بواسطة Kashif Ali,5225,مصاريف وقود الموظف,100.0,,
1770,2026-07-31,قيد يدوي رقم 1770 - أنشئ بواسطة Kashif Ali,110102,عهدة سالم,,100.0,
1801,2026-07-31,قيد يدوي رقم 1801 - أنشئ بواسطة Kashif Ali,5108,تكلفة البضائع المباعة من خردة الحديد,151040.0,,
1801,2026-07-31,قيد يدوي رقم 1801 - أنشئ بواسطة Kashif Ali,1109,جرد مواد الخردة,,151040.0,
1823,2026-07-31,قيد يدوي رقم 1823 - أنشئ بواسطة Kashif Ali,5214,مصاريف أخرى,3654.0,,
1823,2026-07-31,قيد يدوي رقم 1823 - أنشئ بواسطة Kashif Ali,1107,شركة يسم للتجارة,,3654.0,
1825,2026-07-31,قيد يدوي رقم 1825 - أنشئ بواسطة Kashif Ali,1107,شركة يسم للتجارة,161029.79,,
1825,2026-07-31,قيد يدوي رقم 1825 - أنشئ بواسطة Kashif Ali,3202,جاري الشريك سالم بالحارث,,161029.79,
1831,2026-07-31,قيد يدوي رقم 1831 - أنشئ بواسطة Kashif Ali,5106,مصاريف إيجار أرض المصنع,5721.78,,
1831,2026-07-31,قيد يدوي رقم 1831 - أنشئ بواسطة Kashif Ali,2102,مصروفات مستحقة,,5721.78,
1762,2026-08-01,قيد يدوي رقم 1762 - أنشئ بواسطة Kashif Ali,2101,الدائنون,9300.0,,
1762,2026-08-01,قيد يدوي رقم 1762 - أنشئ بواسطة Kashif Ali,110102,عهدة سالم,,9300.0,
1763,2026-08-01,قيد يدوي رقم 1763 - أنشئ بواسطة Kashif Ali,2101,الدائنون,7728.0,,
1763,2026-08-01,قيد يدوي رقم 1763 - أنشئ بواسطة Kashif Ali,110102,عهدة سالم,,7728.0,
1773,2026-08-01,قيد يدوي رقم 1773 - أنشئ بواسطة Kashif Ali,5214,مصاريف أخرى,66.0,,
1773,2026-08-01,قيد يدوي رقم 1773 - أنشئ بواسطة Kashif Ali,110102,عهدة سالم,,66.0,
1811,2026-08-01,قيد يدوي رقم 1811 - أنشئ بواسطة Kashif Ali,5105,مصاريف وقود سيارات للموظفين,100.0,,Brookline Diesel
1811,2026-08-01,قيد يدوي رقم 1811 - أنشئ بواسطة Kashif Ali,5105,مصاريف وقود سيارات للموظفين,50.0,,hydraulic Oil
1811,2026-08-01,قيد يدوي رقم 1811 - أنشئ بواسطة Kashif Ali,5214,مصاريف أخرى,30.0,,Gloves
1811,2026-08-01,قيد يدوي رقم 1811 - أنشئ بواسطة Kashif Ali,110110,المصروفات النثرية مع أولا,,100.0,Brookline Diesel
1811,2026-08-01,قيد يدوي رقم 1811 - أنشئ بواسطة Kashif Ali,110110,المصروفات النثرية مع أولا,,50.0,Hydraulic Oil
1811,2026-08-01,قيد يدوي رقم 1811 - أنشئ بواسطة Kashif Ali,110110,المصروفات النثرية مع أولا,,30.0,Gloves
1761,2026-08-02,قيد يدوي رقم 1761 - أنشئ بواسطة Kashif Ali,110102,عهدة سالم,150.0,,
1761,2026-08-02,قيد يدوي رقم 1761 - أنشئ بواسطة Kashif Ali,4201,إيرادات أخرى,,150.0,
1765,2026-08-02,قيد يدوي رقم 1765 - أنشئ بواسطة Kashif Ali,5217,مصاريف مياه وكهرباء,680.0,,
1765,2026-08-02,قيد يدوي رقم 1765 - أنشئ بواسطة Kashif Ali,110102,عهدة سالم,,680.0,
1812,2026-08-02,قيد يدوي رقم 1812 - أنشئ بواسطة Kashif Ali,5105,مصاريف وقود سيارات للموظفين,100.0,,Brookline Diesel
1812,2026-08-02,قيد يدوي رقم 1812 - أنشئ بواسطة Kashif Ali,5214,مصاريف أخرى,150.0,,Welding Gate 
1812,2026-08-02,قيد يدوي رقم 1812 - أنشئ بواسطة Kashif Ali,110110,المصروفات النثرية مع أولا,,100.0,Brookline Diesel
1812,2026-08-02,قيد يدوي رقم 1812 - أنشئ بواسطة Kashif Ali,110110,المصروفات النثرية مع أولا,,150.0,Welding Gate 
1764,2026-08-03,قيد يدوي رقم 1764 - أنشئ بواسطة Kashif Ali,110110,المصروفات النثرية مع أولا,500.0,,
1764,2026-08-03,قيد يدوي رقم 1764 - أنشئ بواسطة Kashif Ali,110102,عهدة سالم,,500.0,
1775,2026-08-03,قيد يدوي رقم 1775 - أنشئ بواسطة Kashif Ali,5214,مصاريف أخرى,10000.0,,
1775,2026-08-03,قيد يدوي رقم 1775 - أنشئ بواسطة Kashif Ali,110101,النقدية في الخزينة,,10000.0,
1776,2026-08-03,قيد يدوي رقم 1776 - أنشئ بواسطة Kashif Ali,1109,جرد مواد الخردة,800.0,,
1776,2026-08-03,قيد يدوي رقم 1776 - أنشئ بواسطة Kashif Ali,110102,عهدة سالم,,800.0,
1785,2026-08-04,قيد يدوي رقم 1785 - أنشئ بواسطة Kashif Ali,1109,جرد مواد الخردة,550.0,,
1785,2026-08-04,قيد يدوي رقم 1785 - أنشئ بواسطة Kashif Ali,3202,جاري الشريك سالم بالحارث,,550.0,
1786,2026-08-04,قيد يدوي رقم 1786 - أنشئ بواسطة Kashif Ali,5214,مصاريف أخرى,30.0,,
1786,2026-08-04,قيد يدوي رقم 1786 - أنشئ بواسطة Kashif Ali,110102,عهدة سالم,,30.0,
1789,2026-08-04,قيد يدوي رقم 1789 - أنشئ بواسطة Kashif Ali,5225,مصاريف وقود الموظف,50.0,,
1789,2026-08-04,قيد يدوي رقم 1789 - أنشئ بواسطة Kashif Ali,110102,عهدة سالم,,50.0,
1803,2026-08-04,قيد يدوي رقم 1803 - أنشئ بواسطة Kashif Ali,5105,مصاريف وقود سيارات للموظفين,200.0,,
1803,2026-08-04,قيد يدوي رقم 1803 - أنشئ بواسطة Kashif Ali,110110,المصروفات النثرية مع أولا,,200.0,
1804,2026-08-04,قيد يدوي رقم 1804 - أنشئ بواسطة Kashif Ali,5224,نفقات غاز الأكسجين,74.0,,
1804,2026-08-04,قيد يدوي رقم 1804 - أنشئ بواسطة Kashif Ali,110110,المصروفات النثرية مع أولا,,74.0,
1805,2026-08-04,قيد يدوي رقم 1805 - أنشئ بواسطة Kashif Ali,5105,مصاريف وقود سيارات للموظفين,100.0,,
1805,2026-08-04,قيد يدوي رقم 1805 - أنشئ بواسطة Kashif Ali,110110,المصروفات النثرية مع أولا,,100.0,
1806,2026-08-04,قيد يدوي رقم 1806 - أنشئ بواسطة Kashif Ali,5224,نفقات غاز الأكسجين,150.0,,
1806,2026-08-04,قيد يدوي رقم 1806 - أنشئ بواسطة Kashif Ali,110110,المصروفات النثرية مع أولا,,150.0,
1807,2026-08-04,قيد يدوي رقم 1807 - أنشئ بواسطة Kashif Ali,5224,نفقات غاز الأكسجين,74.0,,
1807,2026-08-04,قيد يدوي رقم 1807 - أنشئ بواسطة Kashif Ali,110110,المصروفات النثرية مع أولا,,74.0,
1808,2026-08-04,قيد يدوي رقم 1808 - أنشئ بواسطة Kashif Ali,5105,مصاريف وقود سيارات للموظفين,100.0,,
1808,2026-08-04,قيد يدوي رقم 1808 - أنشئ بواسطة Kashif Ali,110110,المصروفات النثرية مع أولا,,100.0,
1813,2026-08-04,قيد يدوي رقم 1813 - أنشئ بواسطة Kashif Ali,110110,المصروفات النثرية مع أولا,50.0,,
1813,2026-08-04,قيد يدوي رقم 1813 - أنشئ بواسطة Kashif Ali,4201,إيرادات أخرى,,50.0,
1814,2026-08-04,قيد يدوي رقم 1814 - أنشئ بواسطة Kashif Ali,5214,مصاريف أخرى,98.0,,
1814,2026-08-04,قيد يدوي رقم 1814 - أنشئ بواسطة Kashif Ali,110102,عهدة سالم,,98.0,
1809,2026-08-05,قيد يدوي رقم 1809 - أنشئ بواسطة Kashif Ali,110110,المصروفات النثرية مع أولا,500.0,,
1809,2026-08-05,قيد يدوي رقم 1809 - أنشئ بواسطة Kashif Ali,110102,عهدة سالم,,500.0,
1837,2026-08-05,قيد يدوي رقم 1837 - أنشئ بواسطة Kashif Ali,5214,مصاريف أخرى,50.0,,
1837,2026-08-05,قيد يدوي رقم 1837 - أنشئ بواسطة Kashif Ali,110110,المصروفات النثرية مع أولا,,50.0,
1842,2026-08-05,قيد يدوي رقم 1842 - أنشئ بواسطة Kashif Ali,110110,المصروفات النثرية مع أولا,100.0,,
1842,2026-08-05,قيد يدوي رقم 1842 - أنشئ بواسطة Kashif Ali,4201,إيرادات أخرى,,100.0,
1782,2026-08-06,قيد يدوي رقم 1782 - أنشئ بواسطة Kashif Ali,110102,عهدة سالم,34500.0,,
1782,2026-08-06,قيد يدوي رقم 1782 - أنشئ بواسطة Kashif Ali,4102,الايرادات من بيع السكراب,,34500.0,
1783,2026-08-06,قيد يدوي رقم 1783 - أنشئ بواسطة Kashif Ali,1109,جرد مواد الخردة,8040.0,,
1783,2026-08-06,قيد يدوي رقم 1783 - أنشئ بواسطة Kashif Ali,110102,عهدة سالم,,8040.0,
1784,2026-08-06,قيد يدوي رقم 1784 - أنشئ بواسطة Kashif Ali,5214,مصاريف أخرى,1500.0,,
1784,2026-08-06,قيد يدوي رقم 1784 - أنشئ بواسطة Kashif Ali,110102,عهدة سالم,,1500.0,
1787,2026-08-06,قيد يدوي رقم 1787 - أنشئ بواسطة Kashif Ali,5225,مصاريف وقود الموظف,95.0,,
1787,2026-08-06,قيد يدوي رقم 1787 - أنشئ بواسطة Kashif Ali,110102,عهدة سالم,,95.0,
1838,2026-08-06,قيد يدوي رقم 1838 - أنشئ بواسطة Kashif Ali,5105,مصاريف وقود سيارات للموظفين,100.0,,
1838,2026-08-06,قيد يدوي رقم 1838 - أنشئ بواسطة Kashif Ali,110110,المصروفات النثرية مع أولا,,100.0,
1839,2026-08-08,قيد يدوي رقم 1839 - أنشئ بواسطة Kashif Ali,5224,نفقات غاز الأكسجين,120.0,,
1839,2026-08-08,قيد يدوي رقم 1839 - أنشئ بواسطة Kashif Ali,110110,المصروفات النثرية مع أولا,,120.0,
1840,2026-08-08,قيد يدوي رقم 1840 - أنشئ بواسطة Kashif Ali,5105,مصاريف وقود سيارات للموظفين,100.0,,
1840,2026-08-08,قيد يدوي رقم 1840 - أنشئ بواسطة Kashif Ali,110110,المصروفات النثرية مع أولا,,100.0,
1841,2026-08-08,قيد يدوي رقم 1841 - أنشئ بواسطة Kashif Ali,5214,مصاريف أخرى,20.0,,
1841,2026-08-08,قيد يدوي رقم 1841 - أنشئ بواسطة Kashif Ali,110110,المصروفات النثرية مع أولا,,20.0,
1778,2026-08-09,قيد يدوي رقم 1778 - أنشئ بواسطة Kashif Ali,5223,نفقات الإنترنت,405.0,,
1778,2026-08-09,قيد يدوي رقم 1778 - أنشئ بواسطة Kashif Ali,110102,عهدة سالم,,405.0,
1779,2026-08-09,قيد يدوي رقم 1779 - أنشئ بواسطة Kashif Ali,110109,نقداً مع شعيب,2000.0,,
1779,2026-08-09,قيد يدوي رقم 1779 - أنشئ بواسطة Kashif Ali,110102,عهدة سالم,,2000.0,
1780,2026-08-09,قيد يدوي رقم 1780 - أنشئ بواسطة Kashif Ali,1107,شركة يسم للتجارة,7140.0,,
1780,2026-08-09,قيد يدوي رقم 1780 - أنشئ بواسطة Kashif Ali,110102,عهدة سالم,,7140.0,
1781,2026-08-09,قيد يدوي رقم 1781 - أنشئ بواسطة Kashif Ali,5222,رسوم تجديد اقامات ونقل موظفين,7000.0,,
1781,2026-08-09,قيد يدوي رقم 1781 - أنشئ بواسطة Kashif Ali,5217,مصاريف مياه وكهرباء,140.0,,Water
1781,2026-08-09,قيد يدوي رقم 1781 - أنشئ بواسطة Kashif Ali,1107,شركة يسم للتجارة,,7140.0,
1788,2026-08-09,قيد يدوي رقم 1788 - أنشئ بواسطة Kashif Ali,5206,تذاكر سفر,34.0,,
1788,2026-08-09,قيد يدوي رقم 1788 - أنشئ بواسطة Kashif Ali,110102,عهدة سالم,,34.0,
1843,2026-08-10,قيد يدوي رقم 1843 - أنشئ بواسطة Kashif Ali,5214,مصاريف أخرى,20.0,,
1843,2026-08-10,قيد يدوي رقم 1843 - أنشئ بواسطة Kashif Ali,110110,المصروفات النثرية مع أولا,,20.0,
1777,2026-08-11,قيد يدوي رقم 1777 - أنشئ بواسطة Kashif Ali,110110,المصروفات النثرية مع أولا,500.0,,
1777,2026-08-11,قيد يدوي رقم 1777 - أنشئ بواسطة Kashif Ali,110102,عهدة سالم,,500.0,
1790,2026-08-11,قيد يدوي رقم 1790 - أنشئ بواسطة Kashif Ali,5206,تذاكر سفر,60.0,,
1790,2026-08-11,قيد يدوي رقم 1790 - أنشئ بواسطة Kashif Ali,110102,عهدة سالم,,60.0,
1791,2026-08-11,قيد يدوي رقم 1791 - أنشئ بواسطة Kashif Ali,5214,مصاريف أخرى,20.0,,
1791,2026-08-11,قيد يدوي رقم 1791 - أنشئ بواسطة Kashif Ali,110102,عهدة سالم,,20.0,
1792,2026-08-11,قيد يدوي رقم 1792 - أنشئ بواسطة Kashif Ali,1109,جرد مواد الخردة,1100.0,,
1792,2026-08-11,قيد يدوي رقم 1792 - أنشئ بواسطة Kashif Ali,110102,عهدة سالم,,1100.0,
1793,2026-08-11,قيد يدوي رقم 1793 - أنشئ بواسطة Kashif Ali,1109,جرد مواد الخردة,1600.0,,
1793,2026-08-11,قيد يدوي رقم 1793 - أنشئ بواسطة Kashif Ali,110102,عهدة سالم,,1600.0,
1794,2026-08-11,قيد يدوي رقم 1794 - أنشئ بواسطة Kashif Ali,1107,شركة يسم للتجارة,16015.0,,
1794,2026-08-11,قيد يدوي رقم 1794 - أنشئ بواسطة Kashif Ali,110102,عهدة سالم,,16015.0,
1802,2026-08-11,قيد يدوي رقم 1802 - أنشئ بواسطة Kashif Ali,5101,تكلفة البضائع المباعة الأجزاء,12090.0,,
1802,2026-08-11,قيد يدوي رقم 1802 - أنشئ بواسطة Kashif Ali,1109,جرد مواد الخردة,,12090.0,
1816,2026-08-11,قيد يدوي رقم 1816 - أنشئ بواسطة Kashif Ali,110102,عهدة سالم,,100.0,
1816,2026-08-11,قيد يدوي رقم 1816 - أنشئ بواسطة Kashif Ali,5225,مصاريف وقود الموظف,100.0,,
1844,2026-08-11,قيد يدوي رقم 1844 - أنشئ بواسطة Kashif Ali,5224,نفقات غاز الأكسجين,74.0,,
1844,2026-08-11,قيد يدوي رقم 1844 - أنشئ بواسطة Kashif Ali,110110,المصروفات النثرية مع أولا,,74.0,
1845,2026-08-11,قيد يدوي رقم 1845 - أنشئ بواسطة Kashif Ali,5214,مصاريف أخرى,130.0,,
1845,2026-08-11,قيد يدوي رقم 1845 - أنشئ بواسطة Kashif Ali,110110,المصروفات النثرية مع أولا,,130.0,
1846,2026-08-11,قيد يدوي رقم 1846 - أنشئ بواسطة Kashif Ali,5105,مصاريف وقود سيارات للموظفين,100.0,,
1846,2026-08-11,قيد يدوي رقم 1846 - أنشئ بواسطة Kashif Ali,110110,المصروفات النثرية مع أولا,,100.0,
1815,2026-08-12,قيد يدوي رقم 1815 - أنشئ بواسطة Kashif Ali,110102,عهدة سالم,33100.0,,
1815,2026-08-12,قيد يدوي رقم 1815 - أنشئ بواسطة Kashif Ali,4102,الايرادات من بيع السكراب,,33100.0,
1847,2026-08-12,قيد يدوي رقم 1847 - أنشئ بواسطة Kashif Ali,5105,مصاريف وقود سيارات للموظفين,100.0,,
1847,2026-08-12,قيد يدوي رقم 1847 - أنشئ بواسطة Kashif Ali,110110,المصروفات النثرية مع أولا,,100.0,
1817,2026-08-13,قيد يدوي رقم 1817 - أنشئ بواسطة Kashif Ali,110109,نقداً مع شعيب,200.0,,
1817,2026-08-13,قيد يدوي رقم 1817 - أنشئ بواسطة Kashif Ali,110102,عهدة سالم,,200.0,
1848,2026-08-16,قيد يدوي رقم 1848 - أنشئ بواسطة Kashif Ali,110110,المصروفات النثرية مع أولا,50.0,,
1848,2026-08-16,قيد يدوي رقم 1848 - أنشئ بواسطة Kashif Ali,4201,إيرادات أخرى,,50.0,
1849,2026-08-28,قيد يدوي رقم 1849 - أنشئ بواسطة Kashif Ali,5102,رواتب وأجور,51400.0,,
1849,2026-08-28,قيد يدوي رقم 1849 - أنشئ بواسطة Kashif Ali,110104,عهدة اشرف الصايغ,,1250.0,
1849,2026-08-28,قيد يدوي رقم 1849 - أنشئ بواسطة Kashif Ali,110505,إبراهيم عبد الله (سائق بروكلين),,500.0,
1849,2026-08-28,قيد يدوي رقم 1849 - أنشئ بواسطة Kashif Ali,2103,الرواتب المستحقة,,49650.0,
1832,2026-08-31,قيد يدوي رقم 1832 - أنشئ بواسطة Kashif Ali,5106,مصاريف إيجار أرض المصنع,6822.12,,
1832,2026-08-31,قيد يدوي رقم 1832 - أنشئ بواسطة Kashif Ali,2102,مصروفات مستحقة,,6822.12,
1833,2026-09-30,قيد يدوي رقم 1833 - أنشئ بواسطة Kashif Ali,5106,مصاريف إيجار أرض المصنع,6602.05,,
1833,2026-09-30,قيد يدوي رقم 1833 - أنشئ بواسطة Kashif Ali,2102,مصروفات مستحقة,,6602.05,
